case,line_no,context
2dArrays,32,"L:>this.ships.every : { <S extends Ship>(predicate: (value: Ship, index: number, array: Ship[]) => boolean, thisArg?: any): boolean; (predicate: (value: Ship, index: number, array: Ship[]) => unknown, thisArg?: any): boolean; } || R:>this.ships.every : { <S extends Ship>(predicate: (value: Ship, index: number, array: Ship[]) => value is S, thisArg?: any): this is S[]; (predicate: (value: Ship, index: number, array: Ship[]) => unknown, thisArg?: any): boolean; }"
ClassDeclaration21,8,"L:>0 : 0 || R:>0 : () => any"
ParameterList5,5,"L:>A : () => (B: any) => unresolved || R:>A : () => (B: any) => C"
abstractClassUnionInstantiation,19,"L:>Abstracts : typeof AbstractA | typeof AbstractB || R:>Abstracts : Abstracts"
abstractPropertyBasics(target=es2015),53,"L:>ro : string || R:>ro : 'readonly please'"
abstractPropertyInConstructor,17,"L:>parseInt : (string: string, radix?: number | undefined) => number || R:>parseInt : (string: string, radix?: number) => number"
abstractPropertyNegative(target=es2015),38,"L:>ro : string || R:>ro : 'readonly please'"
acceptSymbolAsWeakType,19,"L:>ws.add : (value: symbol) => this || R:>ws.add : (value: symbol) => WeakSet<symbol>"
accessOverriddenBaseClassMember1,39,"L:>super : Point || R:>super : typeof Point"
accessorDeclarationEmitVisibilityErrors,8,"L:>bet : unresolved || R:>bet : DoesNotExist"
accessorDeclarationOrder,71,"L:>name : void || R:>name : string"
aliasAssignments,3,"L:=== aliasAssignments_moduleA.ts === || R:=== aliasAssignments_1.ts ==="
aliasBug,30,"L:>provide.Provide : typeof foo.Provide || R:>provide.Provide : typeof provide.Provide"
aliasDoesNotDuplicateSignatures,18,"L:>alias : typeof demoNS || R:>alias : typeof alias"
aliasErrors,62,"L:>provide.Provide : typeof foo.Provide || R:>provide.Provide : typeof provide.Provide"
aliasInstantiationExpressionGenericIntersectionNoCrash1,16,"L:>ErrAlias : typeof ErrImpl & (() => U) || R:>ErrAlias : { new (): ErrImpl<U>; prototype: ErrImpl<any>; } & (() => U)"
aliasInstantiationExpressionGenericIntersectionNoCrash2,16,"L:>ClassAlias : { new <T>(): Class<T>; prototype: Class<any>; } || R:>ClassAlias : typeof Class<T>"
aliasOnMergedModuleInterface,3,"L:=== aliasOnMergedModuleInterface_0.ts === || R:=== aliasOnMergedModuleInterface_1.ts ==="
aliasUsedAsNameValue,3,"L:=== aliasUsedAsNameValue_0.ts === || R:=== aliasUsedAsNameValue_2.ts ==="
aliasWithInterfaceExportAssignmentUsedInVarInitializer,3,"L:=== aliasWithInterfaceExportAssignmentUsedInVarInitializer_0.ts === || R:=== aliasWithInterfaceExportAssignmentUsedInVarInitializer_1.ts ==="
allowJsCrossMonorepoPackage,3,"L:=== /node_modules/pkg/index.d.ts === || R:=== /packages/main/index.ts ==="
allowSyntheticDefaultImports1,9,"L:>new Namespace.Foo() : any || R:>new Namespace.Foo() : Namespace.Foo"
allowSyntheticDefaultImports10,3,"L:=== b.d.ts === || R:=== a.ts ==="
allowSyntheticDefaultImportsCanPaintCrossModuleDeclaration,20,"L:>styled : () => Color || R:>styled : () => import('./color').default"
ambientClassDeclarationWithExtends,27,"L:>new D() : any || R:>new D() : D"
ambientConstLiterals,17,"L:>'non identifier' : E.non identifier || R:>'non identifier' : (typeof E)['non identifier']"
ambientEnum1,14,"L:>E2 :  || R:>E2 : E2"
ambientExportDefaultErrors,3,"L:=== foo.d.ts === || R:=== consumer.ts ==="
ambientModuleWithTemplateLiterals,35,"L:>a : 'string' || R:>a : Bar.a"
ambientModules,12,"L:>Foo.Bar : typeof Bar || R:>Foo.Bar : typeof Foo.Bar"
ambiguousGenericAssertion1,22,"L:> <<T>(x : boolean || R:><<T>(x : boolean"
anonterface,11,"L:>m : (fn: (n: number) => string, n2: number) => string || R:>m : (fn: { (n: number): string; }, n2: number) => string"
anyAndUnknownHaveFalsyComponents,28,"L:>...(isTreeHeader1 && {      display: 'flex',    }) : any || R:>(isTreeHeader1 && {      display: 'flex',    }) : any"
anyPlusAny1,11,"L:>name : void || R:>name : any"
arguments,14,"L:>(() => arguments)() : any || R:>(() => arguments)() : IArguments"
argumentsAsPropertyName2,23,"L:>[].forEach : (callbackfn: (value: undefined, index: number, array: undefined[]) => void, thisArg?: any) => void || R:>[].forEach : (callbackfn: (value: any, index: number, array: any[]) => void, thisArg?: any) => void"
argumentsBindsToFunctionScopeArgumentList(alwaysstrict=true),14,"L:>arguments : number || R:>arguments : IArguments"
argumentsObjectIterator01_ES5(target=es2015),19,"L:>result.push(arg + arg) : any || R:>result.push(arg + arg) : number"
argumentsObjectIterator01_ES6,19,"L:>result.push(arg + arg) : any || R:>result.push(arg + arg) : number"
argumentsObjectIterator02_ES5(target=es2015),28,"L:>result.push(arg + arg) : any || R:>result.push(arg + arg) : number"
argumentsObjectIterator02_ES6,28,"L:>result.push(arg + arg) : any || R:>result.push(arg + arg) : number"
argumentsObjectIterator03_ES5(target=es2015),11,"L:>[x, y, z] : any || R:>x : any"
argumentsObjectIterator03_ES6,11,"L:>[x, y, z] : any || R:>x : any"
argumentsReferenceInFunction1_Js,5,"L:>format : (f: any) => '' || R:>format : (f: any) => string"
argumentsSpreadRestIterables(target=esnext),9,"L:>(function(...rest) {}) : (...rest: any) => void || R:>(function(...rest) {}) : (...rest: number[]) => void"
argumentsUsedInClassFieldInitializerOrStaticInitializationBlock,12,"L:>a : IArguments || R:>a : any"
argumentsUsedInObjectLiteralProperty,8,"L:>createSelectableViewModel : (initialState?: any, selectedValue?: any) => { selectedValue: any; } || R:>createSelectableViewModel : (initialState?: any, selectedValue?: any) => { selectedValue: number; }"
arityErrorRelatedSpanBindingPattern,5,"L:>foo : (a: any, b: any, __2: any) => void || R:>foo : (a: any, b: any, { c }: { c: any; }) => void"
arrayAssignmentTest5,62,"L:>tokens : IStateToken[] || R:>tokens : IToken[]"
arrayBestCommonTypes,23,"L:>voidIfAny : { (x: boolean, y?: boolean | undefined): number; (x: string, y?: boolean | undefined): number; (x: number, y?: boolean | undefined): number; } || R:>voidIfAny : { (x: boolean, y?: boolean): number; (x: string, y?: boolean): number; (x: number, y?: boolean): number; }"
arrayBufferIsViewNarrowsType,9,"L:>ArrayBuffer.isView : (arg: any) => boolean || R:>ArrayBuffer.isView : (arg: any) => arg is ArrayBufferView"
arrayCast,18,"L:>[{ foo: 's' }, {}] : {}[] || R:>[{ foo: 's' }, {}] : ({ foo: string; } | {})[]"
arrayConcat3,11,"L:>a : (Fn<T>)[] || R:>a : Fn<T>[]"
arrayDestructuringInSwitch1,8,"L:>BooleanLogicExpression : ['and', ...any] | ['not', any] || R:>BooleanLogicExpression : BooleanLogicExpression"
arrayDestructuringInSwitch2,5,"L:>X : { kind: 'a'; a: [1]; } | { kind: 'b'; a: []; } || R:>X : X"
arrayEvery,10,"L:>isString : (x: unknown) => boolean || R:>isString : (x: unknown) => x is string"
arrayFakeFlatNoCrashInferenceDeclarations,5,"L:>BadFlatArray : { done: Arr; recur: Arr extends readonly InnerArr[] ? { done: InnerArr; recur: Arr extends readonly InnerArr[] ? ... : Arr; }[Depth extends -1 ? 'done' : 'recur'] : Arr; }[Depth extends -1 ? 'done' : 'recur'] || R:>BadFlatArray : { done: Arr; recur: Arr extends ReadonlyArray<infer InnerArr> ? BadFlatArray<InnerArr, [-1, 0, 1, 2, 3, 4, 5, 6, 7, 8, 9, 10, 11, 12, 13, 14, 15, 16, 17, 18, 19, 20][Depth]> : Arr; }[Depth extends -1 ? 'done' : 'recur']"
arrayFilter,5,"L:>foo : ({ name: string; } | { name: any; })[] || R:>foo : ({ name: string; } | { name: null; })[]"
arrayFind,6,"L:>isNumber : (x: any) => boolean || R:>isNumber : (x: any) => x is number"
arrayFlatMap,14,"L:>array.flatMap : <U, This>(callback: (this: This, value: number, index: number, array: number[]) => U | readonly U[], thisArg?: This | undefined) => U[] || R:>array.flatMap : <U, This = undefined>(callback: (this: This, value: number, index: number, array: number[]) => U | readonly U[], thisArg?: This | undefined) => U[]"
arrayFlatNoCrashInference,5,"L:>foo : <T>(arr: T[], depth: number) => unknown[] || R:>foo : <T>(arr: T[], depth: number) => FlatArray<T, -1 | 0 | 1 | 2 | 3 | 4 | 5 | 6 | 7 | 8 | 9 | 10 | 11 | 12 | 13 | 14 | 15 | 16 | 17 | 18 | 19 | 20>[]"
arrayFlatNoCrashInferenceDeclarations,5,"L:>foo : <T>(arr: T[], depth: number) => unknown[] || R:>foo : <T>(arr: T[], depth: number) => FlatArray<T, -1 | 0 | 1 | 2 | 3 | 4 | 5 | 6 | 7 | 8 | 9 | 10 | 11 | 12 | 13 | 14 | 15 | 16 | 17 | 18 | 19 | 20>[]"
arrayFrom,46,"L:>Array.from : { <T>(arrayLike: ArrayLike<T>): T[]; <T, U>(arrayLike: ArrayLike<T>, mapfn: (v: T, k: number) => U, thisArg?: any): U[]; <T>(iterable: ArrayLike<T> | Iterable<T>): T[]; <T, U>(iterable: ArrayLike<T> | Iterable<T>, mapfn: (v: T, k: number) => U, thisArg?: any): U[]; } || R:>Array.from : { <T>(arrayLike: ArrayLike<T>): T[]; <T, U>(arrayLike: ArrayLike<T>, mapfn: (v: T, k: number) => U, thisArg?: any): U[]; <T>(iterable: Iterable<T> | ArrayLike<T>): T[]; <T, U>(iterable: Iterable<T> | ArrayLike<T>, mapfn: (v: T, k: number) => U, thisArg?: any): U[]; }"
arrayFromAsync,55,"L:>0 : 0 || R:>0 : Promise<number>"
arrayIndexWithArrayFails,11,"L:>j : number || R:>j : any"
arrayIterationLibES5TargetDifferent(nolib=true,target=es2015),10,"L:>[1, 2, 3] : any || R:>[1, 2, 3] : {}"
arrayIterationLibES5TargetDifferent(nolib=true,target=esnext),10,"L:>[1, 2, 3] : any || R:>[1, 2, 3] : {}"
arrayLiteralComments,5,"L:>testArrayWithFunc : (string | number | number[] | { a: number; } | (() => void))[] || R:>testArrayWithFunc : (string | number | number[] | (() => void) | { a: number; })[]"
arrayLiteralContextualType,45,"L:>[    new Giraffe(),    new Elephant()] : (Giraffe | Elephant)[] || R:>[    new Giraffe(),    new Elephant()] : (Elephant | Giraffe)[]"
arrayOfExportedClass,3,"L:=== arrayOfExportedClass_0.ts === || R:=== arrayOfExportedClass_1.ts ==="
arraySigChecking,23,"L:>foo : { [index: any]: any; } || R:>foo : {}"
arraySlice,8,"L:>arr.splice(1, 1) : any || R:>arr.splice(1, 1) : string[] | number[]"
arrayToLocaleStringES2015,18,"L:>arr.toLocaleString : { (): string; (locales: string | string[], options?: Intl.NumberFormatOptions & Intl.DateTimeFormatOptions | undefined): string; } || R:>arr.toLocaleString : { (): string; (locales: string | string[], options?: Intl.NumberFormatOptions & Intl.DateTimeFormatOptions): string; }"
arrayToLocaleStringES2020,18,"L:>arr.toLocaleString : { (): string; (locales: string | string[], options?: Intl.NumberFormatOptions & Intl.DateTimeFormatOptions | undefined): string; } || R:>arr.toLocaleString : { (): string; (locales: string | string[], options?: Intl.NumberFormatOptions & Intl.DateTimeFormatOptions): string; }"
arrayToLocaleStringES5(target=es2015),18,"L:>arr.toLocaleString : { (): string; (locales: string | string[], options?: Intl.NumberFormatOptions & Intl.DateTimeFormatOptions | undefined): string; } || R:>arr.toLocaleString : { (): string; (locales: string | string[], options?: Intl.NumberFormatOptions & Intl.DateTimeFormatOptions): string; }"
arrayTypeInSignatureOfInterfaceAndClass,11,"L:>then : <U>(success?: ((value: T) => Promise<U>) | undefined, error?: ((error: any) => Promise<U>) | undefined, progress?: ((progress: any) => void) | undefined) => Promise<U> || R:>then : <U>(success?: (value: T) => Promise<U>, error?: (error: any) => Promise<U>, progress?: (progress: any) => void) => Promise<U>"
arrayconcat,43,"L:>this.options.sort : (compareFn?: ((a: IOptions, b: IOptions) => number) | undefined) => this || R:>this.options.sort : (compareFn?: ((a: IOptions, b: IOptions) => number) | undefined) => IOptions[]"
arrowFunctionParsingDoesNotConfuseParenthesizedObjectForArrowHead,12,"L:>test : () => { prop: boolean; run: () => 'special' | 'default'; } || R:>test : () => { prop: boolean; run: () => 'default' | 'special'; }"
arrowFunctionParsingGenericInObject,5,"L:>fn1 : () => { test: <T>(value: T) => T; extraValue: () => void; } || R:>fn1 : () => { test: <T = undefined>(value: T) => T; extraValue: () => void; }"
assertionFunctionWildcardImport1,5,"L:>Debug : typeof import('debug') || R:>Debug : typeof Debug"
assertionFunctionWildcardImport2,5,"L:>isNonNullable : <T>(obj: T) => void || R:>isNonNullable : <T>(obj: T) => asserts obj is NonNullable<T>"
assertionFunctionsCanNarrowByDiscriminant,23,"L:>Animal : Cat | Dog || R:>Animal : Animal"
assertionWithNoArgument,5,"L:>assertWeird : (value?: string | undefined) => void || R:>assertWeird : (value?: string) => asserts value"
assertsPredicateParameterMismatch,9,"L:>assertCondition : (_condition: boolean) => void || R:>assertCondition : (_condition: boolean) => asserts condition"
assignToEnum,22,"L:>A.foo : A.foo || R:>A.foo : any"
assignmentCompatBug2,28,"L:>b3 : { f(n: number): number; g(s: string): number; m: number; n?: number | undefined; k?(a: any): any; } || R:>b3 : { f(n: number): number; g(s: string): number; m: number; n?: number; k?(a: any): any; }"
assignmentCompatBug5,28,"L:>foo3 : (x: (n: number) =>number) => void || R:>foo3 : (x: (n: number) => number) => void"
assignmentCompatFunctionsWithOptionalArgs,5,"L:>foo : (x: { id: number; name?: string | undefined; }) => void || R:>foo : (x: { id: number; name?: string; }) => void"
assignmentCompatOnNew,8,"L:>bar : (x: new () => Foo) => void || R:>bar : (x: { new (): Foo; }) => void"
assignmentCompatability45,16,"L:>super : A || R:>super : typeof A"
assignmentIndexedToPrimitives,50,"L:>0 : 0 || R:>0 : number"
assignmentNestedInLiterals,10,"L:>target = [x = 1, y = x] : any[] || R:>target = [x = 1, y = x] : number[]"
assignmentToConditionalBrandedStringTemplateOrMapping,5,"L:>a : <T>() => T extends `${'a' & { a: 1; }}` ? 1 : 2 || R:>a : <T>() => T extends `${'a' & { a: 1; }}` ? 1 : 2"
assignmentToFunction,9,"L:>fn : () => void || R:>fn : any"
assignmentToInstantiationExpression,5,"L:>obj : { fn?: (<T>() => T) | undefined; } || R:>obj : { fn?: <T>() => T; }"
assignmentToObjectAndFunction,12,"L:>{    toString(x?) {        return '';    }} : { toString(x: any): string; } || R:>{    toString(x?) {        return '';    }} : { toString(x?: any): string; }"
assignmentToParenthesizedExpression1,9,"L:>(1, x) : any || R:>(1, x) : undefined"
assignmentToReferenceTypes,20,"L:>E :  || R:>E : E"
asyncArrowInClassES5(target=es2015),12,"L:>(x: string) => { } : (x: string) => Promise<void> || R:>async (x: string) => { } : (x: string) => Promise<void>"
asyncAwaitWithCapturedBlockScopeVar(target=es2015),25,"L:>ar.push(() => i) : any || R:>ar.push(() => i) : number"
asyncDestructuringArgumentsProperty,8,"L:>{ arguments: args } : any || R:>arguments : any"
asyncFunctionContextuallyTypedReturns,6,"L:>cb : (v: boolean) => PromiseLike<[0]> | [0] || R:>cb : (v: boolean) => [0] | PromiseLike<[0]>"
asyncFunctionNoReturnType,5,"L:>() => {    if (window)        return;} : () => Promise<void> || R:>async () => {    if (window)        return;} : () => Promise<void>"
asyncFunctionReturnType.2,10,"L:>(): Promise<this> => this : () => Promise<this> || R:>async (): Promise<this> => this : () => Promise<this>"
asyncFunctionReturnType,34,"L:>fIndexedTypeForStringProp : (obj: Obj) => Promise<string> || R:>fIndexedTypeForStringProp : (obj: Obj) => Promise<Obj['stringProp']>"
asyncFunctionTempVariableScoping(target=es2015),7,"L:>({ foo, bar, ...rest }) => bar(await foo) : (__0: any) => Promise<any> || R:>async ({ foo, bar, ...rest }) => bar(await foo) : ({ foo, bar, ...rest }: { [x: string]: any; bar: any; foo: any; }) => Promise<any>"
asyncFunctionsAcrossFiles,13,"L:>() => {        await b.f();    } : () => Promise<void> || R:>async () => {        await b.f();    } : () => Promise<void>"
asyncFunctionsAndStrictNullChecks,7,"L:>then : { <U>(success?: ((value: TResult) => IPromise<U>) | undefined, error?: ((error: any) => IPromise<U>) | undefined, progress?: ((progress: any) => void) | undefined): IPromise<U>; <U>(success?: ((value: TResult) => IPromise<U>) | undefined, error?: ((error: any) => U) | undefined, progress?: ((progress: any) => void) | undefined): IPromise<U>; <U>(success?: ((value: TResult) => U) | undefined, error?: ((error: any) => IPromise<U>) | undefined, progress?: ((progress: any) => void) | undefined): IPromise<U>; <U>(success?: ((value: TResult) => U) | undefined, error?: ((error: any) => U) | undefined, progress?: ((progress: any) => void) | undefined): IPromise<U>; } || R:>then : { <U>(success?: (value: TResult) => IPromise<U>, error?: (error: any) => IPromise<U>, progress?: (progress: any) => void): IPromise<U>; <U_1>(success?: (value: TResult) => IPromise<U_1>, error?: (error: any) => U_1, progress?: (progress: any) => void): IPromise<U_1>; <U_1>(success?: (value: TResult) => U_1, error?: (error: any) => IPromise<U_1>, progress?: (progress: any) => void): IPromise<U_1>; <U_1>(success?: (value: TResult) => U_1, error?: (error: any) => U_1, progress?: (progress: any) => void): IPromise<U_1>; }"
asyncIIFE,10,"L:>() => {        await 10        throw new Error();    } : () => Promise<never> || R:>async () => {        await 10        throw new Error();    } : () => Promise<never>"
asyncImportNestedYield,5,"L:>foo : () => AsyncGenerator<string, void, unknown> || R:>foo : () => AsyncGenerator<string, void, string>"
asyncJsxArgumentsAttributeName,13,"L:><div arguments={42} /> : any || R:><div arguments={42} /> : error"
asyncYieldStarContextualType,25,"L:>BookWithAuthor : Book & { author: Author; } || R:>BookWithAuthor : BookWithAuthor"
augmentExportEquals1,3,"L:=== file1.ts === || R:=== file3.ts ==="
augmentExportEquals2,5,"L:=== file3.ts === || R:import x = require('./file1');"
augmentExportEquals3,19,"L:>x : typeof foo || R:>x : typeof x"
augmentExportEquals4,5,"L:>foo : foo || R:>foo : import('./file1')"
augmentExportEquals5,110,"L:>e : typeof import('express') || R:>e : typeof e"
augmentExportEquals6,5,"L:>foo : foo || R:>foo : import('./file1')"
augmentExportEquals7,13,"L:>lib : typeof import('index') || R:>lib : { default: () => void; }"
augmentedTypesEnum,67,"L:>e6a : e6a || R:>e6a : typeof e6a"
augmentedTypesEnum3,11,"L:>E :  || R:>E : E"
augmentedTypesModules,170,"L:>m4 :  || R:>m4 : m4"
augmentedTypesModules4,8,"L:>m4 :  || R:>m4 : m4"
autolift3,45,"L:>fso.toString : (radix?: number | undefined) => string || R:>fso.toString : (radix?: number) => string"
autolift4,56,"L:>super : Point || R:>super : typeof Point"
avoidCycleWithVoidExpressionReturnedFromArrow,11,"L:>onplayerror : (HowlErrorCallback) | undefined || R:>onplayerror : HowlErrorCallback | undefined"
avoidNarrowingUsingConstVariableFromBindingElementWithLiteralInitializer,8,"L:>test : (arg: { index?: number | undefined; }) => void || R:>test : (arg: { index?: number; }) => void"
awaitInNamespaceExportedClassComputedProperty,12,"L:>[await x] : any || R:>[await x] : () => void"
awaitUnionPromise,41,"L:>x.next2() : Promise<AsyncEnumeratorDone> | Promise<number> || R:>x.next2() : Promise<number> | Promise<AsyncEnumeratorDone>"
awaitedType,14,"L:>T4 : string | number || R:>T4 : T4"
awaitedTypeJQuery,14,"L:>then : { <ARD, AJD, AND, BRD, BJD, BND, CRD, CJD, CND, RRD, RJD, RND, ARF, AJF, ANF, BRF, BJF, BNF, CRF, CJF, CNF, RRF, RJF, RNF, ARP, AJP, ANP, BRP, BJP, BNP, CRP, CJP, CNP, RRP, RJP, RNP>(doneFilter: (t: TR, u: UR, v: VR, ...s: SR[]) => ARD | PromiseBase<ARD, AJD, AND, BRD, BJD, BND, CRD, CJD, CND, RRD, RJD, RND> | Thenable<ARD>, failFilter: (t: TJ, u: UJ, v: VJ, ...s: SJ[]) => ARF | PromiseBase<ARF, AJF, ANF, BRF, BJF, BNF, CRF, CJF, CNF, RRF, RJF, RNF> | Thenable<ARF>, progressFilter: (t: TN, u: UN, v: VN, ...s: SN[]) => ANP | PromiseBase<ARP, AJP, ANP, BRP, BJP, BNP, CRP, CJP, CNP, RRP, RJP, RNP> | Thenable<ANP>): PromiseBase<ARD | ARF | ARP, AJD | AJF | AJP, AND | ANF | ANP, BRD | BRF | BRP, BJD | BJF | BJP, BND | BNF | BNP, CRD | CRF | CRP, CJD | CJF | CJP, CND | CNF | CNP, RRD | RRF | RRP, RJD | RJF | RJP, RND | RNF | RNP>; <ARF, AJF, ANF, BRF, BJF, BNF, CRF, CJF, CNF, RRF, RJF, RNF, ARP, AJP, ANP, BRP, BJP, BNP, CRP, CJP, CNP, RRP, RJP, RNP>(doneFilter: null, failFilter: (t: TJ, u: UJ, v: VJ, ...s: SJ[]) => ARF | PromiseBase<ARF, AJF, ANF, BRF, BJF, BNF, CRF, CJF, CNF, RRF, RJF, RNF> | Thenable<ARF>, progressFilter: (t: TN, u: UN, v: VN, ...s: SN[]) => ANP | PromiseBase<ARP, AJP, ANP, BRP, BJP, BNP, CRP, CJP, CNP, RRP, RJP, RNP> | Thenable<ANP>): PromiseBase<ARF | ARP, AJF | AJP, ANF | ANP, BRF | BRP, BJF | BJP, BNF | BNP, CRF | CRP, CJF | CJP, CNF | CNP, RRF | RRP, RJF | RJP, RNF | RNP>; <ARP, AJP, ANP, BRP, BJP, BNP, CRP, CJP, CNP, RRP, RJP, RNP>(doneFilter: null, failFilter: null, progressFilter?: (t: TN, u: UN, v: VN, ...s: SN[]) => ANP | PromiseBase<ARP, AJP, ANP, BRP, BJP, BNP, CRP, CJP, CNP, RRP, RJP, RNP> | Thenable<ANP>): PromiseBase<ARP, AJP, ANP, BRP, BJP, BNP, CRP, CJP, CNP, RRP, RJP, RNP>; <ARD, AJD, AND, BRD, BJD, BND, CRD, CJD, CND, RRD, RJD, RND, ARF, AJF, ANF, BRF, BJF, BNF, CRF, CJF, CNF, RRF, RJF, RNF>(doneFilter: (t: TR, u: UR, v: VR, ...s: SR[]) => ARD | PromiseBase<ARD, AJD, AND, BRD, BJD, BND, CRD, CJD, CND, RRD, RJD, RND> | Thenable<ARD>, failFilter: (t: TJ, u: UJ, v: VJ, ...s: SJ[]) => ARF | PromiseBase<ARF, AJF, ANF, BRF, BJF, BNF, CRF, CJF, CNF, RRF, RJF, RNF> | Thenable<ARF>, progressFilter?: null): PromiseBase<ARD | ARF, AJD | AJF, AND | ANF, BRD | BRF, BJD | BJF, BND | BNF, CRD | CRF, CJD | CJF, CND | CNF, RRD | RRF, RJD | RJF, RND | RNF>; <ARF, AJF, ANF, BRF, BJF, BNF, CRF, CJF, CNF, RRF, RJF, RNF>(doneFilter: null, failFilter: (t: TJ, u: UJ, v: VJ, ...s: SJ[]) => ARF | PromiseBase<ARF, AJF, ANF, BRF, BJF, BNF, CRF, CJF, CNF, RRF, RJF, RNF> | Thenable<ARF>, progressFilter?: null): PromiseBase<ARF, AJF, ANF, BRF, BJF, BNF, CRF, CJF, CNF, RRF, RJF, RNF>; <ARD, AJD, AND, BRD, BJD, BND, CRD, CJD, CND, RRD, RJD, RND>(doneFilter: (t: TR, u: UR, v: VR, ...s: SR[]) => ARD | PromiseBase<ARD, AJD, AND, BRD, BJD, BND, CRD, CJD, CND, RRD, RJD, RND> | Thenable<ARD>, failFilter?: null, progressFilter?: null): PromiseBase<ARD, AJD, AND, BRD, BJD, BND, CRD, CJD, CND, RRD, RJD, RND>; } || R:>then : { <ARD = never, AJD = never, AND = never, BRD = never, BJD = never, BND = never, CRD = never, CJD = never, CND = never, RRD = never, RJD = never, RND = never, ARF = never, AJF = never, ANF = never, BRF = never, BJF = never, BNF = never, CRF = never, CJF = never, CNF = never, RRF = never, RJF = never, RNF = never, ARP = never, AJP = never, ANP = never, BRP = never, BJP = never, BNP = never, CRP = never, CJP = never, CNP = never, RRP = never, RJP = never, RNP = never>(doneFilter: (t: TR, u: UR, v: VR, ...s: SR[]) => PromiseBase<ARD, AJD, AND, BRD, BJD, BND, CRD, CJD, CND, RRD, RJD, RND> | Thenable<ARD> | ARD, failFilter: (t: TJ, u: UJ, v: VJ, ...s: SJ[]) => PromiseBase<ARF, AJF, ANF, BRF, BJF, BNF, CRF, CJF, CNF, RRF, RJF, RNF> | Thenable<ARF> | ARF, progressFilter: (t: TN, u: UN, v: VN, ...s: SN[]) => PromiseBase<ARP, AJP, ANP, BRP, BJP, BNP, CRP, CJP, CNP, RRP, RJP, RNP> | Thenable<ANP> | ANP): PromiseBase<ARD | ARF | ARP, AJD | AJF | AJP, AND | ANF | ANP, BRD | BRF | BRP, BJD | BJF | BJP, BND | BNF | BNP, CRD | CRF | CRP, CJD | CJF | CJP, CND | CNF | CNP, RRD | RRF | RRP, RJD | RJF | RJP, RND | RNF | RNP>; <ARF_1 = never, AJF_1 = never, ANF_1 = never, BRF_1 = never, BJF_1 = never, BNF_1 = never, CRF_1 = never, CJF_1 = never, CNF_1 = never, RRF_1 = never, RJF_1 = never, RNF_1 = never, ARP_1 = never, AJP_1 = never, ANP_1 = never, BRP_1 = never, BJP_1 = never, BNP_1 = never, CRP_1 = never, CJP_1 = never, CNP_1 = never, RRP_1 = never, RJP_1 = never, RNP_1 = never>(doneFilter: null, failFilter: (t: TJ, u: UJ, v: VJ, ...s: SJ[]) => PromiseBase<ARF_1, AJF_1, ANF_1, BRF_1, BJF_1, BNF_1, CRF_1, CJF_1, CNF_1, RRF_1, RJF_1, RNF_1> | Thenable<ARF_1> | ARF_1, progressFilter: (t: TN, u: UN, v: VN, ...s: SN[]) => PromiseBase<ARP_1, AJP_1, ANP_1, BRP_1, BJP_1, BNP_1, CRP_1, CJP_1, CNP_1, RRP_1, RJP_1, RNP_1> | Thenable<ANP_1> | ANP_1): PromiseBase<ARF_1 | ARP_1, AJF_1 | AJP_1, ANF_1 | ANP_1, BRF_1 | BRP_1, BJF_1 | BJP_1, BNF_1 | BNP_1, CRF_1 | CRP_1, CJF_1 | CJP_1, CNF_1 | CNP_1, RRF_1 | RRP_1, RJF_1 | RJP_1, RNF_1 | RNP_1>; <ARP_1 = never, AJP_1 = never, ANP_1 = never, BRP_1 = never, BJP_1 = never, BNP_1 = never, CRP_1 = never, CJP_1 = never, CNP_1 = never, RRP_1 = never, RJP_1 = never, RNP_1 = never>(doneFilter: null, failFilter: null, progressFilter?: (t: TN, u: UN, v: VN, ...s: SN[]) => PromiseBase<ARP_1, AJP_1, ANP_1, BRP_1, BJP_1, BNP_1, CRP_1, CJP_1, CNP_1, RRP_1, RJP_1, RNP_1> | Thenable<ANP_1> | ANP_1): PromiseBase<ARP_1, AJP_1, ANP_1, BRP_1, BJP_1, BNP_1, CRP_1, CJP_1, CNP_1, RRP_1, RJP_1, RNP_1>; <ARD_1 = never, AJD_1 = never, AND_1 = never, BRD_1 = never, BJD_1 = never, BND_1 = never, CRD_1 = never, CJD_1 = never, CND_1 = never, RRD_1 = never, RJD_1 = never, RND_1 = never, ARF_1 = never, AJF_1 = never, ANF_1 = never, BRF_1 = never, BJF_1 = never, BNF_1 = never, CRF_1 = never, CJF_1 = never, CNF_1 = never, RRF_1 = never, RJF_1 = never, RNF_1 = never>(doneFilter: (t: TR, u: UR, v: VR, ...s: SR[]) => PromiseBase<ARD_1, AJD_1, AND_1, BRD_1, BJD_1, BND_1, CRD_1, CJD_1, CND_1, RRD_1, RJD_1, RND_1> | Thenable<ARD_1> | ARD_1, failFilter: (t: TJ, u: UJ, v: VJ, ...s: SJ[]) => PromiseBase<ARF_1, AJF_1, ANF_1, BRF_1, BJF_1, BNF_1, CRF_1, CJF_1, CNF_1, RRF_1, RJF_1, RNF_1> | Thenable<ARF_1> | ARF_1, progressFilter?: null): PromiseBase<ARD_1 | ARF_1, AJD_1 | AJF_1, AND_1 | ANF_1, BRD_1 | BRF_1, BJD_1 | BJF_1, BND_1 | BNF_1, CRD_1 | CRF_1, CJD_1 | CJF_1, CND_1 | CNF_1, RRD_1 | RRF_1, RJD_1 | RJF_1, RND_1 | RNF_1>; <ARF_1 = never, AJF_1 = never, ANF_1 = never, BRF_1 = never, BJF_1 = never, BNF_1 = never, CRF_1 = never, CJF_1 = never, CNF_1 = never, RRF_1 = never, RJF_1 = never, RNF_1 = never>(doneFilter: null, failFilter: (t: TJ, u: UJ, v: VJ, ...s: SJ[]) => PromiseBase<ARF_1, AJF_1, ANF_1, BRF_1, BJF_1, BNF_1, CRF_1, CJF_1, CNF_1, RRF_1, RJF_1, RNF_1> | Thenable<ARF_1> | ARF_1, progressFilter?: null): PromiseBase<ARF_1, AJF_1, ANF_1, BRF_1, BJF_1, BNF_1, CRF_1, CJF_1, CNF_1, RRF_1, RJF_1, RNF_1>; <ARD_1 = never, AJD_1 = never, AND_1 = never, BRD_1 = never, BJD_1 = never, BND_1 = never, CRD_1 = never, CJD_1 = never, CND_1 = never, RRD_1 = never, RJD_1 = never, RND_1 = never>(doneFilter: (t: TR, u: UR, v: VR, ...s: SR[]) => PromiseBase<ARD_1, AJD_1, AND_1, BRD_1, BJD_1, BND_1, CRD_1, CJD_1, CND_1, RRD_1, RJD_1, RND_1> | Thenable<ARD_1> | ARD_1, failFilter?: null, progressFilter?: null): PromiseBase<ARD_1, AJD_1, AND_1, BRD_1, BJD_1, BND_1, CRD_1, CJD_1, CND_1, RRD_1, RJD_1, RND_1>; }"
awaitedTypeNoLib,41,"L:>this.resolvePromise : <TResult>(result: Thenable<TResult>, resolve: Receiver<TResult>) => void || R:>this.resolvePromise : <TResult_1>(result: Thenable<TResult_1>, resolve: Receiver<TResult_1>) => void"
awaitedTypeStrictNull,14,"L:>T4 : string | number || R:>T4 : T4"
backslashBeforeNonSpecialChar,9,"L:>'\€' : '\€' || R:>'\€' : '€'"
badExternalModuleReference,8,"L:>a : { (): any; test1: any; } || R:>a : { (): a1.connectExport; test1: a1.connectModule; }"
badInferenceLowerPriorityThanGoodInference,23,"L:>() => ({    a: { BLAH: 33 },    b: x => { }}) : () => { a: { BLAH: number; }; b: (x: unknown) => void; } || R:>() => ({    a: { BLAH: 33 },    b: x => { }}) : () => { a: { BLAH: number; }; b: (x: { BLAH: number; }) => void; }"
baseCheck,18,"L:>super : C || R:>super : typeof C"
baseClassImprovedMismatchErrors,25,"L:>fn : () => string | number || R:>fn : () => number | string"
baseConstraintOfDecorator,47,"L:>class decoratorFunc extends superClass {        constructor(...args: any[]) {            super(...args);            _instanceModifier(this, args);        }    } : typeof decoratorFunc || R:>class decoratorFunc extends superClass {        constructor(...args: any[]) {            super(...args);            _instanceModifier(this, args);        }    } : { new (...args: any[]): decoratorFunc; prototype: classExtender2.decoratorFunc; } & TFunction"
baseExpressionTypeParameters,21,"L:>base<T>() : base<unresolved> || R:>base<T>() : base.Base"
bestChoiceType,7,"L:>(''.match(/ /) || []).map(s => s.toLowerCase()) : any || R:>(''.match(/ /) || []).map(s => s.toLowerCase()) : string[]"
bestCommonTypeReturnStatement,6,"L:>then : (successCallback: (promiseValue: T) => any, errorCallback?: ((reason: any) => any) | undefined) => IPromise<any> || R:>then : (successCallback: (promiseValue: T) => any, errorCallback?: (reason: any) => any) => IPromise<any>"
betterErrorForAccidentalCall,15,"L:>toString : () => string || R:>toString : any"
bigint64ArraySubarray,15,"L:>arr.subarray : (begin?: number | undefined, end?: number | undefined) => BigInt64Array<ArrayBuffer> || R:>arr.subarray : (begin?: number, end?: number) => BigInt64Array<ArrayBuffer>"
bigintArbirtraryIdentifier,22,"L:>0n as foo : unresolved || R:>0n as foo : foo"
bigintIndex,30,"L:>num = arr[1n] : number || R:>num = arr[1n] : any"
bigintPropertyName,8,"L:>1n : 1n || R:>1n : number"
bigintWithLib,31,"L:>0xFFFF : 65535n || R:>0xFFFFn : 65535n"
bigintWithoutLib(target=es2015),33,"L:>0xFFFF : 65535n || R:>0xFFFFn : 65535n"
binaryArithmatic3,7,"L: || R:>undefined : undefined"
binaryArithmeticControlFlowGraphNotTooLarge,16768,"L:>a + 1732584193 : any || R:>a + 1732584193 : number"
bindingPatternCannotBeOnlyInferenceSource,9,"L:>f() : unknown || R:>f : <T>() => T"
bindingPatternContextualTypeDoesNotCauseWidening,5,"L:>pick : <O, T extends keyof O>(keys: T[], obj?: O | undefined) => Pick<O, T> || R:>pick : <O, T extends keyof O>(keys: T[], obj?: O) => Pick<O, T>"
bindingPatternInParameter01,21,"L:>([[a, b]]) => {  console.log(a, b);} : (__0: number[][]) => void || R:>([[a, b]]) => {  console.log(a, b);} : ([[a, b]]: number[][]) => void"
bindingPatternOmittedExpressionNesting,9,"L:>undefined as any : any || R:<EOF>"
bindingPatternOptionalParameterCached,22,"L:>m : (__0?: { x: boolean; } | undefined) => void || R:>m : ({ x }?: { x: boolean; }) => void"
bitwiseCompoundAssignmentOperators,15,"L:>a : boolean || R:>a : true"
blockScopedBindingUsedBeforeDef,6,"L:>{[a]: a} : any || R:>a : any"
blockScopedBindingsReassignedInLoop6,8,"L:>[x, y] : any || R:>x : number"
blockScopedEnumVariablesUseBeforeDef(target=es2015),5,"L:>foo1 : () => E.A | undefined || R:>foo1 : () => E"
blockScopedEnumVariablesUseBeforeDef_isolatedModules(target=es2015),5,"L:>foo1 : () => E.A | undefined || R:>foo1 : () => E"
blockScopedEnumVariablesUseBeforeDef_preserve(target=es2015),5,"L:>foo1 : () => E.A | undefined || R:>foo1 : () => E"
blockScopedEnumVariablesUseBeforeDef_verbatimModuleSyntax(target=es2015),5,"L:>foo1 : () => E.A | undefined || R:>foo1 : () => E"
blockedScopeVariableNotUnused1,12,"L:>(() => numFilesSelected)() : 1 || R:>(() => numFilesSelected)() : number"
bluebirdStaticThis,15,"L:>thenableOrResult : R | Thenable<R> || R:>thenableOrResult : R | Promise.Thenable<R>"
booleanFilterAnyArray,16,"L:>filter : { <S extends T>(cb1: (value: T) => boolean): T extends any ? Ari<any> : Ari<S>; (cb2: (value: T) => unknown): Ari<T>; } || R:>filter : { <S extends T>(cb1: (value: T) => value is S): T extends any ? Ari<any> : Ari<S>; (cb2: (value: T) => unknown): Ari<T>; }"
booleanLiteralsContextuallyTypedFromUnion,4,"L:/// <reference path='/.lib/react.d.ts' /> || R:/// <reference path='react.d.ts' />"
builtinIterator,5,"L:>iterator : IteratorObject<unknown, undefined, unknown> || R:>iterator : IteratorObject<number, undefined, unknown>"
callOfConditionalTypeWithConcreteBranches,26,"L:>m.toFixed : (fractionDigits?: number | undefined) => string || R:>m.toFixed : (fractionDigits?: number) => string"
callSignatureFunctionOverload,5,"L:>foo : { (name: string): string; (name: 'order'): string; (name: 'content'): string; (name: 'done'): string; } || R:>foo : { (name: string): string; (name: 'order'): string; (name: 'content'): string; (name: 'done'): string; }"
callbacksDontShareTypes,18,"L:>map : { <T, U>(c: Collection<T>, f: (x: T) => U): Collection<U>; <T>(c: Collection<T>, f: (x: T) => any): Collection<any>; } || R:>map : { <T, U>(c: Collection<T>, f: (x: T) => U): Collection<U>; <T_1>(c: Collection<T_1>, f: (x: T_1) => any): Collection<any>; }"
cannotIndexGenericWritingError,20,"L:>foo2 : <T extends number[] & { [s: string]: string | number; }>(target: T, p: string | number) => void || R:>foo2 : <T extends number[] & { [s: string]: number | string; }>(target: T, p: string | number) => void"
captureSuperPropertyAccessInSuperCall01,22,"L:>super : A || R:>super : typeof A"
captureThisInSuperCall,17,"L:>super : A || R:>super : typeof A"
capturedLetConstInLoop1,340,"L:>(function() { return x}) : () => 0 || R:>(function() { return x}) : () => number"
capturedLetConstInLoop11,15,"L:>foo : () => () => 0 || R:>foo : () => () => number"
capturedLetConstInLoop11_ES6,15,"L:>foo : () => () => 0 || R:>foo : () => () => number"
capturedLetConstInLoop13,34,"L:>[name + '.a'] : any || R:>[name + '.a'] : () => void"
capturedLetConstInLoop1_ES6,258,"L:>(function() { return x}) : () => 0 || R:>(function() { return x}) : () => number"
capturedLetConstInLoop2,85,"L:>(function() { return x + a }) : () => any || R:>(function() { return x + a }) : () => number"
capturedLetConstInLoop2_ES6,85,"L:>(function() { return x + a }) : () => any || R:>(function() { return x + a }) : () => number"
capturedLetConstInLoop3,483,"L:>v : 0 || R:>v : number"
capturedLetConstInLoop3_ES6,483,"L:>v : 0 || R:>v : number"
capturedLetConstInLoop4_ES6,320,"L:>v1_c : 0 || R:>v1_c : number"
capturedLetConstInLoop5,578,"L:>v : 0 || R:>v : number"
capturedLetConstInLoop5_ES6,578,"L:>v : 0 || R:>v : number"
capturedLetConstInLoop6,439,"L:>(function() { return x}) : () => 0 || R:>(function() { return x}) : () => number"
capturedLetConstInLoop6_ES6,439,"L:>(function() { return x}) : () => 0 || R:>(function() { return x}) : () => number"
capturedLetConstInLoop7,668,"L:>(function() { return x}) : () => 0 || R:>(function() { return x}) : () => number"
capturedLetConstInLoop7_ES6,668,"L:>(function() { return x}) : () => 0 || R:>(function() { return x}) : () => number"
capturedLetConstInLoop9,53,"L:>(function() { return x }) : () => number || R:>(function() { return x }) : () => any"
capturedLetConstInLoop9_ES6,53,"L:>(function() { return x }) : () => number || R:>(function() { return x }) : () => any"
capturedShorthandPropertyAssignmentNoCheck(target=es2015),16,"L:>fns.push(() => ({ value })) : any || R:>fns.push(() => ({ value })) : number"
castOfYield,5,"L:>f : () => Generator<number, void, unknown> || R:>f : () => Generator<number, void, number>"
catchClauseRestProperties,7,"L:>{ ...rest } : any || R:>rest : any"
catchClauseWithInitializer1,7,"L:>e : number || R:>e : unknown"
chainedCallsWithTypeParameterConstrainedToOtherTypeParameter2,23,"L:>(new Chain(t)).then(tt => s).then(ss => t) : Chain<T> || R:>(new Chain(t)).then(tt => s).then(ss => t) : Chain<S>"
chainedImportAlias,3,"L:=== chainedImportAlias_file0.ts === || R:=== chainedImportAlias_file1.ts ==="
chainedSpecializationToObjectTypeLiteral,32,"L:>s2 : Sequence<{ key: number; items: T[]; }> || R:>s2 : Sequence<{ key: number; items: string[]; }>"
checkDestructuringShorthandAssigment2,11,"L:>{ x } : any || R:>x : any"
checkForObjectTooStrict(target=es2015),20,"L:>Object : ObjectConstructor || R:>Object : typeof Foo.Object"
checkInterfaceBases,3,"L:=== jquery.d.ts === || R:=== app.ts ==="
checkMergedGlobalUMDSymbol,13,"L:>_three : typeof import('three') || R:>_three : typeof _three"
checkSuperCallBeforeThisAccess,55,"L:>!!true : boolean || R:>!!true : true"
checkSuperCallBeforeThisAccessing1,17,"L:>super : Based || R:>super : typeof Based"
checkSuperCallBeforeThisAccessing2,24,"L:>super : Based || R:>super : typeof Based"
checkSuperCallBeforeThisAccessing3,32,"L:>super : Based || R:>super : typeof Based"
checkSuperCallBeforeThisAccessing4,41,"L:>super : Based || R:>super : typeof Based"
checkSuperCallBeforeThisAccessing5,18,"L:>super : Based || R:>super : typeof Based"
checkSuperCallBeforeThisAccessing6,23,"L:>super : Base || R:>super : typeof Base"
checkSuperCallBeforeThisAccessing7,18,"L:>super : Base || R:>super : typeof Base"
checkSuperCallBeforeThisAccessing8,22,"L:>super : Base || R:>super : typeof Base"
checkerInitializationCrash,5,"L:>react : typeof import('index') || R:>react : typeof react"
cjsExportGenericTypes,3,"L:=== set.js === || R:=== index.js ==="
classAccessorInitializationInferenceWithElementAccess1,17,"L:>0 : 0 || R:>0 : number[]"
classDeclaredBeforeClassFactory,7,"L:>makeBaseClass() : typeof Base || R:>makeBaseClass() : Base"
classExpressionTest1,5,"L:>M : () => { t: any; x: any; } || R:>M : () => { t: string; x: number; }"
classExpressionTest2,5,"L:>M : () => { t: any; x: any; } || R:>M : () => { t: string; x: number; }"
classExpressionWithDecorator1,6,"L:> @decorate class C { static p = 1 } : typeof C || R:>@decorate class C { static p = 1 } : typeof C"
classExpressionWithResolutionOfNamespaceOfSameName01,15,"L:>prop : type || R:>prop : C.type"
classExtendsInstantiationExpressionType,6,"L:>createComponent : <Props extends {}, Events extends {}>(render: { props: Props; events: Events; }) => { new <Events extends {}>(): Component<Events>; prototype: Component<any>; } || R:>createComponent : <Props extends {}, Events extends {}>(render: { props: Props; events: Events; }) => typeof Component<Events>"
classExtendsInterfaceInExpression,7,"L:>factory : (a: any) => new () => Object || R:>factory : (a: any) => { new (): Object; }"
classExtendsInterfaceInModule,10,"L:>M.I1 : I1 || R:>M.I1 : any"
classExtendsMultipleBaseClasses,13,"L:>B : B || R:>B : A"
classExtendsNull,10,"L:>super : null || R:>super : any"
classExtendsNull2,14,"L:>super : null || R:>super : any"
classFieldSuperAccessible,6,"L:>class Expr {} : typeof Expr || R:>class Expr {} : Expr"
classFieldSuperAccessibleJs1,29,"L:>super : C || R:>super : typeof C"
classFieldSuperAccessibleJs2,84,"L:>D.prototype.foo.call : (this: Function, thisArg: any, ...argArray: any[]) => any || R:>D.prototype.foo.call : <T, A extends any[], R>(this: (this: T, ...args: A) => R, thisArg: T, ...args: A) => R"
classFieldsAssignmentNamedEvaluation,8,"L:>x = class { static #foo = 1; } : typeof (Anonymous class) || R:>x = class { static #foo = 1; } : typeof x"
classFieldsNamedEvaluationDestructuringAssignment,14,"L:>[x = class { static #y = 1; }] : [typeof (Anonymous class)] || R:>[x = class { static #y = 1; }] : [typeof x]"
classFieldsPropertyAccessSameNameAsClass,115,"L:>count : 1 | 0 || R:>count : number"
classFunctionMerging,7,"L:>Foo : Foo || R:>Foo : typeof Foo"
classImplementsMethodWIthTupleArgs,20,"L:>args : [option: Record<string, unknown>] | [name: string, value: unknown] | [name: string] || R:>args : [name: string] | [option: Record<string, unknown>] | [name: string, value: unknown]"
classInheritence,10,"L:>A : A || R:>A : typeof A"
classMemberInitializerScoping,13,"L:>aaa : number || R:>aaa : any"
classMemberInitializerScoping2(target=es2017,usedefineforclassfields=false),12,"L:>p : 1 || R:>p : any"
classMemberInitializerScoping2(target=es2017,usedefineforclassfields=true),12,"L:>p : 1 || R:>p : any"
classMemberInitializerScoping2(target=esnext,usedefineforclassfields=false),12,"L:>p : 1 || R:>p : any"
classMemberInitializerScoping2(target=esnext,usedefineforclassfields=true),12,"L:>p : 1 || R:>p : number"
classMemberInitializerWithLamdaScoping,5,"L:>console : { log(msg: any): void; } || R:>console : { log(msg?: any): void; }"
classMemberInitializerWithLamdaScoping2,9,"L:>console : { log(msg: any): void; } || R:>console : { log(msg?: any): void; }"
classMemberInitializerWithLamdaScoping3,9,"L:>console : { log(msg: any): void; } || R:>console : { log(msg?: any): void; }"
classMemberInitializerWithLamdaScoping4,9,"L:>console : { log(msg: any): void; } || R:>console : { log(msg?: any): void; }"
classMemberInitializerWithLamdaScoping5,5,"L:>console : { log(message: any, ...optionalParams: any[]): void; } || R:>console : { log(message?: any, ...optionalParams: any[]): void; }"
classPropInitializationInferenceWithElementAccess,18,"L:>0 : 0 || R:>0 : number[]"
classPropertyErrorOnNameOnly,5,"L:>Values : 1 | 2 | 3 | 4 | 5 | 6 || R:>Values : Values"
classPropertyInferenceFromBroaderTypeConst,8,"L:>AB : 'A' | 'B' || R:>AB : AB"
classReferencedInContextualParameterWithinItsOwnBaseExpression,19,"L:>Class : <Self>(identifier: string) => <Fields>(fields: Fields, annotations?: Schema<Self> | undefined) => Class<OutputFrom<Fields>> || R:>Class : <Self>(identifier: string) => <Fields>(fields: Fields, annotations?: Schema<Self>) => Class<OutputFrom<Fields>>"
classSideInheritance2,21,"L:>super : TextBase || R:>super : typeof TextBase"
classSideInheritance3,21,"L:>super : A || R:>super : typeof A"
classStaticInitializersUsePropertiesBeforeDeclaration,9,"L:>Enum.A : Enum.A || R:>Enum.A : Enum"
classStaticPropertyAccess(target=es2015),31,"L:>'\'' : ''' || R:>'\'' : '\''"
classUpdateTests,85,"L:>super : D || R:>super : typeof D"
classVarianceResolveCircularity1,15,"L:>callme(this) : string || R:>callme(this) : Bar<any>"
classVarianceResolveCircularity2,15,"L:>Value : number || R:>Value : any"
classdecl(target=es2015),75,"L:>toString : () => string || R:>toString : any"
cloduleTest2,20,"L:>new m3d() : any || R:>new m3d() : m3d"
cloduleWithDuplicateMember1,12,"L:>x : number || R:>x : string"
cloduleWithRecursiveReference,15,"L:>M.C : typeof C || R:>M.C : typeof M.C"
coAndContraVariantInferences,23,"L:>foo : <T>(x: { kind: T; }, f: (arg: { kind: T }) => void) => void || R:>foo : <T>(x: { kind: T; }, f: (arg: { kind: T; }) => void) => void"
coAndContraVariantInferences2,16,"L:>test : (x: T) => boolean || R:>test : (x: T) => x is U"
coAndContraVariantInferences3,21,"L:>OverloadDefinitions : { [P in number]: any; } || R:>OverloadDefinitions : OverloadDefinitions"
coAndContraVariantInferences4,28,"L:>isModifier : (node: Node) => boolean || R:>isModifier : (node: Node) => node is Modifier"
coAndContraVariantInferences5,5,"L:>Thing : 'a' | 'b' || R:>Thing : Thing"
coAndContraVariantInferences6,44,"L:>createElementIsolated : <P extends {}>(type: FunctionComponent<P> | ComponentClass<P> | string, props?: P | null | undefined) => void || R:>createElementIsolated : <P extends {}>(type: FunctionComponent<P> | ComponentClass<P> | string, props?: P | null) => void"
coAndContraVariantInferences7,44,"L:>{  pre: validate,  schema: {    query: '',  },  handle: (req) => {    const test: string = req.query;  },} : { pre: (_: { query?: unknown; body?: unknown; }) => void; schema: { query: string; }; handle: (req: Request<TSchema>) => void; } || R:>{  pre: validate,  schema: {    query: '',  },  handle: (req) => {    const test: string = req.query;  },} : { pre: (_: { query?: unknown; body?: unknown; }) => void; schema: { query: string; }; handle: (req: Request<{ query: string; }>) => void; }"
coAndContraVariantInferences8,17,"L:>fn.call(null, x) : any || R:>fn.call(null, x) : void"
collectionPatternNoError,52,"L:>messageList : U || R:>messageList : MsgConstructor<U>"
collisionCodeGenEnumWithEnumMemberConflict,12,"L:>Color : Color.Color || R:>Color : Color"
collisionCodeGenModuleWithEnumMemberConflict,15,"L:>m1 : e.m1 || R:>m1 : e"
collisionCodeGenModuleWithFunctionChildren,12,"L:>fn : (M: any, p?: any) => void || R:>fn : (M: any, p?: number) => void"
collisionCodeGenModuleWithMethodChildren,15,"L:>fn : (M: any, p?: any) => void || R:>fn : (M: any, p?: number) => void"
collisionExportsRequireAndAlias,3,"L:=== collisionExportsRequireAndAlias_file1.ts === || R:=== collisionExportsRequireAndAlias_file2.ts ==="
collisionExportsRequireAndInternalModuleAliasInGlobalFile,22,"L:>new exports() : mOfGloalFile.c || R:>new exports() : exports"
collisionRestParameterUnderscoreIUsage,5,"L:>console : { log(msg: string | undefined): void; } || R:>console : { log(msg?: string): void; }"
collisionSuperAndLocalFunctionInConstructor,23,"L:>super : Foo || R:>super : typeof Foo"
collisionSuperAndLocalVarInConstructor,24,"L:>super : Foo || R:>super : typeof Foo"
collisionSuperAndParameter(target=es2015),98,"L:>super : Foo || R:>super : typeof Foo"
collisionSuperAndPropertyNameAsConstuctorParameter,17,"L:>super : a || R:>super : typeof a"
commaOperatorInConditionalExpression,9,"L:>[1, 2, 3].map(i => {        return true? { [m]: i } : { [m]: i + 1 }    }) : { [x: string]: number; }[] || R:>[1, 2, 3].map(i => {        return true? { [m]: i } : { [m]: i + 1 }    }) : { [m]: number; }[]"
commaOperatorLeftSideUnused,11,"L:>fn : () => 'zero or one' | 'more than one' || R:>fn : () => 'more than one' | 'zero or one'"
commentOnAmbientClass1,3,"L:=== a.ts === || R:=== b.ts ==="
commentOnAmbientEnum,3,"L:=== a.ts === || R:=== b.ts ==="
commentOnAmbientModule,3,"L:=== a.ts === || R:=== b.ts ==="
commentOnAmbientVariable2,3,"L:=== commentOnAmbientVariable2_1.ts === || R:=== commentOnAmbientVariable2_2.ts ==="
commentOnAmbientfunction,3,"L:=== a.ts === || R:=== b.ts ==="
commentOnArrayElement10,5,"L:>array : any[] || R:>array : undefined[]"
commentOnArrayElement11,5,"L:>array : any[] || R:>array : undefined[]"
commentOnArrayElement12,5,"L:>array : any[] || R:>array : undefined[]"
commentOnArrayElement3,5,"L:>array : any[] || R:>array : (number | undefined)[]"
commentOnElidedModule1,3,"L:=== a.ts === || R:=== b.ts ==="
commentOnInterface1,3,"L:=== a.ts === || R:=== b.ts ==="
commentOnSignature1,3,"L:=== a.ts === || R:=== b.ts ==="
commentsAfterSpread,15,"L:>.../*#__PURE__*/identity({    b: 1  }) : any || R:>identity({    b: 1  }) : any"
commentsEnums(target=es2015),25,"L:>x : Colors.Cornflower || R:>x : Colors"
commentsExternalModules3(target=es2015),3,"L:=== commentsExternalModules2_0.ts === || R:=== commentsExternalModules_1.ts ==="
commentsInheritance(target=es2015),182,"L:>super : c2 || R:>super : typeof c2"
commentsModules(target=es2015),73,"L:>m1.m2 : typeof m2 || R:>m1.m2 : typeof m1.m2"
commentsdoNotEmitComments(target=es2015),93,"L:>toString : () => string || R:>toString : any"
commentsemitComments(target=es2015),93,"L:>toString : () => string || R:>toString : any"
commonJsExportTypeDeclarationError(target=es2015),3,"L:=== ./test.js === || R:=== test.js ==="
commonJsImportClassExpression,3,"L:=== mod1.ts === || R:=== use.ts ==="
commonSourceDirectory,3,"L:=== /node_modules/foo/index.ts === || R:=== /app/index.ts ==="
comparabilityTypeParametersRelatedByUnion,23,"L:>bad : <U extends string | T>(y: U) => void || R:>bad : <U extends T | string>(y: U) => void"
comparisonOfPartialDeepAndIndexedAccessTerminatesWithoutError,13,"L:>iteratees : (Many<PartialDeep<T>>)[] || R:>iteratees : Many<PartialDeep<T>>[]"
complexClassRelationships(target=es2015),79,"L:>this.prop2 : BaseCollection<typeof Derived> || R:>this.prop2 : BaseCollection<Derived>"
complicatedGenericRecursiveBaseClassReference,6,"L:>S18 : S18<A[], { (): A; S19: A; }[], C[]> || R:>S18 : typeof S18"
complicatedIndexedAccessKeyofReliesOnKeyofNeverUpperBound,27,"L:>Channel : EmailChannel | TextChannel || R:>Channel : Channel"
complicatedIndexesOfIntersectionsAreInferencable,17,"L:>Func : <Values, ExtraProps>(x: (string extends 'validate' | 'initialValues' | keyof ExtraProps || R:>Func : <Values = object, ExtraProps = {}>(x: (string extends 'validate' | 'initialValues' | keyof ExtraProps ? Readonly<FormikConfig<Values> & ExtraProps> : Pick<Readonly<FormikConfig<Values> & ExtraProps>, 'validate' | 'initialValues' | Exclude<keyof ExtraProps, 'validateOnChange'>> & Partial<Pick<Readonly<FormikConfig<Values> & ExtraProps>, 'validateOnChange' | Extract<keyof ExtraProps, 'validateOnChange'>>>)) => void"
complicatedPrivacy(target=es2015),55,"L:>f3 : () => (a: number) => C1 || R:>f3 : () => { (a: number): C1; }"
compositeContextualSignature,19,"L:        () => { }, || R:>undefined : undefined"
compositeWithNodeModulesSourceFile,3,"L:=== /foo/node_modules/myModule/index.ts === || R:=== /foo/test.ts ==="
computedEnumMemberKeyNoCrash1,23,"L:>E.A.toString : (radix?: number | undefined) => string || R:>E.A.toString : (radix?: number) => string"
computedEnumTypeWidening,12,"L:>A :  || R:>A : E.A"
computedPropertiesInDestructuring1,10,"L:>{[foo]: bar} : any || R:>foo : string"
computedPropertiesInDestructuring1_ES6,10,"L:>{[foo]: bar} : any || R:>foo : string"
computedPropertiesInDestructuring2,10,"L:>{[foo2()]: bar3} : any || R:>foo2() : string"
computedPropertiesInDestructuring2_ES6,10,"L:>{[foo2()]: bar3} : any || R:>foo2() : string"
computedPropertiesNarrowed,15,"L:>assert : (n: number) => void || R:>assert : (n: number) => asserts n is 1"
computedPropertiesWithSetterAssignment,42,"L:>k : unique symbol || R:>k : Iterable<string>"
computedPropertyBindingElementDeclarationNoCrash1,30,"L:>[key, value] : any || R:>key : string"
computedPropertyNameWithImportedKey,14,"L:>fn : (__0: any) => string || R:>fn : ({ [a]: value }: any) => string"
computedTypesKeyofNoIndexSignatureType,5,"L:>Compute : Compute<A> || R:>Compute : { [K in keyof A]: A[K] extends infer T ? { [K_1 in keyof T]: T[K_1] extends infer T_1 ? { [K_2 in keyof T_1]: T_1[K_2] extends infer T_2 ? { [K_3 in keyof T_2]: T_2[K_3] extends infer T_3 ? { [K_4 in keyof T_3]: T_3[K_4] extends infer T_4 ? { [K_5 in keyof T_4]: T_4[K_5] extends infer T_5 ? { [K_6 in keyof T_5]: T_5[K_6] extends infer T_6 ? { [K_7 in keyof T_6]: T_6[K_7] extends infer T_7 ? { [K_8 in keyof T_7]: T_7[K_8] extends infer T_8 ? { [K_9 in keyof T_8]: T_8[K_9] extends infer T_9 ? { [K_10 in keyof T_9]: any; } : never; } : never; } : never; } : never; } : never; } : never; } : never; } : never; } : never; } : never; }"
computerPropertiesInES5ShouldBeTransformed(target=es2015),5,"L:>b : (__0: any) => any || R:>b : ({ [`key`]: renamed }: { key: any; }) => any"
conditionalAnyCheckTypePicksBothBranches,5,"L:>T : 1 | 0 || R:>T : 0 | 1"
conditionalEqualityTestingNullability,24,"L:>ShouldBe0 : 1 || R:>ShouldBe0 : 0"
conditionalExpressions2,14,"L:>0 : 0 || R:>undefined : undefined"
conditionalReturnExpression,27,"L:>x.startsWith : (searchString: string, position?: number | undefined) => boolean || R:>x.startsWith : (searchString: string, position?: number) => boolean"
conditionalTypeAssignabilityWhenDeferred,5,"L:>FilterPropsByType : ({ [K in keyof T]: any; })[keyof T] || R:>FilterPropsByType : FilterPropsByType<T, TT>"
conditionalTypeBasedContextualTypeReturnTypeWidening,6,"L:>initialState : (() => S) | S extends () => any ? never : S || R:>initialState : (() => S) | (S extends () => any ? never : S)"
conditionalTypeContextualTypeSimplificationsSuceeds,12,"L:>bad : <P extends Props>(attrs: string extends keyof P ? { [K in keyof P]: P[K] } : { [K in keyof P]: P[K] }) => void || R:>bad : <P extends Props>(attrs: string extends keyof P ? { [K in keyof P]: P[K]; } : { [K in keyof P]: P[K]; }) => void"
conditionalTypeDiscriminatingLargeUnionRegularTypeFetchingSpeedReasonable,11,"L:>children : any[] || R:>children : BigUnion[]"
conditionalTypeRelaxingConstraintAssignability,5,"L:>ElChildren : string | undefined || R:>ElChildren : ElChildren"
conditionalTypeSubclassExtendsTypeParam,8,"L:>getField2 : <K extends keyof M>() => Field<M[K], MR[K]> || R:>getField2 : <K extends keyof M>() => Field<M[K], [K] extends [keyof MR] ? MR[K] : M[K]>"
conditionalTypeVarianceBigArrayConstraintsPerformance,4,"L:/// <reference path='/.lib/react16.d.ts' /> || R:/// <reference path='react16.d.ts' />"
conditionallyDuplicateOverloadsCausedByOverloadResolution,20,"L:>(x, y) => {    function bar(a: typeof x): void;    function bar(b: typeof y): void;    function bar() { }    return bar;} : (x: string, y: string) => { (a: string): void; (b: string): void; } || R:>(x, y) => {    function bar(a: typeof x): void;    function bar(b: typeof y): void;    function bar() { }    return bar;} : (x: string, y: string) => { (a: typeof x): void; (b: typeof y): void; }"
conflictMarkerTrivia3,6,"L:><div><<<<<<< HEAD : any || R:><div> : any"
conflictMarkerTrivia4,5,"L:>x : unresolved || R:>x : div"
conflictingDeclarationsImportFromNamespace1,5,"L:>_ : LoDashStatic || R:>_ : _.LoDashStatic"
conflictingDeclarationsImportFromNamespace2,5,"L:>_ : LoDashStatic || R:>_ : _.LoDashStatic"
conflictingTypeParameterSymbolTransfer,22,"L:>super : Base<U> || R:>super : typeof Base"
constAssertionInLoop,7,"L:>Candidate : { mode: 'a'; output: unknown; } | { mode: 'b'; } || R:>Candidate : Candidate"
constDeclarations-access,11,"L:>x : number || R:>x : any"
constDeclarations-access2,11,"L:>x : 0 || R:>x : any"
constDeclarations-access3,15,"L:>M.x : 0 || R:>M.x : any"
constDeclarations-access4,14,"L:>M.x : number || R:>M.x : any"
constDeclarations-access5,3,"L:=== constDeclarations_access_1.ts === || R:=== constDeclarations_access_2.ts ==="
constDeclarations-errors,29,"L:>c8 : number || R:>c8 : any"
constDeclarations-invalidContexts(alwaysstrict=true),39,"L:>c5 : 0 || R:>c5 : any"
constDeclarations-scopes(alwaysstrict=true),69,"L:>c : 0 || R:>c : any"
constDeclarations-validContexts(alwaysstrict=true),41,"L:>c5 : 0 || R:>c5 : any"
constEnumErrors,26,"L:>Y :  || R:>Y : E1.Y"
constEnumNamespaceReferenceCausesNoImport(isolatedmodules=false),22,"L:>Foo : typeof import('foo') || R:>Foo : typeof Foo"
constEnumNamespaceReferenceCausesNoImport(isolatedmodules=true),22,"L:>Foo : typeof import('foo') || R:>Foo : typeof Foo"
constEnumNoEmitReexport,42,"L:>MyConstEnum2 : typeof MyConstEnum || R:>MyConstEnum2 : typeof MyConstEnum1"
constEnumOnlyModuleImportAliasEmit,51,"L:>mappa.MappaViewModel : typeof Mappa.MappaViewModel || R:>mappa.MappaViewModel : typeof mappa.MappaViewModel"
constEnumOnlyModuleMerging,26,"L:>x : A || R:>x : O.A"
constEnumSyntheticNodesComments,20,"L:>verify : (a: En) => 0 | 1 | 2 | 3 | undefined || R:>verify : (a: En) => 0 | 1 | 2 | 3"
constEnumToStringNoComments,38,"L:>Foo.X.toString : (radix?: number | undefined) => string || R:>Foo.X.toString : (radix?: number) => string"
constEnumToStringWithComments,38,"L:>Foo.X.toString : (radix?: number | undefined) => string || R:>Foo.X.toString : (radix?: number) => string"
constEnums,189,"L:>'//' : Comments.// || R:>'//' : (typeof Comments)['//']"
constIndexedAccess,16,"L:>0 : 0 || R:>0 : string"
constWithNonNull,11,"L:>x! : number || R:>x! : any"
constantEnumAssert,86,"L:>foo3 : { a: E1; } || R:>foo3 : { readonly a: E1.a; }"
constantOverloadFunction,24,"L:>foo : { (tagName: 'canvas'): Derived1; (tagName: 'div'): Derived2; (tagName: 'span'): Derived3; (tagName: string): Base; } || R:>foo : { (tagName: 'canvas'): Derived1; (tagName: 'div'): Derived2; (tagName: 'span'): Derived3; (tagName: string): Base; }"
constantOverloadFunctionNoSubtypeError,24,"L:>foo : { (tagName: 'canvas'): Derived3; (tagName: 'div'): Derived2; (tagName: 'span'): Derived1; (tagName: number): Base; } || R:>foo : { (tagName: 'canvas'): Derived3; (tagName: 'div'): Derived2; (tagName: 'span'): Derived1; (tagName: number): Base; }"
constraintErrors1,5,"L:>foo5 : <T extends unknown>(test: T) => void || R:>foo5 : <T extends hm>(test: T) => void"
constraintOfRecursivelyMappedTypeWithConditionalIsResolvable,11,"L:>ImmutableTypes : IImmutableMap<any> || R:>ImmutableTypes : ImmutableTypes"
constraintWithIndexedAccess,60,"L:>TypeHardcodedAsParameterWithoutReturnType : DataFetchFns[T][F] || R:>TypeHardcodedAsParameterWithoutReturnType : TypeHardcodedAsParameterWithoutReturnType<T, F>"
constructorArgWithGenericCallSignature,28,"L:>Test.F : (func: MyFunc) => void || R:>Test.F : (func: Test.MyFunc) => void"
constructorArgs,26,"L:>super : Super || R:>super : typeof Super"
constructorInvocationWithTooFewTypeArgs,16,"L:>d : D<unknown, unknown> || R:>d : D<number, unknown>"
constructorOverloads2,39,"L:>super : FooBase || R:>super : typeof FooBase"
constructorOverloads4,29,"L:>Function : FunctionConstructor || R:>Function : typeof M.Function"
constructorOverloads9,16,"L:>this.a = x : any || R:>this.a = x : string"
constructorParametersThatShadowExternalNamesInVariableDeclarations,12,"L:>a : number || R:>a : any"
constructorWithCapturedSuper,25,"L:>super : A || R:>super : typeof A"
constructorWithSuperAndPrologue.es5(target=es2015),38,"L:>super : A || R:>super : typeof A"
contentMapperDeclarationEmit,3,"L:=== /main.ts === || R:=== /component.y.z ==="
contentMapperSupplementalFileCollision,3,"L:=== /component.astro.0.ts === || R:=== /component.astro ==="
contentMapperSupplementalGlobals,3,"L:=== /extra.d.ts === || R:=== /a.vue ==="
contentMapperSymlink,3,"L:=== /main.ts === || R:=== /app.box ==="
contentMapperTransform,3,"L:=== /main.ts === || R:=== /app.box ==="
contextSensitiveReturnTypeInference,38,"L:>(deps, data) => ({    fn1: function() { return deps.foo },    fn2: data.bar  }) : (deps: unknown, data: IData) => { fn1: () => number; fn2: boolean; } || R:>(deps, data) => ({    fn1: function() { return deps.foo },    fn2: data.bar  }) : (deps: { foo: number; }, data: IData) => { fn1: () => number; fn2: boolean; }"
contextualComputedNonBindablePropertyType,10,"L:>forceMatch : <T>(matched: { || R:>forceMatch : <T>(matched: { [key in keyof T]: key; }) => void"
contextualExpressionTypecheckingDoesntBlowStack(target=es2015),58,"L:>name : void || R:>name : any"
contextualOuterTypeParameters,14,"L:>t => {    type isArray = (typeof t)[] extends string[] ? true : false;    type IsObject = { x: typeof t } extends { x: string } ? true : false;} : (t: T) => void || R:>t => {    type isArray = (typeof t)[] extends string[] ? true : false;    type IsObject = { x: typeof t } extends { x: string } ? true : false;} : <T>(t: T) => void"
contextualOverloadListFromArrayUnion,9,"L:>y.map(item => item.length) : any || R:>y.map(item => item.length) : number[]"
contextualOverloadListFromUnionWithPrimitiveNoImplicitAny,13,"L:>validate : string | RegExp | (Validate) || R:>validate : string | RegExp | Validate"
contextualParamTypeVsNestedReturnTypeInference1,14,"L:>effectFn : <AEff, Args extends any[]>(body: (...args: Args) => unknown) => (...args: Args) => Effect<AEff> || R:>effectFn : <AEff, Args extends Array<any>>(body: (...args: Args) => unknown) => (...args: Args) => Effect<AEff>"
contextualParamTypeVsNestedReturnTypeInference2,20,"L:>effectGen : <Eff extends Effect<any, any, any>, AEff>(f: () => Generator<Eff, AEff, never>) => Effect<AEff, [Eff] extends [Effect<_A, E, _R>] ? E : never, [Eff] extends [Effect<_A, _E, R>] ? R : never> || R:>effectGen : <Eff extends Effect<any, any, any>, AEff>(f: () => Generator<Eff, AEff, never>) => Effect<AEff, [Eff] extends [never] ? never : [Eff] extends [Effect<infer _A, infer E, infer _R>] ? E : never, [Eff] extends [never] ? never : [Eff] extends [Effect<infer _A, infer _E, infer R>] ? R : never>"
contextualParamTypeVsNestedReturnTypeInference3,20,"L:>effectGen : <Eff extends Effect<any, any, any>, AEff>(f: () => Generator<Eff, AEff, never>) => Effect<AEff, [Eff] extends [Effect<_A, E, _R>] ? E : never, [Eff] extends [Effect<_A, _E, R>] ? R : never> || R:>effectGen : <Eff extends Effect<any, any, any>, AEff>(f: () => Generator<Eff, AEff, never>) => Effect<AEff, [Eff] extends [Effect<infer _A, infer E, infer _R>] ? E : never, [Eff] extends [Effect<infer _A, infer _E, infer R>] ? R : never>"
contextualParamTypeVsNestedReturnTypeInference4,28,"L:>effectFn : <A, E, R, AEff, Args extends any[]>(body: (...args: Args) => Generator<Effect<A, E, R>, AEff, never>) => (...args: Args) => Effect<AEff, E, R> || R:>effectFn : <A, E, R, AEff, Args extends Array<any>>(body: (...args: Args) => Generator<Effect<A, E, R>, AEff, never>) => (...args: Args) => Effect<AEff, E, R>"
contextualParameterAndSelfReferentialConstraint1,46,"L:>pipe(  {} as Effect<boolean>,  repeat({    until: (x) => {      return x; // boolean    },  }),) : Effect<unknown> || R:>pipe(  {} as Effect<boolean>,  repeat({    until: (x) => {      return x; // boolean    },  }),) : Effect<boolean>"
contextualPropertyOfGenericFilteringMappedType,5,"L:>f1 : <T extends object>(data: T, handlers: { [P in keyof T as P]: (value: T[P], prop: P) => void }) => void || R:>f1 : <T extends object>(data: T, handlers: { [P in keyof T as P]: (value: T[P], prop: P) => void; }) => void"
contextualPropertyOfGenericMappedType,9,"L:>handlers : { [P in keyof T]: any; } || R:>handlers : { [P in keyof T]: (value: T[P], prop: P) => void; }"
contextualReturnTypeOfIIFE,8,"L:>() => {    return [1, 'two'];} : () => Promise<[number, string]> || R:>async () => {    return [1, 'two'];} : () => Promise<[number, string]>"
contextualReturnTypeOfIIFE2,12,"L:>app.foo.bar = (function () {  const someFun = (arg: number) => {};  return { someFun };})() : { someFun: any; } || R:>app.foo.bar = (function () {  const someFun = (arg: number) => {};  return { someFun };})() : { someFun: (arg: number) => void; }"
contextualSigInstantiationRestParams,5,"L:>toInstantiate : <A, B>(a?: A | undefined, b?: B | undefined) => B || R:>toInstantiate : <A, B>(a?: A, b?: B) => B"
contextualSignatureConditionalTypeInstantiationUsingDefault,23,"L:>createMachine : <TTypesMeta extends TypegenDisabled | TypegenEnabled>(config: { types?: TTypesMeta | undefined; }, implementations: TTypesMeta extends TypegenEnabled || R:>createMachine : <TTypesMeta extends TypegenEnabled | TypegenDisabled = TypegenDisabled>(config: { types?: TTypesMeta; }, implementations: TTypesMeta extends TypegenEnabled ? ActionFunction<{ type: 'test'; }> : ActionFunction<{ type: string; }>) => void"
contextualSignatureInObjectFreeze,8,"L:>Object.freeze : { <T extends Function>(f: T): T; <T extends { [idx: string]: object | U | null | undefined; }, U extends string | number | bigint | boolean | symbol>(o: T): Readonly<T>; <T>(o: T): Readonly<T>; } || R:>Object.freeze : { <T extends Function>(f: T): T; <T extends { [idx: string]: U | null | undefined | object; }, U extends string | bigint | number | boolean | symbol>(o: T): Readonly<T>; <T>(o: T): Readonly<T>; }"
contextualSignatureInstantiation1,20,"L:>r99 : (a: string[]) => number[] || R:>r99 : <K>(a: string[]) => number[]"
contextualSignatureInstantiation2,36,"L:>r23 : (_: U) => T || R:>r23 : <T>(_: T) => unknown"
contextualSignatureInstantiation3,12,"L:>items.map : <U>(callbackfn: (value: T, index: number, array: T[]) => U, thisArg?: any) => U[] || R:>items.map : <U_1>(callbackfn: (value: T, index: number, array: T[]) => U_1, thisArg?: any) => U_1[]"
contextualSignatureInstantiation4,17,"L:>banana1 : Banana<string> || R:>banana1 : Banana<any>"
contextualTupleTypeParameterReadonly,5,"L:>each : <T extends readonly any[]>(cases: ReadonlyArray<T>) => (fn: (...args: T) => any) => void || R:>each : <T extends ReadonlyArray<any>>(cases: ReadonlyArray<T>) => (fn: (...args: T) => any) => void"
contextualTypeBasedOnIntersectionWithAnyInTheMix1,20,"L:>attrs : <U, NewA extends Partial<ComponentProps<C> & U> & { [others: string]: any; }>(attrs: Attrs<ComponentProps<C> & U, NewA>) => StyledFunction<C, O & NewA, A | keyof NewA> || R:>attrs : <U, NewA extends Partial<ComponentProps<C> & U> & { [others: string]: any; } = {}>(attrs: Attrs<ComponentProps<C> & U, NewA>) => StyledFunction<C, O & NewA, A | keyof NewA>"
contextualTypeBasedOnIntersectionWithAnyInTheMix2,8,"L:>a : { href?: string | undefined; } || R:>a : { href?: string; }"
contextualTypeBasedOnIntersectionWithAnyInTheMix3,16,"L:>test1 : <T extends { num: (1 | 2 | 3)[]; str: ('a' | 'b' | 'c')[]; } & { [k: string]: any[]; }>(arg: T) => T || R:>test1 : <T extends { [K in keyof TypeMap]: TypeMap[K][]; } & { [k: string]: any[]; }>(arg: T) => T"
contextualTypeBasedOnIntersectionWithAnyInTheMix4,5,"L:>test1 : (arg: { a: (arg: number) => void } & { [k: string]: (arg: any) => void }) => unknown || R:>test1 : (arg: { a: (arg: number) => void; } & { [k: string]: (arg: any) => void; }) => unknown"
contextualTypeBasedOnIntersectionWithAnyInTheMix5,67,"L:>inject : (this: ComponentPublicInstance<{}, {}>, key: InjectionKey<any> | string) => any || R:>inject : (this: ComponentPublicInstance, key: InjectionKey<any> | string) => any"
contextualTypeCaching,32,"L:>emit : <T extends 'a' | 'b'>(type: T, data: CustomEvents[T]) => void || R:>emit : <T extends keyof CustomEvents>(type: T, data: CustomEvents[T]) => void"
contextualTypeFunctionObjectPropertyIntersection,22,"L:>on : { [K in TEvent['type']]: any; } & { '*'?: (Action<TEvent>) | undefined; } | undefined || R:>on : ({ [K in TEvent['type']]?: Action<TEvent extends { type: K; } ? TEvent : never> | undefined; } & { '*'?: Action<TEvent>; }) | undefined"
contextualTypeIterableUnions,40,"L:>[2] : number[] || R:>[2] : 2[]"
contextualTypeLogicalOr,11,"L:>a : number[] || R:>a : 0 | number[]"
contextualTypeObjectSpreadExpression,15,"L:>...{ a: 'a' } : any || R:>{ a: 'a' } : { a: 'a'; }"
contextualTypeOfIndexedAccessParameter,5,"L:>Keys : 'a' | 'b' || R:>Keys : Keys"
contextualTypeOnYield1,10,"L:>function*() {  yield (num) => console.log(num); // `num` should be inferred to have type `number`.} : () => Generator<(num: number) => void, void, unknown> || R:>function*() {  yield (num) => console.log(num); // `num` should be inferred to have type `number`.} : () => Generator<(num: number) => void, void, void>"
contextualTypeOnYield2,10,"L:>function* () {    return (num) => console.log(num);} : () => Generator<never, (num: number) => void, unknown> || R:>function* () {    return (num) => console.log(num);} : () => Generator<never, (num: number) => void, undefined>"
contextualTypeSelfReferencing,21,"L:>result : { a: string; }[] || R:>result : [{ a: 'foo'; }]"
contextualTypeShouldBeLiteral,33,"L:>{    type: 'y',    value: 'done',    method() {        this;        this.type;        this.value;    }} : { type: 'y'; value: string; method(): void; } || R:>{    type: 'y',    value: 'done',    method() {        this;        this.type;        this.value;    }} : { type: 'y'; value: 'done'; method(): void; }"
contextualTypesNegatedTypeLikeConstraintInGenericMappedType1,26,"L:>ElementType : 'div' | 'span' || R:>ElementType : keyof IntrinsicElements"
contextualTypesNegatedTypeLikeConstraintInGenericMappedType2,8,"L:>typeTags : <I>() => <P extends { [Tag in Tags<'_tag', I> & string]: any; } & { [Tag in Exclude<keyof P, Tags<'_tag', I>>]: any; }>(fields: P) => unknown || R:>typeTags : <I>() => <P extends { readonly [Tag in Tags<'_tag', I> & string]: (_: Extract<I, { readonly _tag: Tag; }>) => any; } & { readonly [Tag in Exclude<keyof P, Tags<'_tag', I>>]: never; }>(fields: P) => unknown"
contextualTypesNegatedTypeLikeConstraintInGenericMappedType3,29,"L:>ElementType : 'div' | 'span' || R:>ElementType : keyof IntrinsicElements"
contextualTyping,133,"L:>[[],[]] : any[][] || R:>[[],[]] : undefined[][]"
contextualTyping12,8,"L:>[{id:1}, {id:2, name:'foo'}] : { id: number; }[] || R:>[{id:1}, {id:2, name:'foo'}] : ({ id: number; } | { id: number; name: string; })[]"
contextualTyping20,11,"L:>foo = [{id:1}, {id:2, name:'foo'}] : { id: number; }[] || R:>foo = [{id:1}, {id:2, name:'foo'}] : ({ id: number; } | { id: number; name: string; })[]"
contextualTyping32,5,"L:>foo : (param: {():number; (i:number):number; }[]) => void || R:>foo : (param: { (): number; (i: number): number; }[]) => void"
contextualTyping33,5,"L:>foo : (param: {():number; (i:number):number; }[]) => void || R:>foo : (param: { (): number; (i: number): number; }[]) => void"
contextualTyping37,8,"L:>[{ foo: 's' }, {  }] : {}[] || R:>[{ foo: 's' }, {  }] : ({ foo: string; } | {})[]"
contextualTyping9,7,"L:>[{id:1}, {id:2, name:'foo'}] : { id: number; }[] || R:>[{id:1}, {id:2, name:'foo'}] : ({ id: number; } | { id: number; name: string; })[]"
contextualTypingArrayDestructuringWithDefaults,9,"L:>[ c0 = {a: 'a'} ] : any || R:>c0 : I"
contextualTypingOfLambdaReturnExpression,25,"L:>length : number || R:>length : any"
contextualTypingOfOptionalMembers,30,"L:>{    state: 100,    actions: {        foo: s => s // Should be typed number => number    },    view: (s, a) => undefined as any,} : { state: number; actions: { foo: (s: number) => number; }; view: (s: any, a: ActionsObject<number>) => any; } || R:>{    state: 100,    actions: {        foo: s => s // Should be typed number => number    },    view: (s, a) => undefined as any,} : { state: number; actions: { foo: (s: number) => number; }; view: (s: number, a: { foo: (s: number) => number; }) => any; }"
contextualTypingOfTooShortOverloads,11,"L:>(req, res) => {} : (req: number, res: number) => void || R:>(req, res) => {} : (req: any, res: any) => void"
contextualTypingReturnStatementWithReturnTypeAnnotation,8,"L:>isString : (text: unknown) => boolean || R:>isString : (text: unknown) => text is string"
contextualTypingTwoInstancesOfSameTypeParameter,18,"L:>y => x = y : (y: unknown) => T || R:>y => x = y : (y: unknown) => unknown"
contextualTypingWithFixedTypeParameters1,15,"L:>() => a => a.foo : () => (a: '') => any || R:>() => a => a.foo : () => (a: string) => any"
contextualTypingWithGenericSignature,16,"L:>f2 = (x, y) => { return x } : (x: T, y: U) => T || R:>f2 = (x, y) => { return x } : <T, U>(x: T, y: U) => T"
contextuallyTypeAsyncFunctionReturnTypeFromUnion,27,"L:>{  services: {    test: async () => Promise.reject('some err'),    async test2() {      return Promise.reject('some err');    },  },} : { services: { test: () => Promise<{ count: number; } | StateMachine<{ count: number; }>>; test2(): Promise<StateMachine<never>>; }; } || R:>{  services: {    test: async () => Promise.reject('some err'),    async test2() {      return Promise.reject('some err');    },  },} : { services: { test: () => Promise<{ count: number; }>; test2(): Promise<{ count: number; }>; }; }"
contextuallyTypeGeneratorReturnTypeFromUnion,11,"L:>function* () {    const next = yield ''    return next[0]} : () => Generator<string, any, unknown> || R:>function* () {    const next = yield ''    return next[0]} : () => Generator<string, string, string[]>"
contextuallyTypedByDiscriminableUnion,5,"L:>ADT : { kind: 'a'; method(x: string): number; } | { kind: 'b'; method(x: number): string; } || R:>ADT : ADT"
contextuallyTypedByDiscriminableUnion2,67,"L:>MyComponentProps : MyComponentProps<I> || R:>MyComponentProps : (DisableA & DisableB & DisableD<I>) | (DisableA & DisableB & EnableD<I>) | (DisableA & EnableB & DisableD<I>) | (DisableA & EnableB & EnableD<I>) | (EnableA & EnableB & DisableD<I>) | (EnableA & EnableB & EnableD<I>)"
contextuallyTypedFunctionOptionalAndRest,6,"L:>(a?, ...b) => {} : (a: any) => void || R:>(a?, ...b) => {} : (a?: any) => void"
contextuallyTypedGenericAssignment,5,"L:>foo : <A extends any[]>(arg: <T extends { a: number }>(t: T, ...rest: A) => number) => void || R:>foo : <A extends any[]>(arg: <T extends { a: number; }>(t: T, ...rest: A) => number) => void"
contextuallyTypedJsxAttribute,6,"L:>foo : { callback?: ((value: number) => void) | undefined; } || R:>foo : { callback?: (value: number) => void; }"
contextuallyTypedJsxChildren2,4,"L:/// <reference path='/.lib/react16.d.ts' /> || R:/// <reference path='react16.d.ts' />"
contextuallyTypedOptionalProperty(exactoptionalpropertytypes=false),12,"L:>foo : (pos: { x?: number | undefined; y?: number | undefined; }) => boolean || R:>foo : (pos: { x?: number; y?: number; }) => boolean"
contextuallyTypedOptionalProperty(exactoptionalpropertytypes=true),14,"L:>x : number || R:>x : number | undefined"
contextuallyTypedParametersOptionalInJSDoc,14,"L:>Fn : Fn || R: */"
contextuallyTypedParametersWithInitializers2,28,"L:>{    checkLimit: (ctx, max = 500) => {},    hasAccess: (ctx, user: { name: string }) => {},  } : { checkLimit: (ctx: any, max?: never) => void; hasAccess: (ctx: { count: number; }, user: { name: string; }) => void; } || R:>{    checkLimit: (ctx, max = 500) => {},    hasAccess: (ctx, user: { name: string }) => {},  } : { checkLimit: (ctx: { count: number; }, max?: number) => void; hasAccess: (ctx: { count: number; }, user: { name: string; }) => void; }"
contextuallyTypedParametersWithInitializers3,5,"L:>CanvasDirection : 'LEFT' | 'RIGHT' || R:>CanvasDirection : CanvasDirection"
contextuallyTypedParametersWithInitializers4,28,"L:>{    checkLimit: (ctx, max = 3) => {},  } : { checkLimit: (ctx: any, max?: any) => void; } || R:>{    checkLimit: (ctx, max = 3) => {},  } : { checkLimit: (ctx: { count: number; }, max?: number) => void; }"
contextuallyTypedSymbolNamedProperties,19,"L:>Action : { type: unique symbol; data: string; } | { type: unique symbol; data: number; } || R:>Action : Action"
contextuallyTypingOrOperator,8,"L:>{ a: s => s.length } || { a: s => 1 } : { a: (s: any) => any; } || R:>{ a: s => s.length } || { a: s => 1 } : { a: (s: string) => number; }"
contextuallyTypingOrOperator2,8,"L:>{ a: s => s.length } || { a: s => 1 } : { a: (s: any) => any; } || R:>{ a: s => s.length } || { a: s => 1 } : { a: (s: string) => number; }"
contravariantInferenceAndTypeGuard,16,"L:>this : typeof globalThis || R:>this : TContext"
contravariantOnlyInferenceFromAnnotatedFunctionJs,6,"L:>Funcs : Funcs<A, > || R: * @template A"
contravariantOnlyInferenceWithAnnotatedOptionalParameterJs,10,"L:>filter : (predicate: (value: unresolved, index: number) => boolean) => null || R:>filter : <T>(predicate: (value: T, index: number) => boolean) => T"
controlFlowAliasedDiscriminants,41,"L:>{ data: data1, isSuccess: isSuccess1 } : any || R:>data : any"
controlFlowAnalysisOnBareThisKeyword,5,"L:>isBig : (x: any) => boolean || R:>isBig : (x: any) => x is { big: true; }"
controlFlowArrayErrors,15,"L:>y : {} || R:>y : any[]"
controlFlowArrays,72,"L:>f3 : () => any || R:>f3 : () => (string | number)[]"
controlFlowAutoAccessor1,22,"L:>getTest : () => any || R:>getTest : () => number"
controlFlowBreakContinueWithLabel,29,"L:>user : User.A || R:>user : User"
controlFlowCaching,52,"L:>rotation : number || R:>rotation : any"
controlFlowCommaExpressionAssertionMultiple,5,"L:>Narrow : <T>(value: any) => void || R:>Narrow : <T>(value: any) => asserts value is T"
controlFlowCommaExpressionAssertionWithinTernary,5,"L:>assert : (value: any) => void || R:>assert : (value: any) => asserts value"
controlFlowCommaExpressionFunctionCall,14,"L:>isNumber : (obj: any) => boolean || R:>isNumber : (obj: any) => obj is number"
controlFlowDependentDestructuringOverloadedAssertion,7,"L:>State : { status: 'ready'; payload: { value?: string | undefined; }; } | { status: 'pending'; payload?: undefined; } || R:>State : State"
controlFlowDestructuringLoop,13,"L:>Val : NumVal | StrVal || R:>Val : Val"
controlFlowDestructuringParameters,17,"L:>({ x }) => x : (__0: { x: number; }) => number || R:>({ x }) => x : ({ x }: { x: number; }) => number"
controlFlowDestructuringVariablesInTryCatch,22,"L:>b : string || R:>f2() : [b: string]"
controlFlowFavorAssertedTypeThroughTypePredicate,7,"L:>isObject1 : (value: unknown) => boolean || R:>isObject1 : (value: unknown) => value is Record<string, unknown>"
controlFlowForCatchAndFinally,61,"L:>close : () => void || R:>close : () => Promise<void>"
controlFlowForCompoundAssignmentToThisMember,60,"L:>this._commandElement = target.commandElement : any || R:>this._commandElement = target.commandElement : unknown"
controlFlowForFunctionLike1,5,"L:>test1 : (a: number | string) => ((arg: number) => boolean) | undefined || R:>test1 : (a: number | string) => ((arg: typeof a) => boolean) | undefined"
controlFlowForIndexSignatures,15,"L:>a : (aboo1?: Foo | undefined) => void || R:>a : (aboo1?: Foo) => void"
controlFlowForStatementContinueIntoIncrementor1,21,"L:>i = iNext : any || R:>i = iNext : string | number"
controlFlowFunctionLikeCircular1,6,"L:>unionOfDifferentReturnType1 : ((a: any) => number) | ((a: number) => DateConstructor) || R:>unionOfDifferentReturnType1 : ((a: any) => number) | ((a: number) => typeof Date)"
controlFlowInitializedDestructuringVariables,5,"L:>obj : { a?: string | undefined; b?: number | undefined; } || R:>obj : { a?: string; b?: number; }"
controlFlowLoopAnalysis,65,"L:>x : number || R:>x : number | undefined"
controlFlowManyCallExpressionStatementsPerf,14,"L:>state : boolean || R:>state : true"
controlFlowNoCircularity,16,"L:>pattern : { target: [number, number]; intermediate: [number, number]; } || R:>pattern : { target: number[]; intermediate: number[]; }"
controlFlowNoImplicitAny,23,"L:>cond : true | false || R:>cond : boolean"
controlFlowOuterVariable,37,"L:>t.slice : (start?: number | undefined, end?: number | undefined) => T[] || R:>t.slice : (start?: number, end?: number) => T[]"
controlFlowPropertyDeclarations,132,"L:>length : number || R:>length : any"
controlFlowPropertyInitializer,14,"L:>name : 'Turbo Pascal' || R:>name : string"
controlFlowSelfReferentialLoop,1309,"L:>id : string || R:>id : string | number"
controlFlowUnionContainingTypeParameter1,10,"L:>typeguard : (val: unknown) => boolean || R:>typeguard : (val: unknown) => val is T"
controlFlowWithIncompleteTypes,27,"L:>x : string || R:>x : string | number | boolean"
convertClassExpressionToFunctionFromObjectProperty1(target=es2015),10,"L:>foo.x = class {    constructor () {}} : typeof (Anonymous class) || R:>foo.x = class {    constructor () {}} : typeof x"
correctOrderOfPromiseMethod,22,"L:>(): Promise<A[]> => { return [] } : () => Promise<A[]> || R:>async (): Promise<A[]> => { return [] } : () => Promise<A[]>"
correlatedUnions,13,"L:>UnionRecord : ({ [P in K]: any; })[K] || R:>UnionRecord : UnionRecord<K>"
crashDeclareGlobalTypeofExport,5,"L:>foo : typeof import('foo') || R:>foo : { default: Root; }"
crashInGetTextOfComputedPropertyName,12,"L:>AB : A | B || R:>AB : AB"
crashInResolveInterface,3,"L:=== file1.ts === || R:=== file2.ts ==="
crashInsourcePropertyIsRelatableToTargetProperty,16,"L:>foo : (x: 'hi', items: string[]) => (x: 'hi', items: string[]) => typeof foo || R:>foo : (x: 'hi', items: string[]) => typeof foo"
crashIntypeCheckInvocationExpression,8,"L:>doCompile : <P0, P1, P2>(fileset: P0, moduleType: P1) => undefined || R:>doCompile : <P0, P1, P2>(fileset: P0, moduleType: P1) => any"
crashRegressionTest,35,"L:>text : (value?: string | undefined) => any || R:>text : (value?: string) => any"
crossProductUnionIntersectionRepeatedPropDeclarationsNoOOM1,5,"L:>JsonPrimitive : string | number | boolean | null || R:>JsonPrimitive : JsonPrimitive"
customAsyncIterator,12,"L:>next : (value?: T | undefined) => Promise<IteratorResult<T, any>> || R:>next : (value?: T) => Promise<IteratorResult<T>>"
customEventDetail,10,"L:>x.initCustomEvent : (type: string, bubbles?: boolean | undefined, cancelable?: boolean | undefined, detail?: any) => void || R:>x.initCustomEvent : (type: string, bubbles?: boolean, cancelable?: boolean, detail?: any) => void"
cyclicGenericTypeInstantiation,5,"L:>foo : <T>() => { y2: any; } || R:>foo : <T>() => { y2: { y2: { y2: { y2: { y2: { y2: { y2: { y2: { y2: { y2: { y2: any; }; }; }; }; }; }; }; }; }; }; }"
cyclicGenericTypeInstantiationInference,5,"L:>foo : <T>() => { y2: any; } || R:>foo : <T>() => { y2: { y2: { y2: { y2: { y2: { y2: { y2: { y2: { y2: { y2: { y2: any; }; }; }; }; }; }; }; }; }; }; }"
cyclicTypeInstantiation,5,"L:>foo : <T>() => { a: T; b: ...; } || R:>foo : <T>() => { a: T; b: any; }"
dataViewConstructor,5,"L:>new DataView(new Uint8Array(32)) : DataView<ArrayBuffer & { BYTES_PER_ELEMENT?: undefined; }> || R:>new DataView(new Uint8Array(32)) : DataView<ArrayBuffer & { BYTES_PER_ELEMENT?: never; }>"
declFileAliasUseBeforeDeclaration,3,"L:=== declFileAliasUseBeforeDeclaration_foo.ts === || R:=== declFileAliasUseBeforeDeclaration_test.ts ==="
declFileAliasUseBeforeDeclaration2,16,"L:>E : A.C || R:>E : E"
declFileAmbientExternalModuleWithSingleExportedModule,3,"L:=== declFileAmbientExternalModuleWithSingleExportedModule_0.ts === || R:=== declFileAmbientExternalModuleWithSingleExportedModule_1.ts ==="
declFileConstructors(target=es2015),39,"L:>rests.join : (separator?: string | undefined) => string || R:>rests.join : (separator?: string) => string"
declFileEmitDeclarationOnly,31,"L:>name : void || R:>name : string"
declFileEnums,43,"L:>b :  || R:>b : e3.b"
declFileExportAssignmentImportInternalModule,27,"L:>server : { (): connectExport; test1: connectModule; test2(): connectModule; } || R:>server : { (): m2.connectExport; test1: m2.connectModule; test2(): m2.connectModule; }"
declFileForExportedImport,3,"L:=== declFileForExportedImport_0.ts === || R:=== declFileForExportedImport_1.ts ==="
declFileForInterfaceWithRestParams,6,"L:>foo : (...x: any[]) => any[] || R:>foo : (...x: any[]) => typeof x"
declFileFunctions(target=es2015),65,"L:>fooWithTypePredicate : (a: any) => boolean || R:>fooWithTypePredicate : (a: any) => a is number"
declFileGenericClassWithGenericExtendedClass,23,"L:>derived : Derived<any> || R:>derived : Derived<Baz>"
declFileGenericType,18,"L:>F2 : <T>(x: T) => A<B> || R:>F2 : <T>(x: T) => C.A<C.B>"
declFileGenericType2,30,"L:>getControllers : () => IController<IModel>[] || R:>getControllers : () => mvc.IController<mvc.IModel>[]"
declFileImportChainInExportAssignment,22,"L:>a : typeof c || R:>a : typeof a"
declFileImportModuleWithExportAssignment,3,"L:=== declFileImportModuleWithExportAssignment_0.ts === || R:=== declFileImportModuleWithExportAssignment_1.ts ==="
declFileImportedTypeUseInTypeArgPosition,19,"L:>x : typeof import('mod1') || R:>x : typeof x"
declFileInternalAliases,20,"L:>d : m.c || R:>d : x"
declFileMethods(target=es2015),33,"L:>rests.join : (separator?: string | undefined) => string || R:>rests.join : (separator?: string) => string"
declFileModuleContinuation,16,"L:>A.C : object || R:>A.C : any"
declFilePrivateMethodOverloads,12,"L:>_forEachBindingContext : { (bindingContext: IContext, fn: (bindingContext: IContext) => void): any; (bindingContextArray: IContext[], fn: (bindingContext: IContext) => void): any; } || R:>_forEachBindingContext : { (bindingContext: IContext, fn: (bindingContext: IContext) => void): any; (bindingContextArray: Array<IContext>, fn: (bindingContext: IContext) => void): any; }"
declFileRestParametersOfFunctionAndFunctionType,9,"L:>f2 : (x: (...args) => void) => void || R:>f2 : (x: (...args: any) => void) => void"
declFileTypeAnnotationBuiltInType(target=es2015),65,"L:>foo10 : () => undefined || R:>foo10 : () => any"
declFileTypeAnnotationTypeAlias(target=es2015),8,"L:>Value : string | number | boolean || R:>Value : Value"
declFileTypeAnnotationTypeLiteral(target=es2015),20,"L:>x : { (a: number): c; (a: string): g<string>; new (a: number): c; new (a: string): m.c; [n: number]: c; [n: string]: c; a: c; b: g<string>; m1(): g<number>; m2(a: string, b: number | undefined, ...c: any[]): string; } || R:>x : { (a: number): c; (a: string): g<string>; new (a: number): c; new (a: string): m.c; [n: number]: c; [n: string]: c; a: c; b: g<string>; m1(): g<number>; m2(a: string, b?: number, ...c: c[]): string; }"
declFileTypeAnnotationVisibilityErrorParameterOfFunction(target=es2015),21,"L:>foo2 : (param?: any) => void || R:>foo2 : (param?: private1) => void"
declFileTypeAnnotationVisibilityErrorTypeAlias(target=es2015),13,"L:>W : string | Window || R:>W : W"
declFileTypeofFunction,5,"L:>f : { (n: { (n: typeof f): string; (n: { (n: typeof g): number; (n: typeof f): number; }): string; }): string; (n: { (n: typeof g): number; (n: { (n: typeof f): string; (n: typeof g): string; }): number; }): string; } || R:>f : { (n: typeof f): string; (n: typeof g): string; }"
declFileTypeofInAnonymousType,36,"L:>c : { m1: typeof m1; } || R:>c : typeof m1.c"
declFileWithClassNameConflictingWithClassReferredByExtendsClause,24,"L:>A.B.Base : typeof Base || R:>A.B.Base : typeof A.B.Base"
declFileWithErrorsInInputDeclarationFile,3,"L:=== declFile.d.ts === || R:=== client.ts ==="
declFileWithInternalModuleNameConflictsInExtendsClause1,18,"L:>X.A.C : object || R:>X.A.C : any"
declFileWithInternalModuleNameConflictsInExtendsClause2,16,"L:>A.C : object || R:>A.C : any"
declFileWithInternalModuleNameConflictsInExtendsClause3,16,"L:>X.A.C : object || R:>X.A.C : any"
declInput,21,"L:>c : undefined || R:>undefined : undefined"
declInput3,21,"L:>c : undefined || R:>undefined : undefined"
declarationEmitAliasExportStar,11,"L:>things : typeof import('things') || R:>things : typeof things"
declarationEmitAliasFromIndirectFile,33,"L:>key : 'ar' | 'bg' || R:>key : key"
declarationEmitAliasInlineing,26,"L:>key : 'prop' | 'prop2' || R:>key : keyof O"
declarationEmitAliasesOfArrowsWillingToUseTypeof,63,"L:>{ FunctionComponent, ArrowComponent, FunctionComponentAlias, ArrowComponentAlias } : { FunctionComponent: any; ArrowComponent: any; FunctionComponentAlias: any; ArrowComponentAlias: any; } || R:>{ FunctionComponent, ArrowComponent, FunctionComponentAlias, ArrowComponentAlias } : { FunctionComponent: { (props: { x: number; y: number; z: number; }): null; args: { x: number; y: number; z: number; }; }; ArrowComponent: { (props: { x: number; y: number; z: number; }): null; args: { x: number; y: number; z: number; }; }; FunctionComponentAlias: { (props: { x: number; y: number; z: number; }): null; args: { x: number; y: number; z: number; }; }; ArrowComponentAlias: { (props: { x: number; y: number; z: number; }): null; args: { x: number; y: number; z: number; }; }; }"
declarationEmitAsConstSatisfiesNonReadonlyResult,5,"L:>obj : { array: { n: number; }[]; } || R:>obj : { readonly array: [{ readonly n: 1; }, { readonly n: 2; }]; }"
declarationEmitAugmentationUsesCorrectSourceFile,25,"L:>method : () => any || R:>method : () => ShouldJustBeAny"
declarationEmitBindingPatternWithReservedWord,31,"L:>getLocales : <T extends LocaleData>(__0: GetLocalesOptions<T>) => ConvertLocaleConfig<T> || R:>getLocales : <T extends LocaleData>({ app, name, default: defaultLocalesConfig, config: userLocalesConfig, }: GetLocalesOptions<T>) => ConvertLocaleConfig<T>"
declarationEmitBindingPatternsFunctionExpr,10,"L:>notReferenced : (__0: Named) => void || R:>notReferenced : ({ name: alias }: Named) => void"
declarationEmitBindingPatternsUnused,12,"L:>duplicateIndetifiers : (__0: Named) => void || R:>duplicateIndetifiers : ({ name: alias, name: alias2 }: Named) => void"
declarationEmitClassAccessorsJs1,24,"L:>path : string || R:>path : string | URL"
declarationEmitClassMemberNameConflict2(target=es2015),27,"L:>Bar : 'bar' || R:>Bar : string"
declarationEmitClassMixinLocalClassDeclaration,32,"L:>Mixin(    [Base],    (base: AnyConstructor<Base, typeof Base>) => {        class XmlElement2 extends base {            num: number = 0        }        return XmlElement2;    }) : typeof XmlElement2 || R:>Mixin(    [Base],    (base: AnyConstructor<Base, typeof Base>) => {        class XmlElement2 extends base {            num: number = 0        }        return XmlElement2;    }) : XmlElement2"
declarationEmitCommonJsModuleReferencedType,35,"L:>foo : () => [SomeProps, OtherProps, OtherIndexProps, NestedProps] || R:>foo : () => [import('foo').SomeProps, import('foo/other').OtherProps, import('foo/other/index').OtherIndexProps, import('foo/node_modules/nested').NestedProps]"
declarationEmitComputedNameCausesImportToBePainted,21,"L:>{  [Key]: 'bar',} : { [x: symbol]: string; } || R:>{  [Key]: 'bar',} : { [Key]: string; }"
declarationEmitComputedNameConstEnumAlias,20,"L:>{    [EnumExample.TEST]: {},} : { [x: string]: {}; } || R:>{    [EnumExample.TEST]: {},} : { [EnumExample.TEST]: {}; }"
declarationEmitComputedNameWithQuestionToken,8,"L:>dataSomething : string || R:>dataSomething : `data-${string}`"
declarationEmitComputedNamesInaccessible,20,"L:>localOtherField : 'g2' | 'g1' || R:>localOtherField : 'g1' | 'g2'"
declarationEmitComputedPropertyName1,10,"L:>c : { data: { a_b_c: string; sss: string; s_d: string; queryData?: string | undefined; 'foo bar': string; }; a_b_c: string; } || R:>c : { data: { ['a_b_c']: string; ['sss']: string; s_d: string; queryData?: string; ['foo bar']: string; }; a_b_c: string; }"
declarationEmitComputedPropertyNameEnum1,18,"L:>x : { a: 0; } | undefined || R:>x : { [Enum.A]: 0; } | undefined"
declarationEmitComputedPropertyNameEnum2,6,"L:>x : {} | undefined || R:>x : { [x: number]: 0; } | undefined"
declarationEmitComputedPropertyNameEnum3,32,"L:>foo : { x?: {} | undefined; } || R:>foo : { x?: {}; }"
declarationEmitComputedPropertyNameSymbol1,14,"L:>x : { [Symbol.sym]: 0; } | undefined || R:>x : { [Foo.sym]: 0; } | undefined"
declarationEmitComputedPropertyNameSymbol2,14,"L:>x : { [Symbol.sym]: 0; } | undefined || R:>x : { [Foo.sym]: 0; } | undefined"
declarationEmitConstObjectLiteralGenericMethod1,5,"L:>obj1 : { id<T>(value: T): T; pair<T>(left: T, right: T): T[]; } || R:>obj1 : { readonly id: <T>(value: T) => T; readonly pair: <T>(left: T, right: T) => T[]; }"
declarationEmitCrossFileCopiedGeneratedImportType,25,"L:>foo : typeof Foo || R:>foo : import('../projA').Foo"
declarationEmitCrossFileImportTypeOfAmbientModule,20,"L:>item : typeof Foo || R:>item : typeof import('@namespace/component').Foo"
declarationEmitDestructuring1,5,"L:>foo : (__0: [string, string, string]) => void || R:>foo : ([a, b, c]: [string, string, string]) => void"
declarationEmitDestructuringArrayPattern1,6,"L:>[1, 'hello'] : (string | number)[] || R:>1 : 1"
declarationEmitDestructuringArrayPattern3,8,"L:>[a, b] : any || R:>a : number"
declarationEmitDestructuringArrayPattern4,6,"L:>a5 : number[] || R:>[1, 2, 3] : number[]"
declarationEmitDestructuringArrayPattern5,5,"L:>[, , z] : any || R:>z : number"
declarationEmitDestructuringObjectLiteralPattern,5,"L:>{ } : any || R:>{ x: 5, y: 'hello' } : { x: number; y: string; }"
declarationEmitDestructuringObjectLiteralPattern1,5,"L:>{ } : any || R:>{ x: 5, y: 'hello' } : { x: number; y: string; }"
declarationEmitDestructuringObjectLiteralPattern2,5,"L:>{ a: x11, b: { a: y11, b: { a: z11 }}} : any || R:>a : any"
declarationEmitDestructuringOptionalBindingParametersInOverloads,5,"L:>foo : (__0?: [string, number, boolean]) => any || R:>foo : ([x, y, z]?: [string, number, boolean]) => any"
declarationEmitDestructuringParameterProperties,8,"L:>[x, y, z] : any || R:>x : string"
declarationEmitDestructuringParameterProperties2,8,"L:>[x, y, z] : any || R:>x : string"
declarationEmitDestructuringPrivacyError,11,"L:>[x, y, z] : any || R:>x : number"
declarationEmitDestructuringWithOptionalBindingParameters,5,"L:>foo : (__0?: [string, number, boolean] | undefined) => void || R:>foo : ([x, y, z]?: [string, number, boolean]) => void"
declarationEmitDistributiveConditionalWithInfer,6,"L:>fun : (subFun: <Collection, Field extends keyof Collection>() || R:>fun : (subFun: <Collection, Field extends keyof Collection>() => FlatArray<Collection[Field], 0>[]) => void"
declarationEmitDoesNotUseReexportedNamespaceAsLocal,9,"L:>x : unknown || R:>x : typeof import('./sub')"
declarationEmitDuplicateParameterDestructuring,5,"L:>fn1 : (__0: { prop: number; }) => number || R:>fn1 : ({ prop: a, prop: b }: { prop: number; }) => number"
declarationEmitEnumReadonlyProperty,20,"L:>type : E || R:>type : E.A"
declarationEmitEnumReferenceViaImportEquals,6,"L:>translationKey : TranslationKeyEnum || R:>translationKey : Translation.TranslationKeyEnum"
declarationEmitExactOptionalPropertyTypesNodeNotReused(exactoptionalpropertytypes=false),28,"L:>Out : { bar?: number | undefined; baz?: undefined; foo?: string | undefined; } & { bar: number; baz: undefined; foo: string | undefined; } || R:>Out : Out"
declarationEmitExactOptionalPropertyTypesNodeNotReused(exactoptionalpropertytypes=true),18,"L:>foo : string || R:>foo : string | undefined"
declarationEmitExpandoWithGenericConstraint,21,"L:>Point : Point || R:>Point : { (x: number, y: number): Point; zero: () => Point; }"
declarationEmitExportAliasVisibiilityMarking,5,"L:>Suit : 'Clubs' | 'Diamonds' | 'Hearts' | 'Spades' || R:>Suit : Suit"
declarationEmitExportAssignedNamespaceNoTripleSlashTypesReference,25,"L:>'react' : object || R:>'react' : error"
declarationEmitExpressionInExtends2,24,"L:>getClass(2) : typeof C || R:>getClass(2) : C<string, number>"
declarationEmitExpressionInExtends3,51,"L:>getLocalClass<LocalInterface>(undefined) : typeof LocalClass || R:>getLocalClass<LocalInterface>(undefined) : LocalClass<string, number>"
declarationEmitExpressionInExtends5,18,"L:>getClass<IFace>() : new () => IFace || R:>getClass<IFace>() : IFace"
declarationEmitExpressionWithNonlocalPrivateUniqueSymbol,15,"L:>A : AX || R:>A : { readonly A: unique symbol; }"
declarationEmitFirstTypeArgumentGenericFunctionType,32,"L:>f4 : () => X<<Tany>() => Tany> || R:>f4 : () => X<(<Tany>() => Tany)>"
declarationEmitForDefaultExportClassExtendingExpression01,30,"L:>getGreeterBase() : GreeterConstructor || R:>getGreeterBase() : Greeter"
declarationEmitForMixinsWithStaticAccessors1,61,"L:>mix(A, B) : typeof A & typeof B || R:>mix(A, B) : A"
declarationEmitForModuleImportingModuleAugmentationRetainsImport,8,"L:>'./parent' : object || R:>'./parent' : typeof import('./parent')"
declarationEmitForTypesWhichNeedImportTypes,14,"L:>createNamed : () => Named || R:>createNamed : () => import('./b').Named"
declarationEmitGenericTypeParamerSerialization2,5,"L:>ExpandRecursively : ExpandRecursively<T> || R:>ExpandRecursively : { [P in keyof T]: T[P]; }"
declarationEmitGenericTypeParamerSerialization3,5,"L:>mixin : <T extends new (...args: any[]) => {}>(superclass: T) => typeof (Anonymous class) || R:>mixin : <T extends { new (...args: any[]): {}; }>(superclass: T) => { new (...args: any[]): (Anonymous class); prototype: mixin.(Anonymous class); } & T"
declarationEmitGlobalThisPreserved,14,"L:>a1 : (isNaN: (number: number) => boolean) => (number: number) => boolean || R:>a1 : (isNaN: typeof globalThis.isNaN) => typeof globalThis.isNaN"
declarationEmitHasTypesRefOnNamespaceUse,3,"L:=== /deps/dep/dep.d.ts === || R:=== /src/index.ts ==="
declarationEmitHigherOrderRetainedGenerics,143,"L:>productMany : <R, O, E, A>(self: Kind<F, R, O, E, A>, collection: Iterable<Kind<F, R, O, E, A>>) => Kind<F, R, O, E, [A, ...any]> || R:>productMany : <R, O, E, A>(self: Kind<F, R, O, E, A>, collection: Iterable<Kind<F, R, O, E, A>>) => Kind<F, R, O, E, [A, ...Array<A>]>"
declarationEmitImportSpecifierWithTsExtensionRelativeImport,13,"L:>B : typeof import('Box') || R:>B : typeof B"
declarationEmitIndexTypeArray,9,"L:>utilityFunctions : { doSomethingWithKeys: any; } || R:>utilityFunctions : { doSomethingWithKeys: <T>(...keys: (keyof T)[]) => void; }"
declarationEmitIndexTypeNotFound,6,"L:>index : unresolved || R:>index : TypeNotFound"
declarationEmitInferredTypeAlias1,9,"L:>obj : Data || R:>obj : string | boolean"
declarationEmitInferredTypeAlias2,9,"L:>obj : Data || R:>obj : string | boolean"
declarationEmitInferredTypeAlias3,9,"L:>obj : Data || R:>obj : string | boolean"
declarationEmitInferredTypeAlias4,5,"L:>f : <A>() => Foo<A[]> || R:>f : <A>() => A[] | { x: A[] | any; }"
declarationEmitInferredTypeAlias5,5,"L:>Data : string | boolean || R:>Data : Data"
declarationEmitInferredTypeAlias6,9,"L:>obj : Data || R:>obj : string | boolean"
declarationEmitInferredTypeAlias7,5,"L:>Data : string | boolean || R:>Data : Data"
declarationEmitInferredUndefinedPropFromFunctionInArray,7,"L:>b : ({ foo: number; m(): void; } | { bar: number; })[] || R:>b : ({ foo: number; m(): void; bar?: undefined; } | { foo?: undefined; m?: undefined; bar: number; })[]"
declarationEmitInlinedDistributiveConditional,5,"L:>dropPrivateProps1 : <Obj>(obj: Obj) => { [K in PublicKeys1<keyof Obj>]: any; } || R:>dropPrivateProps1 : <Obj>(obj: Obj) => { [K in import('./internal').PublicKeys1<keyof Obj>]: Obj[K]; }"
declarationEmitIsolatedDeclarationErrorNotEmittedForNonEmittedFile,51,"L:>create : <TOptions extends Record<string, any>>() => { procedure: {}; middleware: <TNewParams extends Record<string, any>>(fn: import('./middleware').MiddlewareFunction<{ || R:>create : <TOptions extends Record<string, any>>() => { procedure: {}; middleware: <TNewParams extends Record<string, any>>(fn: import('./middleware').MiddlewareFunction<{ _config: RootConfig<{ errorShape: ErrorFormatterShape<PickFirstDefined<TOptions['errorFormatter'], ErrorFormatter<TParams['ctx'] extends object ? TParams['ctx'] : object, DefaultErrorShape>>>; }>; }, TNewParams>) => import('./middleware').MiddlewareBuilder<{ _config: RootConfig<{ errorShape: ErrorFormatterShape<PickFirstDefined<TOptions['errorFormatter'], ErrorFormatter<TParams['ctx'] extends object ? TParams['ctx'] : object, DefaultErrorShape>>>; }>; }, TNewParams>; router: {}; }"
declarationEmitKeywordDestructuring,28,"L:>f1 : (__0: P) => { function: boolean; abstract: boolean; async: boolean; await: boolean; one: boolean; } || R:>f1 : ({ enum: _enum, ...rest }: P) => { function: boolean; abstract: boolean; async: boolean; await: boolean; one: boolean; }"
declarationEmitKeywordPropertyNames,39,"L:>b : { foo: string; bar: string; buzz: string; new: string; delete: string; break: string; continue: string; } || R:>b : { readonly foo: 'foo'; readonly bar: 'bar'; readonly buzz: 'buzz'; readonly new: 'new'; readonly delete: 'delete'; readonly break: 'break'; readonly continue: 'continue'; }"
declarationEmitLambdaWithMissingTypeParameterNoCrash,6,"L:>preFetch : <T1 extends unknown>(c: T1) => void || R:>preFetch : <T1 extends T2>(c: T1) => void"
declarationEmitLateBoundAssignments,5,"L:>foo : { (): void; bar: number; [Symbol._private]: string; strMemName: string; 'dashed-str-mem': string; 42: string; } || R:>foo : { (): void; bar: number; [_private]: string; strMemName: string; 'dashed-str-mem': string; 42: string; }"
declarationEmitLateBoundAssignments2,67,"L:>decl5 : { (): void; 101: number; } || R:>decl5 : { (): void; '101': number; }"
declarationEmitLocalClassDeclarationMixin,8,"L:>mixin : <B extends Constructor<{}>>(Base: B) => typeof PrivateMixed || R:>mixin : <B extends Constructor<{}>>(Base: B) => { new (...args: any[]): PrivateMixed; prototype: mixin.PrivateMixed; } & B"
declarationEmitMappedTypeDistributivityPreservesConstraints,15,"L:>fn : <T extends { x: any; }>(sliceIndex: T) => AllArg<T['x']> || R:>fn : <T extends { x: Map<T['x']>; }>(sliceIndex: T) => AllArg<T['x']>"
declarationEmitMappedTypePreservesTypeParameterConstraint,7,"L:>requiredKeys : ({ [k in keyof T]: any; })[keyof T] || R:>requiredKeys : requiredKeys<T>"
declarationEmitMappedTypePropertyFromNumericStringKey,5,"L:>f : { 0: string | number; } || R:>f : { '0': string | number; }"
declarationEmitMappedTypeTemplateTypeofSymbol,8,"L:>Timestamp : { [TKey in typeof timestampSymbol]: any; } || R:>Timestamp : { [timestampSymbol]: true; }"
declarationEmitMergedAliasWithConst,5,"L:>Color : { Red: string; Green: string; Blue: string; } || R:>Color : { readonly Red: 'Red'; readonly Green: 'Green'; readonly Blue: 'Blue'; }"
declarationEmitNameConflicts,3,"L:=== declarationEmit_nameConflicts_1.ts === || R:=== declarationEmit_nameConflicts_0.ts ==="
declarationEmitNameConflicts2,22,"L:>E :  || R:>E : E"
declarationEmitNameConflicts3,49,"L:>v : D || R:>v : M.D"
declarationEmitNameConflictsWithAlias,14,"L:>w : I || R:>w : v.I"
declarationEmitNestedAnonymousMappedType,5,"L:>enumFromStrings : <Members extends readonly string[]>() => Part2 || R:>enumFromStrings : <const Members extends readonly string[]>() => { [Property in keyof { [key in keyof Members as Members[key] extends string ? Members[key] : never]: Members[key]; }]: { [key in keyof Members as Members[key] extends string ? Members[key] : never]: Members[key]; }[Property]; }"
declarationEmitNestedBindingPattern,12,"L:} || R:// Nested object binding pattern"
declarationEmitNestedExpandoPropsRegression,11,"L:>top : Window | null || R:>top : number"
declarationEmitNestedGenerics,5,"L:>f : <T>(p: T) => <T>(x: T) => T || R:>f : <T>(p: T) => <T_1>(x: T_1) => typeof p"
declarationEmitNoCrashOnCommentCopiedFromOtherFile,13,"L:>foo : () => (_item: unknown) => boolean || R:>foo : () => (_item: unknown) => _item is boolean"
declarationEmitNoCrashOnCrossFileNode,5,"L:>foo : () => (__0: { a: string; b: string; }) => void || R:>foo : () => ({ a, b }: { a: string; b: string; }) => void"
declarationEmitNoInvalidCommentReuse3,5,"L:>object : { foo: 1; } || R:>object : { foo: id.A<1>; }"
declarationEmitNoNonRequiredParens,18,"L:>bar : (Test)[] || R:>bar : Test[]"
declarationEmitNonAsciiStringLiteralType,5,"L:>IconEmojis : { alert_low: string; } || R:>IconEmojis : { readonly alert_low: '⚠️'; }"
declarationEmitNonExportedBindingPattern,16,"L:>{ foo } : any || R:>foo : { test: number; }"
declarationEmitObjectAssignedDefaultExport,17,"L:>hoistNonReactStatics : typeof import('index') || R:>hoistNonReactStatics : any"
declarationEmitObjectLiteralAccessors1,26,"L:>obj2 : { x: string; } || R:>obj2 : { get x(): string; set x(a: number); }"
declarationEmitObjectLiteralAccessorsJs1,32,"L:>obj2 : { x: string; } || R:>obj2 : { get x(): string; set x(a: number); }"
declarationEmitOfTypeofAliasedExport,13,"L:>a : typeof import('a') || R:>a : typeof a"
declarationEmitOptionalMappedTypePropertyNoStrictNullChecks1,5,"L:>Id : Id<T> || R:>Id : { [K in keyof T]: T[K]; }"
declarationEmitOptionalMappedTypePropertyNoStrictNullChecks2,5,"L:>Id : Id<T> || R:>Id : { [K in keyof T]: T[K]; }"
declarationEmitOptionalMappedTypePropertyNoStrictNullChecks3,5,"L:>Id : Id<T> || R:>Id : { [K in keyof T]: T[K]; }"
declarationEmitOptionalMappedTypePropertyNoStrictNullChecks4,16,"L:>...({} as AsEmptyObject<InputType>) : any || R:>({} as AsEmptyObject<InputType>) : AsEmptyObject<InputType>"
declarationEmitOptionalMethod,5,"L:>Foo : (opts: { a?(): void; b?: (() => void) | undefined; }) => { c?(): void; d?: (() => void) | undefined; } || R:>Foo : (opts: { a?(): void; b?: () => void; }) => { c?(): void; d?: () => void; }"
declarationEmitOptionalParameterUndefined,5,"L:>simple_primitive : (foo?: number | boolean | null, _: string) => void || R:>simple_primitive : (foo: number | boolean | null | undefined, _: string) => void"
declarationEmitOverloadedPrivateInference,23,"L:>proxy : { <T, U>(fn: (options: T) => U): (options: T) => U; <T, U>(fn: (options?: T | undefined) => U, noArgs: true): (options?: T | undefined) => U; } || R:>proxy : { <T, U>(fn: (options: T) => U): (options: T) => U; <T_1, U_1>(fn: (options?: T_1) => U_1, noArgs: true): (options?: T_1) => U_1; }"
declarationEmitPartialNodeReuseTypeOf,17,"L:>o : (p1: 'nImported', p2: 'nNotImported', p3: 'private') => { foo: 'nImported'; bar: 'private'; baz: 'nNotImported'; } || R:>o : (p1: typeof nImported, p2: typeof nNotImported, p3: typeof nPrivate) => { foo: typeof nImported; bar: typeof nPrivate; baz: typeof nNotImported; }"
declarationEmitPartialNodeReuseTypeReferences,15,"L:>o : (p1: SpecialString, p2: PrivateSpecialString, p3: N.SpecialString) => { foo: string; bar: string; baz: string; } || R:>o : (p1: SpecialString, p2: PrivateSpecialString, p3: N.SpecialString) => { foo: SpecialString; bar: PrivateSpecialString; baz: N.SpecialString; }"
declarationEmitPartialReuseComputedProperty,18,"L:>o : () => { A: string; foo: string; 1: number; '-1': number; } || R:>o : () => { [n]: string; foo: string; [poz]: number; [neg]: number; }"
declarationEmitPrivateNameCausesError,11,"L:>ignoreExtraVariables : <CtorT extends new (...args: any[]) => {}>(ctor: CtorT) => typeof (Anonymous class) || R:>ignoreExtraVariables : <CtorT extends { new (...args: any[]): {}; }>(ctor: CtorT) => { new (...args: any[]): (Anonymous class); prototype: ignoreExtraVariables.(Anonymous class); } & CtorT"
declarationEmitPrivateNameInTypeQuery,37,"L:>a : boolean || R:>a : number"
declarationEmitPrivateReadonlyLiterals,8,"L:>A : string || R:>A : 'a'"
declarationEmitPromise,12,"L:>runSampleWorks : <A, B, C, D, E>(a: bluebird<A>, b?: bluebird<B> | undefined, c?: bluebird<C> | undefined, d?: bluebird<D> | undefined, e?: bluebird<E> | undefined) => Promise<(<T>(f: (a: A, b?: B, c?: C, d?: D, e?: E) => T) => T) & {}> || R:>runSampleWorks : <A, B, C, D, E>(a: bluebird<A>, b?: bluebird<B>, c?: bluebird<C>, d?: bluebird<D>, e?: bluebird<E>) => Promise<<T>(f: (a: A, b?: B, c?: C, d?: D, e?: E) => T) => T>"
declarationEmitPropertyNumericStringKey,7,"L:>STATUS : { 404: string; } || R:>STATUS : { readonly '404': 'not found'; }"
declarationEmitProtectedMembers(target=es2015),55,"L:>f : () => any || R:>f : () => number"
declarationEmitQualifiedAliasTypeArgument,41,"L:>create : <T>() => () => INode<T> || R:>create : <T>() => () => import('./bbb').INode<T>"
declarationEmitQualifiedName,21,"L:>A : { item: { a: E; }; } || R:>A : { readonly item: { readonly a: E.A; }; }"
declarationEmitReadonlyAsConst,5,"L:>value : { method(): string; prop: { nested: number; }; } || R:>value : { readonly method: () => string; readonly prop: { readonly nested: 1; }; }"
declarationEmitReadonlyComputedProperty,19,"L:>{    [SYMBOL]: ''  } : { [x: symbol]: string; } || R:>{    [SYMBOL]: ''  } : { [SYMBOL]: string; }"
declarationEmitReexportedSymlinkReference,3,"L:=== monorepo/pkg1/dist/index.d.ts === || R:=== monorepo/pkg3/src/index.ts ==="
declarationEmitReexportedSymlinkReference2,3,"L:=== monorepo/pkg1/dist/index.d.ts === || R:=== monorepo/pkg3/src/index.ts ==="
declarationEmitReexportedSymlinkReference3,3,"L:=== monorepo/pkg1/dist/index.d.ts === || R:=== monorepo/pkg3/src/index.ts ==="
declarationEmitResolveTypesIfNotReusable,10,"L:>a : { b: 'value of b'; notNecessary: 'X'; } || R:>a : { b: 'value of b'; notNecessary: typeof u; }"
declarationEmitRetainedAnnotationRetainsImportInOutput,14,"L:>E : typeof import('index') || R:>E : typeof E"
declarationEmitRetainsJsdocyComments,49,"L:>{    /**    * comment5    */    someMethod} : any || R:    /**"
declarationEmitReusesLambdaParameterNodes,19,"L:>x : Props<Option, Whatever> & {} || R:>x : Omit<import('react-select').Whatever, 'y'> & Partial<import('react-select').Whatever> & Option"
declarationEmitScopeConsistency,16,"L:>f : (x: A) => A || R:>f : (x: import('./a').A) => import('./a').A"
declarationEmitScopeConsistency3,10,"L:>f : (v: 'inner') => () => 'inner' || R:>f : (v: 'inner') => () => typeof v"
declarationEmitShadowing,8,"L:>ShadowedButDoesNotRequireRenaming : <T>() => T || R:>ShadowedButDoesNotRequireRenaming : <T_1>() => T_1"
declarationEmitShadowingInferNotRenamed,14,"L:>createClient : <D extends Record<string, new (...args: any[]) => string> | (new (...args: any[]) => string)>(clientDef: D) => D extends new (...args: any[]) => C ? UpdatedClient<C> : { [K in keyof D]: any; } || R:>createClient : <D extends (new (...args: any[]) => Client) | Record<string, new (...args: any[]) => Client>>(clientDef: D) => D extends new (...args: any[]) => infer C ? UpdatedClient<C> : { [K in keyof D]: D[K] extends new (...args: any[]) => infer C ? UpdatedClient<C> : never; }"
declarationEmitSimpleComputedNames1,18,"L:>{    [fieldName]() {        return 'result';    }} : any || R:>{    [fieldName]() {        return 'result';    }} : { [fieldName]: () => string; }"
declarationEmitSpreadStringlyKeyedEnum,6,"L:>'0-17' : AgeGroups.0-17 || R:>'0-17' : (typeof AgeGroups)['0-17']"
declarationEmitStringEnumUsedInNonlocalSpread,37,"L:>{            [TestEnum.Test1]: '123',            [TestEnum.Test2]: '123',        } : { [x: string]: string; } || R:>{            [TestEnum.Test1]: '123',            [TestEnum.Test2]: '123',        } : { [TestEnum.Test1]: string; [TestEnum.Test2]: string; }"
declarationEmitSymlinkPaths(target=es2015),26,"L:>getNotification : () => NotificationResponse || R:>getNotification : () => import('../API/NotificationAPIUtils').NotificationResponse"
declarationEmitTopLevelNodeFromCrossFile,16,"L:>fn : { o: (a?: (X | undefined)[]) => void; } || R:>fn : { o: (a?: (import('./a').X | undefined)[]) => void; }"
declarationEmitTopLevelNodeFromCrossFile2,5,"L:>boxedBox : typeof Box || R:>boxedBox : import('./box').Box<{ boxed: import('./box').Box<number>; }>"
declarationEmitTransitiveImportOfHtmlDeclarationItem,12,"L:>func : () => any || R:>func : () => CustomHtmlRepresentationThing"
declarationEmitTupleRestSignatureLeadingVariadic,5,"L:>f : <TFirstArgs extends any[], TLastArg>(...args_0: TFirstArgs, args_1: TLastArg) => void || R:>f : <TFirstArgs extends any[], TLastArg>(...args: [...TFirstArgs, TLastArg]) => void"
declarationEmitTypeAliasWithTypeParameters3,8,"L:>foo : <U>() => any || R:>foo : <U>() => Foo<U>"
declarationEmitTypeAliasWithTypeParameters4,8,"L:>foo : <U, J>() => any || R:>foo : <U, J>() => Foo<U, J>"
declarationEmitTypeAliasWithTypeParameters5,8,"L:>foo : <U, J>() => any || R:>foo : <U, J>() => Foo<U, J>"
declarationEmitTypeAliasWithTypeParameters6,8,"L:>foo : <U, J>() => any || R:>foo : <U, J>() => Foo<U, J>"
declarationEmitTypeParameterNameInOuterScope,19,"L:>a3 : <A>(x: A) => any || R:>a3 : <A>(x: A) => globalThis.A"
declarationEmitTypeParameterNameShadowedInternally,5,"L:>foo : <T>(x: T) => <T>(y: T) => readonly [T, T] || R:>foo : <T>(x: T) => <T_1>(y: T_1) => readonly [T, T_1]"
declarationEmitTypeofDefaultExport,9,"L:>a : typeof import('a') || R:>a : typeof a"
declarationEmitTypeofIndexedAccessNoParens,33,"L:>CArr : { A: number; }[] || R:>CArr : CArr"
declarationEmitTypeofRest,5,"L:>v1 : (n: 'n', a: 'a') => { a: [n: 'n', a: 'a']; } || R:>v1 : (n: 'n', a: 'a') => { a: typeof a; }"
declarationEmitUnnessesaryTypeReferenceNotAdded(target=es2015),3,"L:=== /node_modules/@types/minimist/minimist.d.ts === || R:=== /index.ts ==="
declarationEmitUnsafeImportSymbolName,17,"L:>getSpecial : () => MySpecialType || R:>getSpecial : () => import('foo/node_modules/nested').MySpecialType"
declarationEmitUsingAlternativeContainingModules1,5,"L:>QueryKey : readonly unknown[] || R:>QueryKey : QueryKey"
declarationEmitUsingAlternativeContainingModules2,5,"L:>QueryKey : readonly unknown[] || R:>QueryKey : QueryKey"
declarationEmitUsingTypeAlias1,24,"L:>foo : (thing: SomeType) => any || R:>foo : (thing: SomeType) => import('../node_modules/some-dep/dist/inner').SomeType"
declarationEmitUsingTypeAlias2,39,"L:>goodDeclaration : <T>() => () => { shouldPrintResult: T extends Other ? 'O' : 'N'; shouldPrintResult2: T extends unique symbol ? Other : 'N'; shouldLookupName: unique symbol; shouldReuseLocalName: unique symbol; reuseDepName: unique symbol; } || R:>goodDeclaration : <T>() => () => { shouldPrintResult: T extends Other ? 'O' : 'N'; shouldPrintResult2: T extends typeof shouldBeElided ? Other : 'N'; shouldLookupName: typeof import('./other').shouldLookupName; shouldReuseLocalName: typeof shouldReuseLocalName; reuseDepName: typeof reuseDepName; }"
declarationEmitVariableBindingPatternsRetained,16,"L:>{ a } : any || R:>a : () => string"
declarationEmitWithDefaultAsComputedName(target=es2015),31,"L:>other : Experiment<'foo'> || R:>other : { name: 'foo'; }"
declarationEmitWithDefaultAsComputedName2(target=es2015),31,"L:>other2 : typeof import('other') || R:>other2 : typeof other2"
declarationEmitWithInvalidPackageJsonTypings,17,"L:>{ current } : { current: any; } || R:>{ current } : { current: T; }"
declarationFunctionTypeNonlocalShouldNotBeAnError,11,"L:>obj : { bar: any; } || R:>obj : { bar: () => void; }"
declarationImportTypeAliasInferredAndEmittable,24,"L:>x : typeof Conn || R:>x : import('./foo')"
declarationMapCrossFileNodeReuse,21,"L:>getWidget : () => (w: Widget) => 'id' | 'name' || R:>getWidget : () => (w: Widget) => keyof Widget"
declarationMaps,24,"L:>m2 : { (): connectExport; test1: connectModule; test2(): connectModule; } || R:>m2 : { (): m2.connectExport; test1: m2.connectModule; test2(): m2.connectModule; }"
declarationMapsWithoutDeclaration,24,"L:>m2 : { (): connectExport; test1: connectModule; test2(): connectModule; } || R:>m2 : { (): m2.connectExport; test1: m2.connectModule; test2(): m2.connectModule; }"
declarationNoDanglingGenerics,10,"L:>register : (kind: string) => void || R:>register : (kind: string) => void | never"
declarationsForFileShadowingGlobalNoError,33,"L:>domNode : Node || R:>domNode : globalThis.Node"
declarationsForIndirectTypeAliasReference,20,"L:>StringHash : Hash<string> || R:>StringHash : StringHash"
declarationsForInferredTypeFromOtherFile,9,"L:>foo : () => typeof Foo || R:>foo : () => import('./file1').Foo"
declarationsIndirectGeneratedAliasReference,23,"L:>Ctor : CtorConstructor || R:>Ctor : import('./ctor').CtorConstructor"
declarationsWithRecursiveInternalTypesProduceUniqueTypeParams,12,"L:>Value : U[K] || R:>Value : Value<K, U>"
declareDottedExtend,20,"L:>ab : typeof B || R:>ab : typeof ab"
declareFileExportAssignment,24,"L:>m2 : { (): connectExport; test1: connectModule; test2(): connectModule; } || R:>m2 : { (): m2.connectExport; test1: m2.connectModule; test2(): m2.connectModule; }"
declareFileExportAssignmentWithVarFromVariableStatement,26,"L:>m2 : { (): connectExport; test1: connectModule; test2(): connectModule; } || R:>m2 : { (): m2.connectExport; test1: m2.connectModule; test2(): m2.connectModule; }"
decoratorMetadataConditionalType,15,"L:>attributes : T extends { attributes: A; } ? A : undefined || R:>attributes : T extends { attributes: infer A; } ? A : undefined"
decoratorMetadataNoLibIsolatedModulesTypes,11,"L:>member : unresolved || R:>member : Map<string, number>"
decoratorMetadataNoStrictNull,5,"L:>dec : (obj: {}, prop: string) => undefined || R:>dec : (obj: {}, prop: string) => any"
decoratorMetadataTypeOnlyExport,3,"L:=== ./a.ts === || R:=== a.ts ==="
decoratorMetadataTypeOnlyImport,3,"L:=== ./a.ts === || R:=== a.ts ==="
decoratorMetadataWithImportDeclarationNameCollision(target=es2015),36,"L:>this.db = db : any || R:>this.db = db : db"
decoratorMetadataWithImportDeclarationNameCollision2(target=es2015),15,"L:>Database : typeof db || R:>Database : typeof Database"
decoratorMetadataWithImportDeclarationNameCollision3(target=es2015),3,"L:=== db.ts === || R:=== service.ts ==="
decoratorMetadataWithImportDeclarationNameCollision4(target=es2015),30,"L:>db : unresolved || R:>db : db.db"
decoratorMetadataWithImportDeclarationNameCollision5(target=es2015),36,"L:>this.db = db : any || R:>this.db = db : db"
decoratorMetadataWithImportDeclarationNameCollision6(target=es2015),36,"L:>this.db = db : any || R:>this.db = db : database"
decoratorMetadataWithImportDeclarationNameCollision7(target=es2015),30,"L:>db : unresolved || R:>db : db.db"
decoratorMetadataWithImportDeclarationNameCollision8(target=es2015),3,"L:=== db.ts === || R:=== service.ts ==="
decoratorReferences,14,"L:>1 as T : T || R:>1 as T : number"
decoratorsOnComputedProperties,278,"L:>['some' + 'method'] : any || R:>['some' + 'method'] : () => void"
deduplicatePackages(deduplicatepackages=false),3,"L:=== /node_modules/a/index.d.ts === || R:=== /src/a.ts ==="
deduplicatePackages(deduplicatepackages=true),3,"L:=== /node_modules/a/index.d.ts === || R:=== /src/a.ts ==="
deepComparisons,32,"L:>x : Bar<T> || R:>x : Bar<T[]>"
deepExcessPropertyCheckingWhenTargetIsIntersection,6,"L:>props : P & { children?: number | undefined; } || R:>props : P & { children?: number; }"
deepKeysIndexing,97,"L:>bar.broken : <K1 extends string | number, K2 extends keys2broken<Foo, K1>, V extends Foo[K1][K2]>(k1: K1, k2: K2, value: V) => void || R:>bar.broken : <K1 extends keyof Foo, K2 extends keys2broken<Foo, K1>, V extends Foo[K1][K2]>(k1: K1, k2: K2, value: V) => void"
deeplyNestedCheck,8,"L:>child : (path: string) => DataSnapshot<{}> || R:>child : (path: string) => DataSnapshot"
deeplyNestedConditionalTypes,113,"L:>T1 : '0' | '1' | '2' | '3' | '4' | '5' | '6' | '7' | '8' | '9' | '10' | '11' | '12' | '13' | '14' | '15' | '16' | '17' | '18' | '19' | '20' | '21' | '22' | '23' | '24' | '25' | '26' | '27' | '28' | '29' | '30' | '31' | '32' | '33' | '34' | '35' | '36' | '37' | '38' | '39' | '40' | '41' | '42' | '43' | '44' | '45' | '46' | '47' | '48' | '49' | '50' | '51' | '52' | '53' | '54' | '55' | '56' | '57' | '58' | '59' | '60' | '61' | '62' | '63' | '64' | '65' | '66' | '67' | '68' | '69' | '70' | '71' | '72' | '73' | '74' | '75' | '76' | '77' | '78' | '79' | '80' | '81' | '82' | '83' | '84' | '85' | '86' | '87' | '88' | '89' | '90' | '91' | '92' | '93' | '94' | '95' | '96' | '97' | '98' | '99' || R:>T1 : '0' | '1' | '10' | '11' | '12' | '13' | '14' | '15' | '16' | '17' | '18' | '19' | '2' | '20' | '21' | '22' | '23' | '24' | '25' | '26' | '27' | '28' | '29' | '3' | '30' | '31' | '32' | '33' | '34' | '35' | '36' | '37' | '38' | '39' | '4' | '40' | '41' | '42' | '43' | '44' | '45' | '46' | '47' | '48' | '49' | '5' | '50' | '51' | '52' | '53' | '54' | '55' | '56' | '57' | '58' | '59' | '6' | '60' | '61' | '62' | '63' | '64' | '65' | '66' | '67' | '68' | '69' | '7' | '70' | '71' | '72' | '73' | '74' | '75' | '76' | '77' | '78' | '79' | '8' | '80' | '81' | '82' | '83' | '84' | '85' | '86' | '87' | '88' | '89' | '9' | '90' | '91' | '92' | '93' | '94' | '95' | '96' | '97' | '98' | '99'"
deeplyNestedConstraints,22,"L:>array : Extract<M[K], ArrayLike<any>> || R:>array : string | number[]"
deeplyNestedMappedTypes,10,"L:>Foo1 : Foo1 || R:>Foo1 : Id<{ x: { y: { z: { a: { b: { c: number; }; }; }; }; }; }>"
defaultArgsInFunctionExpressions,5,"L:>f : (a?: any) => any || R:>f : (a?: number) => number"
defaultArgsInOverloads,5,"L:>fun : { (a: string): any; (a?: any): any; } || R:>fun : { (a: string): any; (a?: number): any; }"
defaultBestCommonTypesHaveDecls,10,"L:>length : number || R:>length : any"
defaultDeclarationEmitDefaultImport,14,"L:>getSomething : () => Something || R:>getSomething : () => Thing"
defaultDeclarationEmitNamedCorrectly,12,"L:>make : <P, CTor>(x: new () => CTor & { props: P; }) => Things<P, CTor> || R:>make : <P, CTor>(x: { new (): CTor & { props: P; }; }) => Things<P, CTor>"
defaultDeclarationEmitShadowedNamedCorrectly,5,"L:>me : typeof import('this') || R:>me : typeof me"
defaultNamedExportWithType1,12,"L:>Foo : 1 || R:>Foo : number"
defaultNamedExportWithType2,12,"L:>Foo : 1 || R:>Foo : number"
defaultNamedExportWithType3,10,"L:>Foo : {} || R:>Foo : Foo"
defaultNamedExportWithType4,10,"L:>Foo : {} || R:>Foo : Foo"
defaultParameterAddsUndefinedWithStrictNullChecks,5,"L:>f : (addUndefined1?: any, addUndefined2?: number | undefined) => any || R:>f : (addUndefined1?: string, addUndefined2?: number) => number"
defaultParameterTrailingComments,13,"L:>foo : (defaultParam?: any) => void || R:>foo : (defaultParam?: number) => void"
defaultValueInFunctionTypes,6,"L:>{ first = 0 } : any || R:>first : number"
deferredConditionalTypes,5,"L:>A : 0 || R:>A : A<T>"
deferredConditionalTypes2,26,"L:>Add : 'failed' || R:>Add : [true, false] extends [IsEqual<A, Infinity>, IsEqual<B, -Infinity>] ? Infinity : 'failed'"
deferredLookupTypeResolution,7,"L:>StringContains : { [K in S]: any; } & { [key: string]: 'false'; }[L] || R:>StringContains : StringContains<S, L>"
deferredLookupTypeResolution2,7,"L:>StringContains : { [K in S]: any; } & { [key: string]: 'false'; }[L] || R:>StringContains : StringContains<S, L>"
definiteAssignmentOfDestructuredVariable,17,"L:>foo : { [P in keyof T]: any; } || R:>foo : { [P in keyof T]: T[P]; }"
deleteExpressionMustBeOptional(strict=false),39,"L:>BB : { [P in keyof any]: any; } || R:>BB : BB"
deleteExpressionMustBeOptional(strict=true),39,"L:>BB : { [P in keyof any]: any; } || R:>BB : BB"
deleteExpressionMustBeOptional_exactOptionalPropertyTypes(exactoptionalpropertytypes=false),39,"L:>BB : { [P in keyof any]: any; } || R:>BB : BB"
deleteExpressionMustBeOptional_exactOptionalPropertyTypes(exactoptionalpropertytypes=true),15,"L:>d : number || R:>d : number | undefined"
deleteReadonly,22,"L:>b : B || R:>b : any"
deleteReadonlyInStrictNullChecks,14,"L:>name : void || R:>name : string"
dependentDestructuringBindingElementInitializer,5,"L:>U : { kind: 'a'; payload: number; extra?: unknown; } | { kind: 'b'; payload: string; extra?: unknown; } || R:>U : U"
dependentDestructuringCrossFilePosition,5,"L:>U : { kind: 'a'; payload: number; } | { kind: 'b'; payload: string; } || R:>U : U"
dependentDestructuringDeferredCallback,5,"L:>U : { kind: 'a'; payload: number; callback: () => void; } | { kind: 'b'; payload: string; callback: () => void; } || R:>U : U"
derivedClassConstructorWithExplicitReturns01(target=es2015),50,"L:>super : C || R:>super : typeof C"
derivedClassOverridesPrivateFunction1,25,"L:>super : BaseClass || R:>super : typeof BaseClass"
derivedClasses,12,"L:>getHue : () => any || R:>getHue : () => string"
derivedInterfaceCallSignature,10,"L:>x : () => (data: any, index?: number | undefined) => number || R:>x : () => (data: any, index?: number) => number"
destructionAssignmentError,18,"L:>{ a, b } : { a: any; b: any; } || R:>{ a, b } : { a: number; b: number; }"
destructureCatchClause(strict=false,useunknownincatchvariables=false),6,"L:>{ x } : any || R:>x : any"
destructureCatchClause(strict=false,useunknownincatchvariables=true),6,"L:>{ x } : any || R:>x : any"
destructureCatchClause(strict=true,useunknownincatchvariables=false),6,"L:>{ x } : any || R:>x : any"
destructureCatchClause(strict=true,useunknownincatchvariables=true),6,"L:>{ x } : any || R:>x : any"
destructureComputedProperty,14,"L:>{ [nameN]: n } : any || R:>nameN : 'n'"
destructureOfVariableSameAsShorthand,11,"L:>get : <T, R>() => Promise<R> || R:>get : <T = never, R = AxiosResponse<T>>() => Promise<R>"
destructureOptionalParameter,5,"L:>f1 : (__0?: { a: number; b: string; } | undefined) => void || R:>f1 : ({ a, b }?: { a: number; b: string; }) => void"
destructureTupleWithVariableElement,7,"L:>NonEmptyStringArray : [string, ...any] || R:>NonEmptyStringArray : [string, ...string[]]"
destructuredDeclarationEmit,21,"L:>arr : [0, 1, 2, ['a', 'b', 'c', [{ def: 'def'; }, { sec: 'sec'; }]]] || R:>arr : [0, 1, 2, ['a', 'b', 'c', [{ def: 'def'; }, { sec: 'sec'; }]]]"
destructuredLateBoundNameHasCorrectTypes,5,"L:>{ [Symbol.iterator]: destructured } : any || R:>Symbol.iterator : unique symbol"
destructuredMaappedTypeIsNotImplicitlyAny,5,"L:>foo : <T extends string>(key: T, obj: { [_ in T]: number }) => void || R:>foo : <T extends string>(key: T, obj: { [_ in T]: number; }) => void"
destructuringAssignmentWithDefault,5,"L:>a : { x?: number | undefined; } || R:>a : { x?: number; }"
destructuringAssignmentWithDefault2,5,"L:>a : { x?: number | undefined; y?: number | undefined; } || R:>a : { x?: number; y?: number; }"
destructuringAssignmentWithStrictNullChecks,12,"L:>bar : {} || R:>{} : {}"
destructuringAssignment_private,24,"L:>[{ a: { x } }] : [{ a: { x: any; }; }] || R:>[{ a: { x } }] : [{ a: { x: number; }; }]"
destructuringControlFlowNoCrash,6,"L:>{  date,} : any || R:  date,"
destructuringEmptyBinding,5,"L:>{...{ }} : any || R:> : any"
destructuringFromUnionSpread,14,"L:>{ a } : any || R:>a : any"
destructuringInVariableDeclarations1,5,"L:>{ toString } : any || R:>toString : (radix?: number) => string"
destructuringInVariableDeclarations2,5,"L:>{ toString } : any || R:>toString : (radix?: number) => string"
destructuringInitializerContextualTypeFromContext,17,"L:>({    children,    name = 'Artemis',    ...props}) => Child({name, ...props}) : (__0: Props & { children?: any; }) => any || R:>({    children,    name = 'Artemis',    ...props}) => Child({name, ...props}) : ({ children, name, ...props }: Props & { children?: any; }) => any"
destructuringTuple,5,"L:>tuple : [boolean, number, ...string] || R:>tuple : [boolean, number, ...string[]]"
destructuringTypeGuardFlow,39,"L:>aFoo.bar && aFoo.nested.b : string | null || R:>aFoo.bar && aFoo.nested.b : string | 0 | null"
destructuringUnspreadableIntoRest,34,"L:>{                 ...rest1 } : any || R:>rest1 : Omit<this, 'getter' | 'method' | 'setter'>"
destructuringWithConstraint,16,"L:>{ foo = false } : any || R:>foo : boolean"
destructuringWithGenericParameter,35,"L:>({greeting}) => {    var s = greeting.toLocaleLowerCase();  // Greeting should be of type string} : (__0: { greeting: string; }) => void || R:>({greeting}) => {    var s = greeting.toLocaleLowerCase();  // Greeting should be of type string} : ({ greeting }: { greeting: string; }) => void"
destructuringWithNewExpression,13,"L:>{ x } : any || R:>x : number"
destructuringWithNumberLiteral,5,"L:>{ toExponential } : any || R:>toExponential : (fractionDigits?: number) => string"
detachedCommentAtStartOfConstructor1,25,"L:>name : void || R:>name : any"
detachedCommentAtStartOfConstructor2,26,"L:>name : void || R:>name : string"
detachedCommentAtStartOfFunctionBody1,20,"L:>name : void || R:>name : any"
detachedCommentAtStartOfFunctionBody2,21,"L:>name : void || R:>name : any"
detachedCommentAtStartOfLambdaFunction1,26,"L:>name : void || R:>name : string"
detachedCommentAtStartOfLambdaFunction2,27,"L:>name : void || R:>name : string"
didYouMeanElaborationsForExpressionsWhichCouldBeCalled,15,"L:>foo : (arg: { x: Bar; y: Date; }, item: number, items?: [number, number, number] | undefined) => void || R:>foo : (arg: { x: Bar; y: Date; }, item: number, items?: [number, number, number]) => void"
didYouMeanStringLiteral,5,"L:>T1 : 'boolean' | 'number' | 'string' || R:>T1 : T1"
didYouMeanSuggestionErrors,107,"L:>i : unresolved || R:>i : Iterator<any>"
disallowUnerasableAssertion,11,"L:>1 as number : number || R:>1 as number * 2 : number"
discriminableUnionWithIntersectedMembers,6,"L:>X : { x: 'x'; y: number; } & { y: number; } | { x: 'y'; y: number; z?: boolean | undefined; } & { y: number; } || R:>X : X"
discriminantElementAccessCheck,5,"L:>U : TypeA | TypeB || R:>U : U"
discriminantNarrowingCouldBeCircular,6,"L:>is : <T>(v: T) => boolean || R:>is : <T>(v: T) => v is T"
discriminantOrderIndependence,32,"L:>order1.type : 'a' | '1' | '2' | '3' || R:>order1.type : '1' | '2' | '3' | 'a'"
discriminantPropertyCheck,5,"L:>Item : Item1 | Item2 || R:>Item : Item"
discriminantPropertyInference,31,"L:>Props : DiscriminatorFalse | DiscriminatorTrue || R:>Props : Props"
discriminantsAndNullOrUndefined,13,"L:>C : A | B | undefined || R:>C : C"
discriminantsAndPrimitives,43,"L:>name : void || R:>name : string"
discriminantsAndTypePredicates,13,"L:>isA : (x: A | B) => boolean || R:>isA : (x: A | B) => x is A"
discriminateObjectTypesOnly,5,"L:>Thing : number | object || R:>Thing : Thing"
discriminateWithDivergentAccessors1,24,"L:>weirdoBox.done : false | true || R:>weirdoBox.done : boolean"
discriminateWithMissingProperty,5,"L:>Arg : { mode: 'numeric'; data: number; } | { mode: 'alphabetic'; data: string; } | { data: string | Uint8Array<ArrayBuffer>; } || R:>Arg : Arg"
discriminateWithOptionalProperty1(exactoptionalpropertytypes=false),16,"L:>box.done : false | true | undefined || R:>box.done : boolean | undefined"
discriminateWithOptionalProperty1(exactoptionalpropertytypes=true),6,"L:>done : false || R:>done : false | undefined"
discriminateWithOptionalProperty2(exactoptionalpropertytypes=false),10,"L:>mapAsyncIterable : <T, U, R>(iterable: AsyncGenerator<T, R, undefined> | AsyncIterable<T, R, undefined>, callback: (value: T) => PromiseOrValue<U>) => AsyncGenerator<U, R, void> || R:>mapAsyncIterable : <T, U, R = undefined>(iterable: AsyncGenerator<T, R, undefined> | AsyncIterable<T, R, undefined>, callback: (value: T) => PromiseOrValue<U>) => AsyncGenerator<U, R, void>"
discriminateWithOptionalProperty2(exactoptionalpropertytypes=true),10,"L:>mapAsyncIterable : <T, U, R>(iterable: AsyncGenerator<T, R, undefined> | AsyncIterable<T, R, undefined>, callback: (value: T) => PromiseOrValue<U>) => AsyncGenerator<U, R, void> || R:>mapAsyncIterable : <T, U, R = undefined>(iterable: AsyncGenerator<T, R, undefined> | AsyncIterable<T, R, undefined>, callback: (value: T) => PromiseOrValue<U>) => AsyncGenerator<U, R, void>"
discriminateWithOptionalProperty3(exactoptionalpropertytypes=false),19,"L:>variableValues : { readonly [variable: string]: unknown; } | null | undefined || R:>variableValues : Maybe<{ readonly [variable: string]: unknown; }>"
discriminateWithOptionalProperty3(exactoptionalpropertytypes=true),30,"L:>CoercedVariableValues : { errors: readonly GraphQLError[]; coerced?: never; } | { coerced: { [variable: string]: unknown; }; errors?: never; } || R:>CoercedVariableValues : CoercedVariableValues"
discriminateWithOptionalProperty4(exactoptionalpropertytypes=false),11,"L:>z : { a: any; } | { b: string[]; } || R:>z : { a: string[]; b?: undefined; } | { a?: undefined; b: string[]; }"
discriminateWithOptionalProperty4(exactoptionalpropertytypes=true),11,"L:>z : { a: any; } | { b: string[]; } || R:>z : { a: string[]; b?: never; } | { a?: never; b: string[]; }"
discriminatedUnionErrorMessage,21,"L:>Shape : Circle | Rectangle | Square || R:>Shape : Shape"
discriminatedUnionJsxElement,14,"L:>Menu : <MenuItemVariant extends ListItemVariant>(data: IData<MenuItemVariant>) => any || R:>Menu : <MenuItemVariant extends ListItemVariant = ListItemVariant.OneLine>(data: IData<MenuItemVariant>) => any"
discriminatedUnionWithIndexSignature,15,"L:>ValueUnion : UnionAltA | UnionAltB || R:>ValueUnion : ValueUnion"
dissallowSymbolAsWeakType,19,"L:>ws.add : (value: object) => this || R:>ws.add : (value: object) => WeakSet<object>"
distributiveConditionalBaseConstraint,33,"L:>items : boolean | Readonly<{ items?: any; additionalItems?: any; properties?: any; additionalProperties?: any; }> | undefined || R:>items : JSONSchema | undefined"
distributiveConditionalTypeConstraints,16,"L:>x : IsArray<T> || R:>x : boolean"
distributiveConditionalTypeNeverIntersection1,19,"L:>Ex1 : false || R:>Ex1 : never"
divergentAccessors1,36,"L:>T_HasGetSet : T_HasGetSet || R:>T_HasGetSet : { get foo(): number; set foo(v: number | string); }"
divergentAccessorsTypes1,79,"L:>t.foo : string || R:>t.foo : string | number"
divergentAccessorsTypes2,24,"L:>s.foo : string || R:>s.foo : string | undefined"
divergentAccessorsTypes3(target=es2015),76,"L:>u1.prop1 : string || R:>u1.prop1 : string | number"
divergentAccessorsTypes4(target=es2015),41,"L:>i : never || R:>i : One & Two"
divergentAccessorsTypes5(target=es2015),52,"L:>s : boolean | 'hello' || R:>s : 'hello' | boolean"
divergentAccessorsTypes6,33,"L:>element.style = element.style : any || R:>element.style = element.style : CSSStyleDeclaration"
divergentAccessorsTypes7,42,"L:>a.value : string || R:>a.value : string | ((item: { property: string; }) => string)"
divergentAccessorsTypes8,64,"L:>element['style'] = element.style : any || R:>element['style'] = element.style : CSSStyleDeclaration"
divideAndConquerIntersections,113,"L:>matchFilter : <U extends Update, Q extends 'message' | 'edited_message' | 'channel_post' | 'edited_channel_post' | 'message_reaction' | 'message_reaction_count' | 'inline_query' | 'chosen_inline_result' | 'callback_query' | 'shipping_query' | 'pre_checkout_query' | 'poll' | 'poll_answer' | 'my_chat_member' | 'chat_member' | 'chat_join_request' | 'chat_boost' | 'removed_chat_boost'>(filter: Q | Q[]) => FilterFunction<U, Filter<U, Q>> || R:>matchFilter : <U extends Update, Q extends FilterQuery>(filter: Q | Q[]) => FilterFunction<U, Filter<U, Q>>"
doNotElaborateAssignabilityToTypeParameters(target=es2015),9,"L:>yaddable : T | Yadda || R:>yaddable : Yadda | Awaited<T>"
doNotEmitTripleSlashCommentsInEmptyFile,3,"L:=== file0.ts === || R:=== file2.ts ==="
doNotEmitTripleSlashCommentsOnNotEmittedNode,3,"L:=== file0.ts === || R:=== file1.ts ==="
doNotInferUnrelatedTypes,10,"L:>LiteralType : 'bar' | 'foo' || R:>LiteralType : LiteralType"
doNotemitTripleSlashComments,3,"L:=== file0.ts === || R:=== file2.ts ==="
doYouNeedToChangeYourTargetLibraryES2015,20,"L:>testReflectConstruct : unknown || R:>testReflectConstruct : any"
doYouNeedToChangeYourTargetLibraryES2016Plus,95,"L:>testRegExpMatchArrayGroups : string || R:>testRegExpMatchArrayGroups : any"
doYouNeedToChangeYourTargetLibraryES2023(target=esnext),28,"L:>v => v === 4 : (v: number) => boolean || R:>v => v === 4 : (v: number) => v is 4"
doesNotNarrowUnionOfConstructorsWithInstanceof,15,"L:>length : number || R:>length : 1"
dontShowCompilerGeneratedMembers,15,"L:<EOF> || R:> : any"
dottedModuleName,11,"L:>f : (x: number) => void || R:>f : (x: number) => any"
dottedModuleName2,31,"L:>AA.B : typeof B || R:>AA.B : typeof AA.B"
doubleMixinConditionalTypeBaseClassWorks,9,"L:>Mixin1 : <C extends Constructor>(Base: C) => typeof (Anonymous class) || R:>Mixin1 : <C extends Constructor>(Base: C) => { new (...args: any[]): (Anonymous class); prototype: Mixin1.(Anonymous class); } & C"
doubleUnderscoreEnumEmit,12,"L:>'(Anonymous function)' : Foo.(Anonymous function) || R:>'(Anonymous function)' : (typeof Foo)['(Anonymous function)']"
doubleUnderscoreExportStarConflict,10,"L:>__foo : () => void | number || R:>__foo : () => number | void"
doubleUnderscoreMappedTypes,29,"L:>Keys : 'property1' | '__property2' || R:>Keys : keyof Properties"
doubleUnderscoreReactNamespace,5,"L:>global : { __make: (params: object) => any; } || R:>global : typeof global"
downlevelLetConst12(target=es2015),21,"L:>{a: baz2} : any || R:>a : any"
downlevelLetConst13(target=es2015),19,"L:>bar1 : number || R:>[1] : [number]"
downlevelLetConst14(target=es2015),32,"L:>z0 : number || R:>[1] : [number]"
downlevelLetConst15(target=es2015),32,"L:>z0 : number || R:>[1] : [number]"
downlevelLetConst16(target=es2015),50,"L:>y : number || R:>[1] : [number]"
downlevelLetConst18(target=es2015),27,"L:>(() => { x })() : void || R:>(() => { x })() : never"
dtsEmitTripleSlashAvoidUnnecessaryResolutionMode,3,"L:=== /node_modules/@types/node/globals.d.ts === || R:=== /app.mts ==="
duplicateErrorAssignability,27,"L:>3 : 3 || R:>3 : string"
duplicateErrorClassExpression,37,"L:>3 : 3 || R:>3 : string"
duplicateIdentifierChecks,237,"L:>o3 : { x: number; } || R:>o3 : { readonly x: number; }"
duplicateIdentifierDifferentSpelling,8,"L:>0b11 : 3 || R:>0b11 : string"
duplicateIdentifierEnum,29,"L:>C :  || R:>C : C"
duplicateIdentifierRelatedSpans5,5,"L:>global : {} || R:>global : any"
duplicateIdentifierRelatedSpans6,3,"L:=== file1.ts === || R:=== file2.ts ==="
duplicateIdentifierRelatedSpans7,3,"L:=== file1.ts === || R:=== file2.ts ==="
duplicateIdentifierRelatedSpans_moduleAugmentation,20,"L:>'../dir/a' : typeof import('../dir/a') || R:>'../dir/a' : typeof import('./a')"
duplicateIdentifiersAcrossFileBoundaries,42,"L:>C2 : () => void || R:>C2 : typeof C2"
duplicateLocalVariable1,15,"L:>'.\\TempTestFiles' : '.\TempTestFiles' || R:>'.\\TempTestFiles' : '.\\TempTestFiles'"
duplicateLocalVariable2,44,"L:>testRunner.addTest : (test: typeof TestCase) => void || R:>testRunner.addTest : (test: TestCase) => void"
duplicateLocalVariable4,17,"L:>E.a : E.a || R:>E.a : E"
duplicateObjectLiteralProperty(target=es2015),5,"L:>x : { a: number; b: boolean; a: number; a: string; a: { c: number; c: number; }; } || R:>x : { a: { c: number; }; b: boolean; }"
duplicateObjectLiteralProperty_computedName1,5,"L:>t1 : { 1: number; 1: number; } || R:>t1 : { 1: number; }"
duplicateObjectLiteralProperty_computedName2,22,"L:>t1 : {} || R:>t1 : { 1: number; }"
duplicateObjectLiteralProperty_computedName3,23,"L:>keys : typeof import('a') || R:>keys : typeof keys"
duplicateObjectLiteralProperty_computedNameNegative1,7,"L:>bar : (props: { x?: string | undefined; y?: string | undefined; }) => { [x: string]: number; } || R:>bar : (props: { x?: string; y?: string; }) => { [x: string]: number; }"
duplicateOverloadInTypeAugmentation1,6,"L:>reduce : { (callbackfn: (previousValue: T, currentValue: T, currentIndex: number, array: T[]) => T, initialValue?: T | undefined): T; <U>(callbackfn: (previousValue: U, currentValue: T, currentIndex: number, array: T[]) => U, initialValue: U): U; (callbackfn: (previousValue: T, currentValue: T, currentIndex: number, array: T[]) => T): T; (callbackfn: (previousValue: T, currentValue: T, currentIndex: number, array: T[]) => T, initialValue: T): T; <U>(callbackfn: (previousValue: U, currentValue: T, currentIndex: number, array: T[]) => U, initialValue: U): U; } || R:>reduce : { (callbackfn: (previousValue: T, currentValue: T, currentIndex: number, array: T[]) => T): T; (callbackfn: (previousValue: T, currentValue: T, currentIndex: number, array: T[]) => T, initialValue: T): T; <U>(callbackfn: (previousValue: U, currentValue: T, currentIndex: number, array: T[]) => U, initialValue: U): U; (callbackfn: (previousValue: T, currentValue: T, currentIndex: number, array: T[]) => T, initialValue?: T): T; <U>(callbackfn: (previousValue: U, currentValue: T, currentIndex: number, array: T[]) => U, initialValue: U): U; }"
duplicatePackage,3,"L:=== /node_modules/a/index.d.ts === || R:=== /src/a.ts ==="
duplicatePackage_globalMerge,3,"L:=== /src/index.ts === || R:=== /src/bug25410.ts ==="
duplicatePackage_packageIdIncludesSubModule,3,"L:=== /node_modules/foo/Foo.d.ts === || R:=== /index.ts ==="
duplicatePackage_peerDependencies,3,"L:=== /node_modules/a/index.d.ts === || R:=== /src/a.ts ==="
duplicatePackage_referenceTypes,3,"L:=== /node_modules/a/index.d.ts === || R:=== /index.ts ==="
duplicatePackage_relativeImportWithinPackage,3,"L:=== /node_modules/a/node_modules/foo/index.d.ts === || R:=== /index.ts ==="
duplicatePackage_relativeImportWithinPackage_scoped,3,"L:=== /node_modules/a/node_modules/@foo/bar/index.d.ts === || R:=== /index.ts ==="
duplicatePackage_subModule,3,"L:=== /node_modules/a/index.d.ts === || R:=== /index.ts ==="
duplicatePackage_withErrors,3,"L:=== /node_modules/a/index.d.ts === || R:=== /src/a.ts ==="
duplicatePropertiesInStrictMode,8,"L:>x : { x: number; x: number; } || R:>x : { x: number; }"
duplicateSymbolsExportMatching,65,"L:>w : number || R:>w : string"
duplicateTypeParameters1,5,"L:>A : <X, X>() => void || R:>A : <X>() => void"
duplicateVarsAcrossFileBoundaries,14,"L:>x : boolean || R:>x : number"
dynamicImportEvaluateSpecifier,25,"L:>() => {	/* in reality this would do some async FS operation, or a web request */	return '/root/my/cool/path';} : () => Promise<string> || R:>async () => {	/* in reality this would do some async FS operation, or a web request */	return '/root/my/cool/path';} : () => Promise<string>"
dynamicImportInDefaultExportExpression,5,"L:>{    getInstance: function () {        return import('./foo2');    }} : { getInstance: () => any; } || R:>{    getInstance: function () {        return import('./foo2');    }} : { getInstance: () => Promise<any>; }"
dynamicImportsDeclaration,17,"L:>mod : typeof import('case0') | typeof import('case1') | typeof import('caseFallback') || R:>mod : { default: typeof import('./case0.js'); } | { default: typeof import('./case1.js'); } | { default: typeof import('./caseFallback.js'); }"
dynamicNames,77,"L:>M : typeof import('module') || R:>M : typeof M"
dynamicNamesErrors,18,"L:>1 : 1 || R:>1 : number"
elidedEmbeddedStatementsReplacedWithSemicolon,8,"L:>A :  || R:>A : A"
elidingImportNames,5,"L:>a : typeof import('elidingImportNames_main') || R:>a : typeof a"
emitDecoratorMetadata_isolatedModules(module=commonjs),21,"L:>t1 : typeof import('type1') || R:>t1 : typeof t1"
emitDecoratorMetadata_isolatedModules(module=esnext),21,"L:>t1 : typeof import('type1') || R:>t1 : typeof t1"
emitMemberAccessExpression,3,"L:=== emitMemberAccessExpression_file1.ts === || R:=== emitMemberAccessExpression_file3.ts ==="
emitMethodCalledNew,7,"L:>a : { new(x: number): number; } || R:>a : { 'new'(x: number): number; }"
emitSkipsThisWithRestParameter,18,"L:>fn.apply : (this: Function, thisArg: any, argArray?: any) => any || R:>fn.apply : { <T, R>(this: (this: T) => R, thisArg: T): R; <T, A extends any[], R>(this: (this: T, ...args: A) => R, thisArg: T, args: A): R; }"
emitSuperCallBeforeEmitParameterPropertyDeclaration1,28,"L:>super : A || R:>super : typeof A"
emitSuperCallBeforeEmitParameterPropertyDeclaration1ES6,28,"L:>super : A || R:>super : typeof A"
emitSuperCallBeforeEmitPropertyDeclaration1,30,"L:>super : A || R:>super : typeof A"
emitSuperCallBeforeEmitPropertyDeclaration1ES6,27,"L:>super : A || R:>super : typeof A"
emitSuperCallBeforeEmitPropertyDeclarationAndParameterPropertyDeclaration1,32,"L:>super : A || R:>super : typeof A"
emitSuperCallBeforeEmitPropertyDeclarationAndParameterPropertyDeclaration1ES6,32,"L:>super : A || R:>super : typeof A"
emitTopOfFileTripleSlashCommentOnNotEmittedNodeIfRemoveCommentsIsFalse,3,"L:=== file0.ts === || R:=== file1.ts ==="
emptyAnonymousObjectNarrowing(strictnullchecks=false),13,"L:>nonNull : never || R:>nonNull : 'foo'"
emptyAnonymousObjectNarrowing(strictnullchecks=true),13,"L:>nonNull : never || R:>nonNull : 'foo'"
emptyDeclarationEmitIsModule,5,"L:>i : typeof import('index') || R:>i : typeof i"
emptyEnum,5,"L:>E :  || R:>E : E"
emptyMemberAccess,12,"L:>toString : () => string || R:>toString : any"
emptyOptionalBindingPatternInDeclarationSignature,7,"L:>fn1 : (__0?: { x: string; } | undefined) => void || R:>fn1 : ({}?: { x: string; }) => void"
enumAssignmentCompat,39,"L:>W : W || R:>W : typeof W"
enumAssignmentCompat2,15,"L:>W : W || R:>W : typeof W"
enumAssignmentCompat3,126,"L:>E : E || R:>E : typeof E"
enumAssignmentCompat4,19,"L:>MyEnum.BAR : MyEnum.BAR || R:>MyEnum.BAR : MyEnum"
enumAssignmentCompat5,47,"L:>e : E.A || R:>e : E"
enumAssignmentCompat6,86,"L:>x : DiagnosticCategory || R:>x : numerics.DiagnosticCategory"
enumAssignmentCompat7,27,"L:>param : E || R:>param : first.E"
enumComputedPropertyDeclarationEmit,21,"L:>stringRecord : {} || R:>stringRecord : { readonly [StringEnum.A]: StringEnum.A; readonly [StringEnum.B]: StringEnum.B; }"
enumConflictsWithGlobalIdentifier,18,"L:>y : Position || R:> : any"
enumDeclarationEmitInitializerHasImport,3,"L:=== provider.ts === || R:=== consumer.ts ==="
enumFromExternalModule,3,"L:=== enumFromExternalModule_0.ts === || R:=== enumFromExternalModule_1.ts ==="
enumIdentifierLiterals,8,"L:>1.0 : 1 || R:>1.0 : (typeof Nums)['1']"
enumKeysQuotedAsObjectPropertiesInDeclarationEmit,33,"L:>DOMMouseButton : { '-1': MouseButton; '0': MouseButton; '1': MouseButton; '2': MouseButton; '3': MouseButton; '4': MouseButton; } || R:>DOMMouseButton : { '-1': MouseButton; '0': MouseButton; '1': MouseButton; '2': MouseButton; '3': MouseButton; '4': MouseButton; }"
enumLiteralAssignableToEnumInsideUnion,65,"L:>e0 : boolean | Foo || R:>e0 : boolean | X.Foo"
enumLiteralUnionNotWidened,20,"L:>C : B.foo | A || R:>C : C"
enumMapBackIntoItself,26,"L:>mySize : TShirtSize || R:>mySize : TShirtSize.Large"
enumMemberNameNonIdentifier,12,"L:>'hyphen-member' : E.hyphen-member || R:>'hyphen-member' : (typeof E)['hyphen-member']"
enumMemberReduction,62,"L:>fn2 : (optionalEnum: MyEnum | undefined) => MyEnum || R:>fn2 : (optionalEnum: MyEnum | undefined) => MyEnum.B | MyEnum.C"
enumMemberResolution,18,"L:>y : number || R:> : any"
enumNaNValues,17,"L:>a : E.A || R:>a : E"
enumNumbering1,14,"L:>C :  || R:>C : Test.C"
enumOperations,11,"L:>Enum.None : Enum.None || R:>Enum.None : Enum"
enumPropertyAccess,23,"L:>x : Colors || R:>x : Colors.Red"
enumPropertyAccessBeforeInitalisation,8,"L:>A :  || R:>A : E.A"
enumUnicodeEscapeMemberName,12,"L:>a : E || R:>a : E.A"
enumWithBigint,5,"L:>E : 0 || R:>E : E"
enumWithComputedMember,8,"L:>X :  || R:>X : A.X"
enumWithExport,12,"L:>x :  || R:>x : x"
enumWithNegativeInfinityProperty,8,"L:>'-Infinity' : A.-Infinity || R:>'-Infinity' : (typeof A)['-Infinity']"
enumWithPrimitiveName,5,"L:>string :  || R:>string : string"
enumWithQuotedElementName1,8,"L:>'fo'o' : E.fo'o || R:>'fo'o' : (typeof E)['fo\'o']"
enumWithQuotedElementName2,8,"L:>'fo'o' : E.fo'o || R:>'fo'o' : (typeof E)['fo'o']"
enumWithUnicodeEscape1,8,"L:>'gold \u2730' : E.gold ✰ || R:>'gold \u2730' : (typeof E)['gold \u2730']"
errorCause(target=es2021),38,"L:>new EvalError('foo', { cause: new Error('bar') }) : EvalError || R:>new EvalError('foo', { cause: new Error('bar') }) : EvalError & Error"
errorConstructorSubtypes,7,"L:>captureStackTrace : (targetObject: Object, constructorOpt?: Function | undefined) => void || R:>captureStackTrace : (targetObject: Object, constructorOpt?: Function) => void"
errorElaboration,32,"L:>test : () => { foo: 'foo'; } || R:>test : () => { [A in 'foo']: A; }"
errorForUsingPropertyOfTypeAsType01,13,"L:>x : unresolved || R:>x : Foo.bar"
errorForUsingPropertyOfTypeAsType02,13,"L:>a : unresolved || R:>a : T.abc"
errorForUsingPropertyOfTypeAsType03,28,"L:>a1 : unresolved || R:>a1 : Color.Red.toString"
errorMessageOnIntersectionsWithDiscriminants01,5,"L:>Common : { test: true; } | { test: false; } || R:>Common : Common"
errorOnUnionVsObjectShouldDeeplyDisambiguate,40,"L:>foo : () => string | Stuff || R:>foo : () => Stuff | string"
errorOnUnionVsObjectShouldDeeplyDisambiguate2,40,"L:>foo : () => Date | Stuff || R:>foo : () => Stuff | Date"
errorTypesAsTypeArguments,6,"L:>bar : (baz: Foo<B>) => Foo<unresolved> || R:>bar : (baz: Foo<B>) => Foo<C>"
errorWithSameNameType,17,"L:>A : typeof import('a') || R:>A : typeof A"
errorsForCallAndAssignmentAreSimilar,17,"L:>foo : (x: Disc[]) => void || R:>foo : (x: ({ kind: 'hddvd'; } | { kind: 'bluray'; })[]) => void"
errorsInGenericTypeReference,27,"L:>x : unresolved || R:>x : V"
errorsOnImportedSymbol(target=es2015),3,"L:=== errorsOnImportedSymbol_0.ts === || R:=== errorsOnImportedSymbol_1.ts ==="
errorsOnUnionsOfOverlappingObjects01,98,"L:>ExoticAnimal : CatDog | ManBearPig | Platypus || R:>ExoticAnimal : ExoticAnimal"
es2017basicAsync,5,"L:>(): Promise<void> => {    await 0;} : () => Promise<void> || R:>async (): Promise<void> => {    await 0;} : () => Promise<void>"
es2018ObjectAssign,5,"L:>test : {} & { test: boolean; } || R:>test : { test: boolean; }"
es5-asyncFunctionArrayLiterals(target=es2015),41,"L:>(await y) : any || R:>...(await y) : any"
es5-asyncFunctionForOfStatements(target=es2015),111,"L:>[x] : any[] || R:>[x] : [any]"
es5-asyncFunctionLongObjectLiteral(target=es2015),8,"L:>() => {    return {        a: await Promise.resolve(0),        b: await Promise.resolve(1),        c: await Promise.resolve(2),        d: await Promise.resolve(3),        e: await Promise.resolve(4),    };} : () => Promise<{ a: number; b: number; c: number; d: number; e: number; }> || R:>async () => {    return {        a: await Promise.resolve(0),        b: await Promise.resolve(1),        c: await Promise.resolve(2),        d: await Promise.resolve(3),        e: await Promise.resolve(4),    };} : () => Promise<{ a: number; b: number; c: number; d: number; e: number; }>"
es5-asyncFunctionObjectLiterals(target=es2015),77,"L:>x = {        [a]: await y,        b: z    } : { [x: number]: any; b: any; } || R:>x = {        [a]: await y,        b: z    } : { [a]: any; b: any; }"
es5-commonjs7(target=es2015),5,"L:export var __esModule; || R:>undefined : undefined"
es5-importHelpersAsyncFunctions(target=es2015),25,"L:>__decorate : (decorators: Function[], target: any, key?: string | symbol | undefined, desc?: any) => any || R:>__decorate : (decorators: Function[], target: any, key?: string | symbol, desc?: any) => any"
es5-yieldFunctionObjectLiterals(target=es2015),11,"L:>objectLiteral1 : () => void || R:>objectLiteral1 : () => Generator<number, void, unknown>"
es5ExportDefaultClassDeclaration3(target=es2015),13,"L:>method : () => any || R:>method : () => C"
es5ExportDefaultClassDeclaration4(target=es2015),14,"L:>method : () => any || R:>method : () => C"
es5ExportEqualsDts(target=es2015),8,"L:>foo : () => B || R:>foo : () => import('./es5ExportEqualsDts').B"
es5ModuleInternalNamedImports(target=es2015),31,"L:>M_E :  || R:>M_E : M_E"
es5SetterparameterDestructuringNotElided(target=es2015),10,"L:>[start, end] : any || R:>start : any"
es6ClassSuperCodegenBug,21,"L:>super : A || R:>super : typeof A"
es6ClassTest,66,"L:>super : Bar || R:>super : typeof Bar"
es6ClassTest2,65,"L:>toString : () => string || R:>toString : any"
es6DeclOrdering,17,"L:>length : number || R:>length : any"
es6ExportAssignment2,13,"L:>a : typeof import('a') || R:>a : number"
es6ExportAssignment4,16,"L:>a : typeof import('a') || R:>a : number"
es6ExportClause,35,"L:>uninstantiated : object || R:>uninstantiated : any"
es6ExportClauseInEs5(target=es2015),35,"L:>uninstantiated : object || R:>uninstantiated : any"
es6ExportEqualsInterop,3,"L:=== modules.d.ts === || R:=== main.ts ==="
es6ImportDefaultBindingDts(target=es2015),12,"L:>defaultBinding : typeof c || R:>defaultBinding : typeof defaultBinding"
es6ImportDefaultBindingFollowedWithNamedImport1,21,"L:>a : number || R:>a : any"
es6ImportDefaultBindingFollowedWithNamedImport1InEs5(target=es2015),21,"L:>a : number || R:>a : any"
es6ImportDefaultBindingFollowedWithNamedImport1WithExport(target=es2015),21,"L:>a : number || R:>a : any"
es6ImportDefaultBindingFollowedWithNamedImportDts,38,"L:>b : typeof a11 || R:>b : typeof b"
es6ImportDefaultBindingFollowedWithNamedImportDts1(target=es2015),12,"L:>defaultBinding1 : typeof a || R:>defaultBinding1 : typeof defaultBinding1"
es6ImportDefaultBindingFollowedWithNamespaceBinding,11,"L:>nameSpaceBinding : typeof import('es6ImportDefaultBindingFollowedWithNamespaceBinding_0') || R:>nameSpaceBinding : typeof nameSpaceBinding"
es6ImportDefaultBindingFollowedWithNamespaceBinding1,14,"L:>nameSpaceBinding : typeof import('es6ImportDefaultBindingFollowedWithNamespaceBinding_0') || R:>nameSpaceBinding : typeof nameSpaceBinding"
es6ImportDefaultBindingFollowedWithNamespaceBinding1InEs5(target=es2015),14,"L:>nameSpaceBinding : typeof import('es6ImportDefaultBindingFollowedWithNamespaceBindingInEs5_0') || R:>nameSpaceBinding : typeof nameSpaceBinding"
es6ImportDefaultBindingFollowedWithNamespaceBindingDts,10,"L:>nameSpaceBinding : typeof import('server') || R:>nameSpaceBinding : typeof nameSpaceBinding"
es6ImportDefaultBindingFollowedWithNamespaceBindingInEs5(target=es2015),11,"L:>nameSpaceBinding : typeof import('es6ImportDefaultBindingFollowedWithNamespaceBindingInEs5_0') || R:>nameSpaceBinding : typeof nameSpaceBinding"
es6ImportDefaultBindingFollowedWithNamespaceBindingWithExport,11,"L:>nameSpaceBinding : typeof import('server') || R:>nameSpaceBinding : typeof nameSpaceBinding"
es6ImportDefaultBindingMergeErrors(target=es2015),22,"L:>defaultBinding2 : number || R:>defaultBinding2 : string"
es6ImportEqualsDeclaration,3,"L:=== server.ts === || R:=== client.ts ==="
es6ImportEqualsDeclaration2,15,"L:>events : typeof import('other') || R:>events : typeof events"
es6ImportEqualsExportModuleCommonJsError,12,"L:>a : typeof import('a') || R:>a : typeof a"
es6ImportEqualsExportModuleEs2015Error,12,"L:>a : typeof import('a') || R:>a : typeof a"
es6ImportNameSpaceImport,10,"L:>nameSpaceBinding : typeof import('es6ImportNameSpaceImport_0') || R:>nameSpaceBinding : typeof nameSpaceBinding"
es6ImportNameSpaceImportDts,9,"L:>nameSpaceBinding : typeof import('server') || R:>nameSpaceBinding : typeof nameSpaceBinding"
es6ImportNameSpaceImportInEs5(target=es2015),10,"L:>nameSpaceBinding : typeof import('es6ImportNameSpaceImportInEs5_0') || R:>nameSpaceBinding : typeof nameSpaceBinding"
es6ImportNameSpaceImportMergeErrors(target=es2015),10,"L:>nameSpaceBinding : typeof import('es6ImportNameSpaceImportMergeErrors_0') || R:>nameSpaceBinding : typeof nameSpaceBinding"
es6ImportNameSpaceImportNoNamedExports(target=es2015),13,"L:>nameSpaceBinding : typeof import('es6ImportNameSpaceImportNoNamedExports_0') || R:>nameSpaceBinding : number"
es6ImportNamedImportDts,58,"L:>b : typeof a11 || R:>b : typeof b"
es6ImportNamedImportNoNamedExports(target=es2015),13,"L:>a : number || R:>a : any"
es6ImportNamedImportParsingError,18,"L:import defaultBinding, from './es6ImportNamedImportParsingError_0'; || R:>* : number"
es6MemberScoping,18,"L:>length : number || R:>length : any"
es6ModuleConstEnumDeclaration,38,"L:>x : e1.a || R:>x : e2.x"
es6ModuleConstEnumDeclaration2,38,"L:>x : e1.a || R:>x : e2.x"
es6ModuleEnumDeclaration,38,"L:>x : e1.a || R:>x : e2.x"
es6ModuleInternalNamedImports,31,"L:>M_E :  || R:>M_E : M_E"
es6ModuleInternalNamedImports2,31,"L:>M_E :  || R:>M_E : M_E"
es6UseOfTopLevelRequire,3,"L:=== b.ts === || R:=== a.ts ==="
esDecoratorsPropertyAccessSameNameAsClass,19,"L:>context : ClassDecoratorContext<new (...args: any) => any> || R:>context : ClassDecoratorContext<abstract new (...args: any) => any>"
esModuleInterop,29,"L:>fs : typeof import('fs') || R:>fs : any"
esModuleInteropDefaultImports,12,"L:>mod : typeof import('mod') || R:>mod : typeof mod"
esModuleInteropEnablesSyntheticDefaultImports,9,"L:>new Namespace.Foo() : any || R:>new Namespace.Foo() : Namespace.Foo"
esModuleInteropImportCall,13,"L:>import('./foo').then(f => {    f.default;}) : any || R:>import('./foo').then(f => {    f.default;}) : Promise<void>"
esModuleInteropImportNamespace,13,"L:>foo : typeof import('foo') || R:>foo : { default: () => void; }"
esModuleInteropImportTSLibHasImport,21,"L:>sayHello : (name?: string) => undefined || R:>sayHello : (name?: string) => any"
esModuleInteropNamedDefaultImports,24,"L:>new Foo() : any || R:>new Foo() : Foo"
esModuleInteropPrettyErrorRelatedInformation,13,"L:>foo : typeof import('foo') || R:>foo : { default: () => void; }"
esModuleInteropWithExportStar(target=es2015),9,"L:>fs : typeof import('fs') || R:>fs : typeof fs"
esModuleIntersectionCrash,8,"L:>modObj : A & B || R:>modObj : import('./mod').A & import('./mod').B"
esNextWeakRefs_IterableWeakMap,6,"L:>IterableWeakMap_cleanup : (__0: { readonly ref: unresolved; readonly set: unresolved; }) => void || R:>IterableWeakMap_cleanup : ({ ref, set }: { readonly ref: WeakRef<object>; readonly set: Set<WeakRef<object>>; }) => void"
escapedIdentifiers,48,"L:>moduleType\u0032 : typeof moduleType2 || R:>moduleType\u0032 : typeof moduleType\u0032"
esmModeDeclarationFileWithExportAssignment,12,"L:>example : () => 5 || R:>example : any"
esmNoSynthesizedDefault(module=esnext),19,"L:>toString : () => string || R:>toString : any"
esmNoSynthesizedDefault(module=preserve),19,"L:>toString : () => string || R:>toString : any"
evalOrArgumentsInDeclarationFunctions,5,"L:>global : { ns: typeof ns; } || R:>global : typeof global"
evolvingArrayTypeInAssert,5,"L:>unsafeCast : <T>(_value: unknown) => void || R:>unsafeCast : <T>(_value: unknown) => asserts _value is T"
exactOptionalPropertyTypesArgumentError,7,"L:>y : string || R:>y : string | undefined"
exactOptionalPropertyTypesIdentical,6,"L:>a : string || R:>a : string | undefined"
excessPropertyCheckIntersectionWithRecursiveType,18,"L:>props : { [P in keyof T]: any; } || R:>props : { [P in keyof T]: Schema1<T[P]>; }"
excessPropertyCheckWithEmptyObject,8,"L:>Object.defineProperty(window, 'prop', { value: 'v1.0.0', readonly: false }) : never || R:>Object.defineProperty(window, 'prop', { value: 'v1.0.0', readonly: false }) : Window & typeof globalThis"
excessPropertyCheckWithMultipleDiscriminants,38,"L:>Primitive : Bool | Float | Int | Str || R:>Primitive : Primitive"
excessPropertyCheckWithSpread,5,"L:>f : (__0: any) => void || R:>f : ({ a: number }: { a: any; }) => void"
excessPropertyCheckWithUnions,5,"L:>ADT : { tag: 'A'; a1: string; } | { tag: 'D'; d20: 1 | 2 | 3 | 4 | 5 | 6 | 7 | 8 | 9 | 10 | 11 | 12 | 13 | 14 | 15 | 16 | 17 | 18 | 19 | 20; } | { tag: 'T'; } || R:>ADT : ADT"
excessPropertyChecksWithNestedIntersections,22,"L:>D : B & C || R:>D : D"
excessPropertyErrorForFunctionTypes,8,"L:>DoesntWork : (FunctionType) | { a: number; c: number; } || R:>DoesntWork : DoesntWork"
excessivelyDeepConditionalTypes,7,"L:>FlattenKeys : ({ [K in keyof O & (string | number)]: any; })[O extends readonly any[] ? keyof O & `${number}` : keyof O & string | number] || R:>FlattenKeys : FlattenKeys<O>"
excessivelyLargeTupleSpread,15,"L:>T0 : [any] || R:>T0 : T0"
exhaustiveSwitchCheckCircularity,33,"L:>foo : 'aaa' || R:>foo : 'aaa' | 'bbb'"
exhaustiveSwitchStatementsGeneric1,25,"L:>exhaustiveSwitch : <T extends 'a' | 'b'>(type: T) => boolean || R:>exhaustiveSwitch : <T extends keyof Types>(type: T) => boolean"
exhaustiveSwitchTupleLengthFallthrough,5,"L:>F : readonly [0, readonly [number]] | readonly [0 | 1, readonly [number, number]] | readonly [1, readonly [number, number, number]] || R:>F : F"
exhaustiveSwitchWithWideningLiteralTypes,10,"L:>kind : string || R:>kind : 'A'"
expandoFunctionAsAssertion,5,"L:>example : { (): void; isFoo: (value: string) => void; } || R:>example : { (): void; isFoo: (value: string) => asserts value is 'foo'; }"
expandoFunctionContextualTypesNoValue,6,"L:>Foo : { (): void; bar: () => void; } || R:>Foo : any"
expandoFunctionExpressionsWithDynamicNames2,18,"L:>() => {} : { (): void; [Symbol.mySymbol]: true; } || R:>() => {} : { (): void; [mySymbol]: true; }"
expandoFunctionNestedAssigments,19,"L:>bar : (p?: any) => void || R:>bar : (p?: number) => void"
expandoFunctionSymbolProperty,22,"L:>inner : { (): void; [Symbol.symb]: boolean; } || R:>inner : { (): void; [symb]: boolean; }"
expandoNoInferredIndex,11,"L:>obj : {} || R:>obj : { foo: string; bar: string; buzz: any; }"
expandoObjectIndexSignatures,6,"L:>fx : (obj: any) => void || R:>fx : (obj: Record<string, number>) => void"
expandoPropertyEmptyArrayWidening,7,"L:>example : { (): void; items?: string[] | undefined; } || R:>example : { (): void; items?: string[]; }"
experimentalDecoratorMetadataUnresolvedTypeObjectInEmit,20,"L:>user : unresolved || R:>user : A.B.C.D.E"
explicitAnyAfterSpreadNoImplicitAnyError,9,"L:>...(null as any) : any || R:>(null as any) : any"
explicitMembersBeforeInherited,14,"L:>subs : (IndentationSubTree<L>)[] || R:>subs : IndentationSubTree<L>[]"
exportArrayBindingPattern,6,"L:>[a, , b] : any || R:>a : number"
exportAsNamespaceConflict,5,"L:>global : {} || R:>global : any"
exportAsNamespace_augment,17,"L:>a2 : typeof import('a') || R:>a2 : typeof a2"
exportAssignClassAndModule,3,"L:=== exportAssignClassAndModule_0.ts === || R:=== exportAssignClassAndModule_1.ts ==="
exportAssignValueAndType,27,"L:>server : Date || R:>server : server"
exportAssignedNamespaceIsVisibleInDeclarationEmit,16,"L:>f : () => Foo.Bar || R:>f : () => import('./thing').Bar"
exportAssignmentEnum,3,"L:=== exportAssignmentEnum_A.ts === || R:=== exportAssignmentEnum_B.ts ==="
exportAssignmentImportMergeNoCrash,18,"L:>Obj : { foo: number; } || R:>Obj : any"
exportAssignmentMembersVisibleInAugmentation,14,"L:>foo : typeof import('index') || R:>foo : typeof foo"
exportAssignmentMerging1,3,"L:=== a.ts === || R:=== b.ts ==="
exportAssignmentMerging10,23,"L:>_Base : typeof Base || R:>_Base : any"
exportAssignmentMerging2,3,"L:=== a.ts === || R:=== b.ts ==="
exportAssignmentMerging3,3,"L:=== a.ts === || R:=== b.ts ==="
exportAssignmentMerging4,3,"L:=== a.ts === || R:=== b.ts ==="
exportAssignmentMerging5,3,"L:=== a.js === || R:=== b.js ==="
exportAssignmentMerging6,3,"L:=== a.js === || R:=== b.js ==="
exportAssignmentMerging7,21,"L:>b : Bar || R:>b : any"
exportAssignmentOfDeclaredExternalModule,3,"L:=== exportAssignmentOfDeclaredExternalModule_0.ts === || R:=== exportAssignmentOfDeclaredExternalModule_1.ts ==="
exportAssignmentVariable,3,"L:=== exportAssignmentVariable_A.ts === || R:=== exportAssignmentVariable_B.ts ==="
exportDefaultAbstractClass,6,"L:>A : A || R:>a : number"
exportDefaultAsyncFunction2,31,"L:>() => { return 0; } : () => Promise<number> || R:>async () => { return 0; } : () => Promise<number>"
exportDefaultClassAndValue,12,"L:>Foo : Foo || R:>Foo : foo"
exportDefaultInterface,12,"L:>a.value.toExponential : (fractionDigits?: number | undefined) => string || R:>a.value.toExponential : (fractionDigits?: number) => string"
exportDefaultInterfaceClassAndValue,12,"L:>Foo : Foo || R:>Foo : foo"
exportDefaultProperty,3,"L:=== declarations.d.ts === || R:=== index.ts ==="
exportDefaultTypeClassAndValue,12,"L:>Foo : Foo || R:>Foo : foo"
exportDestructuring,11,"L:>[a, b] : any || R:>a : number"
exportDestructuringIterator,8,"L:>[A, V] : any || R:>A : any"
exportEqualErrorType,3,"L:=== exportEqualErrorType_0.ts === || R:=== exportEqualErrorType_1.ts ==="
exportEqualMemberMissing,3,"L:=== exportEqualMemberMissing_0.ts === || R:=== exportEqualMemberMissing_1.ts ==="
exportEqualsOfModule,25,"L:>alias : typeof import('~popsicle/dist/common') || R:>alias : typeof alias"
exportEqualsProperty,3,"L:=== declarations.d.ts === || R:=== index.ts ==="
exportEqualsProperty2,3,"L:=== a.ts === || R:=== b.ts ==="
exportImportAndClodule,43,"L:>new M.D('Hello') : any || R:>new M.D('Hello') : K.L"
exportImportNonInstantiatedModule,19,"L:>x : I || R:>x : A.I"
exportInFunction,5,"L:>f : () => void || R:>f : { (): void; 'export=': 0; }"
exportInterfaceClassAndValue,9,"L:>foo : foo || R:>foo : import('./exportInterfaceClassAndValue').foo"
exportNamespaceDeclarationRetainsVisibility,16,"L:>C : A | B || R:>C : C"
exportPrivateType,58,"L:>y : foo.C2 || R:>y : C2"
exportSpecifierAndExportedMemberDeclaration,18,"L:>Z : () => I || R:>Z : () => X.I"
exportSpecifierAndLocalMemberDeclaration,18,"L:>Z : () => I || R:>Z : () => X.I"
exportSpecifierReferencingOuterDeclaration1,9,"L:>X : object || R:>X : any"
exportSpecifierReferencingOuterDeclaration2,12,"L:>foo : () => bar || R:>foo : () => X.bar"
exportSpecifierReferencingOuterDeclaration3,10,"L:>X : object || R:>X : any"
exportSpecifierReferencingOuterDeclaration4,10,"L:>X : object || R:>X : any"
exportStarFromEmptyModule(target=es2015),28,"L:>X : typeof import('exportStarFromEmptyModule_module3') || R:>X : typeof X"
expr,46,"L:>n&&s : string || R:>n&&s : string | 0"
expressionTypeNodeShouldError,36,"L:>document.getElementsByTagName : { <K extends 'a' | 'abbr' | 'address' | 'area' | 'article' | 'aside' | 'audio' | 'b' | 'base' | 'bdi' | 'bdo' | 'blockquote' | 'body' | 'br' | 'button' | 'canvas' | 'caption' | 'cite' | 'code' | 'col' | 'colgroup' | 'data' | 'datalist' | 'dd' | 'del' | 'details' | 'dfn' | 'dialog' | 'div' | 'dl' | 'dt' | 'em' | 'embed' | 'fieldset' | 'figcaption' | 'figure' | 'footer' | 'form' | 'h1' | 'h2' | 'h3' | 'h4' | 'h5' | 'h6' | 'head' | 'header' | 'hgroup' | 'hr' | 'html' | 'i' | 'iframe' | 'img' | 'input' | 'ins' | 'kbd' | 'label' | 'legend' | 'li' | 'link' | 'main' | 'map' | 'mark' | 'menu' | 'meta' | 'meter' | 'nav' | 'noscript' | 'object' | 'ol' | 'optgroup' | 'option' | 'output' | 'p' | 'picture' | 'pre' | 'progress' | 'q' | 'rp' | 'rt' | 'ruby' | 's' | 'samp' | 'script' | 'search' | 'section' | 'select' | 'slot' | 'small' | 'source' | 'span' | 'strong' | 'style' | 'sub' | 'summary' | 'sup' | 'table' | 'tbody' | 'td' | 'template' | 'textarea' | 'tfoot' | 'th' | 'thead' | 'time' | 'title' | 'tr' | 'track' | 'u' | 'ul' | 'var' | 'video' | 'wbr'>(qualifiedName: K): HTMLCollectionOf<HTMLElementTagNameMap[K]>; <K extends 'a' | 'animate' | 'animateMotion' | 'animateTransform' | 'circle' | 'clipPath' | 'defs' | 'desc' | 'ellipse' | 'feBlend' | 'feColorMatrix' | 'feComponentTransfer' | 'feComposite' | 'feConvolveMatrix' | 'feDiffuseLighting' | 'feDisplacementMap' | 'feDistantLight' | 'feDropShadow' | 'feFlood' | 'feFuncA' | 'feFuncB' | 'feFuncG' | 'feFuncR' | 'feGaussianBlur' | 'feImage' | 'feMerge' | 'feMergeNode' | 'feMorphology' | 'feOffset' | 'fePointLight' | 'feSpecularLighting' | 'feSpotLight' | 'feTile' | 'feTurbulence' | 'filter' | 'foreignObject' | 'g' | 'image' | 'line' | 'linearGradient' | 'marker' | 'mask' | 'metadata' | 'mpath' | 'path' | 'pattern' | 'polygon' | 'polyline' | 'radialGradient' | 'rect' | 'script' | 'set' | 'stop' | 'style' | 'svg' | 'switch' | 'symbol' | 'text' | 'textPath' | 'title' | 'tspan' | 'use' | 'view'>(qualifiedName: K): HTMLCollectionOf<SVGElementTagNameMap[K]>; <K extends 'a' | 'annotation' | 'annotation-xml' | 'maction' | 'math' | 'merror' | 'mfrac' | 'mi' | 'mmultiscripts' | 'mn' | 'mo' | 'mover' | 'mpadded' | 'mphantom' | 'mprescripts' | 'mroot' | 'mrow' | 'ms' | 'mspace' | 'msqrt' | 'mstyle' | 'msub' | 'msubsup' | 'msup' | 'mtable' | 'mtd' | 'mtext' | 'mtr' | 'munder' | 'munderover' | 'semantics'>(qualifiedName: K): HTMLCollectionOf<MathMLElementTagNameMap[K]>; <K extends 'acronym' | 'applet' | 'basefont' | 'bgsound' | 'big' | 'blink' | 'center' | 'dir' | 'font' | 'frame' | 'frameset' | 'isindex' | 'keygen' | 'listing' | 'marquee' | 'menuitem' | 'multicol' | 'nextid' | 'nobr' | 'noembed' | 'noframes' | 'param' | 'plaintext' | 'rb' | 'rtc' | 'spacer' | 'strike' | 'tt' | 'xmp'>(qualifiedName: K): HTMLCollectionOf<HTMLElementDeprecatedTagNameMap[K]>; (qualifiedName: string): HTMLCollectionOf<Element>; } || R:>document.getElementsByTagName : { <K extends keyof HTMLElementTagNameMap>(qualifiedName: K): HTMLCollectionOf<HTMLElementTagNameMap[K]>; <K extends keyof SVGElementTagNameMap>(qualifiedName: K): HTMLCollectionOf<SVGElementTagNameMap[K]>; <K extends keyof MathMLElementTagNameMap>(qualifiedName: K): HTMLCollectionOf<MathMLElementTagNameMap[K]>; <K extends keyof HTMLElementDeprecatedTagNameMap>(qualifiedName: K): HTMLCollectionOf<HTMLElementDeprecatedTagNameMap[K]>; (qualifiedName: string): HTMLCollectionOf<Element>; }"
expressionWithJSDocTypeArguments,38,"L:>TWhatFoo : (x: any) => any || R:>TWhatFoo : typeof foo<any | null>"
expressionsForbiddenInParameterInitializers,5,"L:>foo : (__0: any) => Promise<void> || R:>foo : ({ foo }: { foo?: typeof import('./bar'); }) => Promise<void>"
extendAndImplementTheSameBaseType2,43,"L:>d.bar() : T || R:>d.bar() : string"
extendArray,24,"L:>collect : (fn: (e:_element) => _element[]) => any[] || R:>collect : (fn: (e: _element) => _element[]) => any[]"
extendFromAny,30,"L:>length : number || R:>length : any"
extendGenericArray2,17,"L:>arr.x : T || R:>arr.x : string"
extendGlobalThis,5,"L:>global : { globalThis: typeof globalThis; } || R:>global : typeof global"
extendsClauseAlreadySeen2,11,"L:>C : C<string> || R:>C : C<number>"
extension,30,"L:>C : C || R:>C : M.C"
externFunc,5,"L:>parseInt : { (s: string): number; (string: string, radix?: number | undefined): number; } || R:>parseInt : { (string: string, radix?: number): number; (s: string): number; }"
externModuleClobber,14,"L:>getPosition : () => Position || R:>getPosition : () => EM.Position"
externalModuleExportingGenericClass,3,"L:=== externalModuleExportingGenericClass_file0.ts === || R:=== externalModuleExportingGenericClass_file1.ts ==="
externalModuleImmutableBindings,11,"L:>stuff : typeof import('f1') || R:>stuff : typeof stuff"
externalModuleReferenceDoubleUnderscore1,8,"L:>basics : typeof import('__timezonecomplete/basics') || R:>basics : typeof basics"
externalModuleRefernceResolutionOrderInImportDeclaration,3,"L:=== externalModuleRefernceResolutionOrderInImportDeclaration_file1.ts === || R:=== externalModuleRefernceResolutionOrderInImportDeclaration_file3.ts ==="
externalModuleResolution,3,"L:=== foo.ts === || R:=== consumer.ts ==="
externalModuleResolution2,3,"L:=== foo.ts === || R:=== consumer.ts ==="
extractInferenceImprovement,61,"L:>prop = getProperty3(obj, 'first') : string | number || R:>prop = getProperty3(obj, 'first') : string"
fallbackToBindingPatternForTypeInference,12,"L:>({a}) => a : (__0: unknown) => any || R:>({a}) => a : ({ a }: { a: any; }) => any"
fatArrowSelf,37,"L:>this.emitter.addListener : (type: string, listener: ListenerCallback) => void || R:>this.emitter.addListener : (type: string, listener: Events.ListenerCallback) => void"
fatarrowfunctions,217,"L:>setTimeout : { (expression: any, msec?: number, language?: any): number; (handler: TimerHandler, timeout?: number, ...arguments: any[]): number; } || R:>setTimeout : { (handler: TimerHandler, timeout?: number, ...arguments: any[]): number; (expression: any, msec?: number, language?: any): number; }"
fatarrowfunctionsErrors,30,"L:>(x=0)=>{return x;} : (x?: any) => any || R:>(x=0)=>{return x;} : (x?: number) => number"
fatarrowfunctionsInFunctionParameterDefaults,5,"L:>fn : (x?: any, y?: any) => any || R:>fn : (x?: () => any, y?: any) => any"
fatarrowfunctionsInFunctions,5,"L:>setTimeout : { (expression: any, msec?: number, language?: any): number; (handler: TimerHandler, timeout?: number, ...arguments: any[]): number; } || R:>setTimeout : { (handler: TimerHandler, timeout?: number, ...arguments: any[]): number; (expression: any, msec?: number, language?: any): number; }"
fatarrowfunctionsOptionalArgs,25,"L:>(arg = 1) => 3 : (arg?: any) => number || R:>(arg = 1) => 3 : (arg?: number) => number"
fatarrowfunctionsOptionalArgsErrors1,21,"L:>(...arg:number [] = []) => 104 : (...arg?: number []) => number || R:>(...arg:number [] = []) => 104 : (...arg?: number[]) => number"
fatarrowfunctionsOptionalArgsErrors2,5,"L:>tt1 : (a: any) => any || R:>tt1 : any"
fatarrowfunctionsOptionalArgsErrors4,90,"L:>(a = 0) => 117 : (a?: any) => number || R:>(a = 0) => 117 : (a?: number) => number"
fileWithNextLine1,8,"L:>'' : '' || R:>'' : '\u0085'"
finallyLogicalOrAssignmentSwitchReturn,25,"L:>y ||= true : boolean || R:>y ||= true : true"
findLast(target=es2022),32,"L:>new Int8Array().findLast : number || R:>new Int8Array().findLast : any"
findLast(target=esnext),6,"L:>[0].findLast((item) => item === 0) : number || R:>[0].findLast((item) => item === 0) : 0"
firstMatchRegExpMatchArray,9,"L:>match : RegExpMatchArray | null || R:>match : { (regexp: string | RegExp): RegExpMatchArray | null; (matcher: { [Symbol.match](string: string): RegExpMatchArray | null; }): RegExpMatchArray | null; }"
fixCrashAliasLookupForDefauledImport,13,"L:>element : Foo<T> || R:>element : Foo"
fixingTypeParametersRepeatedly1,16,"L:>x => null : (x: '') => any || R:>x => null : (x: string) => any"
fixingTypeParametersRepeatedly2,37,"L:>bar : { <T>(x: T, func: (p: T) => T): T; <T>(x: T, func: (p: T) => T): T; } || R:>bar : { <T>(x: T, func: (p: T) => T): T; <T_1>(x: T_1, func: (p: T_1) => T_1): T_1; }"
fixingTypeParametersRepeatedly3,37,"L:>bar : { <T>(x: T, func: (p: T) => T): T; <T>(x: T, func: (p: T) => T): T; } || R:>bar : { <T>(x: T, func: (p: T) => T): T; <T_1>(x: T_1, func: (p: T_1) => T_1): T_1; }"
flatArrayNoExcessiveStackDepth,12,"L:>foo.flatMap : <U, This>(callback: (this: This, value: unknown, index: number, array: unknown[]) => U | readonly U[], thisArg?: This | undefined) => U[] || R:>foo.flatMap : <U, This = undefined>(callback: (this: This, value: unknown, index: number, array: unknown[]) => U | readonly U[], thisArg?: This | undefined) => U[]"
flowControlTypeGuardThenSwitch,38,"L:>Both : A | B || R:>Both : Both"
forAwaitForUnion,9,"L:>x : T || R:>x : Awaited<T>"
forAwaitInAsyncAccessor,8,"L:>x : Promise<void> || R:>x : void"
forIn,8,"L:>i : number || R:>i : string"
forInStatement3,11,"L:>a : string || R:>a : Extract<keyof T, string>"
forInStatement4,8,"L:>a : number || R:>a : string"
forLoopWithDestructuringDoesNotElideFollowingStatement,14,"L:>{ a, ...rest } : any || R:>a : number"
forOfStringConstituents,10,"L:>y : (CD)[] || R:>y : CD[]"
forOfTransformsExpression,21,"L:>items.sort : (compareFn?: ((a: { name: string; }, b: { name: string; }) => number) | undefined) => this || R:>items.sort : (compareFn?: ((a: { name: string; }, b: { name: string; }) => number) | undefined) => { name: string; }[]"
formatToPartsFractionalSecond,5,"L:>new Intl.DateTimeFormat().formatToParts().find((val) => val.type === 'fractionalSecond') : DateTimeFormatPart | undefined || R:>new Intl.DateTimeFormat().formatToParts().find((val) => val.type === 'fractionalSecond') : Intl.DateTimeFormatPart | undefined"
forwardRefInTypeDeclaration(strict=false),59,"L:>Cls2.b : string || R:>Cls2.b : 'b'"
forwardRefInTypeDeclaration(strict=true),59,"L:>Cls2.b : string || R:>Cls2.b : 'b'"
freshObjectLiteralSubtype,5,"L:>f1 : () => { valid: boolean; msg?: undefined; } | { valid: boolean; } || R:>f1 : () => { valid: boolean; msg?: undefined; }"
funcdecl,64,"L:>withInitializedParams : (a: string, b0: any, b?: any, c?: any) => void || R:>withInitializedParams : (a: string, b0: any, b?: number, c?: string) => void"
functionAssignment,15,"L:>get : (handler: (bar: number)=>void) => void || R:>get : (handler: (bar: number) => void) => void"
functionCall11,5,"L:>foo : (a: string, b?: number | undefined) => void || R:>foo : (a: string, b?: number) => void"
functionCall12,5,"L:>foo : (a: string, b?: number | undefined, c?: string | undefined) => void || R:>foo : (a: string, b?: number, c?: string) => void"
functionCall14,5,"L:>foo : (a?: string | undefined, ...b: number[]) => void || R:>foo : (a?: string, ...b: number[]) => void"
functionCall15,5,"L:>foo : (a?: string | undefined, b?: number | undefined, ...b: number[]) => void || R:>foo : (a?: string, b?: number, ...b: number[]) => void"
functionCall16,5,"L:>foo : (a: string, b?: string | undefined, ...c: number[]) => void || R:>foo : (a: string, b?: string, ...c: number[]) => void"
functionCall17,5,"L:>foo : (a: string, b?: string | undefined, c?: number | undefined, ...d: number[]) => void || R:>foo : (a: string, b?: string, c?: number, ...d: number[]) => void"
functionCall7,16,"L:>a : m1.c1 || R:>a : any"
functionCall8,5,"L:>foo : (a?: string | undefined) => void || R:>foo : (a?: string) => void"
functionCall9,5,"L:>foo : (a?: string | undefined, b?: number | undefined) => void || R:>foo : (a?: string, b?: number) => void"
functionCallOnConstrainedTypeVariable,43,"L:>a : T['a'] || R:>a : ((x: number) => string) | ((x: boolean) => string)"
functionDeclarationWithArgumentOfTypeFunctionTypeArray,5,"L:>foo : (args: { (x): number }[]) => number || R:>foo : (args: { (x: any): number; }[]) => number"
functionExpressionAndLambdaMatchesFunction,15,"L:>() => undefined : () => undefined || R:>() => undefined : () => any"
functionExpressionInWithBlock,11,"L:>f : () => void || R:>f : any"
functionExpressionReturningItself,5,"L:>x : () => () => any || R:>x : () => typeof somefn"
functionExpressionShadowedByParams,10,"L:>b1.toPrecision : (precision?: number | undefined) => string || R:>b1.toPrecision : (precision?: number) => string"
functionLikeInParameterInitializer(target=es2015),6,"L:>bar : (func?: any) => void || R:>bar : (func?: () => any) => void"
functionOverloadAmbiguity1,25,"L:>length : number || R:>length : any"
functionOverloads1,5,"L:>foo : () => any || R:>foo : { (): any; (): string; }"
functionOverloads39,24,"L:>[{a:true}] : { a: boolean; }[] || R:>[{a:true}] : { a: true; }[]"
functionOverloads43,17,"L:>x : { a: string | number; } || R:>a : string | number"
functionOverloads44,26,"L:>x : { a: string | number; } || R:>a : string | number"
functionOverloads45,26,"L:>x : { a: string | number; } || R:>a : string | number"
functionOverloadsOnGenericArity1,7,"L:>f : { <T>(): string; <T, U>(): string; } || R:>f : { <T>(): string; <T_1, U>(): string; }"
functionOverloadsOnGenericArity2,10,"L:>then : { (p: string): string; <U>(p: string): string; <U, T>(p: string): Date; } || R:>then : { (p: string): string; <U>(p: string): string; <U_1, T>(p: string): Date; }"
functionOverloadsOutOfOrder,19,"L:>toString : () => string || R:>toString : any"
functionOverloadsRecursiveGenericReturnType,19,"L:>Choice : { <T>(args: T[]): A<T>; <T>(...v_args: T[]): A<T>; } || R:>Choice : { <T>(args: T[]): A<T>; <T_1>(...v_args: T_1[]): A<T_1>; }"
functionParameterArityMismatch,96,"L:>...[6, 7] : any || R:>...[6, 7] : number"
functionReturnTypeQuery,8,"L:>test1 : (foo: string, bar: string) => string || R:>test1 : (foo: string, bar: typeof foo) => typeof foo"
functionReturningItself,5,"L:>somefn : () => () => any || R:>somefn : () => typeof somefn"
functionSignatureAssignmentCompat1,14,"L:>readline : (delimiter?: string | undefined) => ParserFunc || R:>readline : (delimiter?: string) => ParserFunc"
functionType,8,"L:>salt.apply('hello', []) : any || R:>salt.apply('hello', []) : void"
functionTypeArgumentArityErrors,6,"L:>f1 : { <A>(): void; <A, B, C, D>(): void; } || R:>f1 : { <A = any>(): void; <A_1, B, C, D = any>(): void; }"
functionTypesLackingReturnTypes,6,"L:>f : (x: ()) => void || R:>f : (x: () => any) => void"
functionWithDefaultParameterWithNoStatements1,5,"L:>foo : (x?: any) => void || R:>foo : (x?: number) => void"
functionWithDefaultParameterWithNoStatements10,5,"L:>foo : (a?: any) => void || R:>foo : (a?: number[]) => void"
functionWithDefaultParameterWithNoStatements12,8,"L:>foo : (a?: any) => void || R:>foo : (a?: any[]) => void"
functionWithDefaultParameterWithNoStatements13,8,"L:>foo : (a?: any) => void || R:>foo : (a?: number[]) => void"
functionWithDefaultParameterWithNoStatements15,8,"L:>foo : (a?: any) => void || R:>foo : (a?: number) => void"
functionWithDefaultParameterWithNoStatements16,8,"L:>foo : (a?: any) => void || R:>foo : (a?: void) => void"
functionWithDefaultParameterWithNoStatements2,5,"L:>foo : (x?: any) => void || R:>foo : (x?: number) => void"
functionWithDefaultParameterWithNoStatements3,5,"L:>foo : (a?: any) => void || R:>foo : (a?: string) => void"
functionWithDefaultParameterWithNoStatements4,5,"L:>foo : (a?: any) => void || R:>foo : (a?: string) => void"
functionWithDefaultParameterWithNoStatements5,5,"L:>foo : (a?: any) => void || R:>foo : (a?: number) => void"
functionWithDefaultParameterWithNoStatements6,5,"L:>foo : (a?: any) => void || R:>foo : (a?: boolean) => void"
functionWithDefaultParameterWithNoStatements7,5,"L:>foo : (a?: any) => void || R:>foo : (a?: boolean) => void"
functionWithDefaultParameterWithNoStatements9,5,"L:>foo : (a?: any) => void || R:>foo : (a?: (...data: any[]) => void) => void"
functionWithSameNameAsField,16,"L:>this.total : (total: number) => TestProgressBar || R:>this.total : number"
functionsMissingReturnStatementsAndExpressions(target=es2015),99,"L:    throw null; || R:>undefined : undefined"
functionsMissingReturnStatementsAndExpressionsStrictNullChecks,11,"L:>f11 : () => number | undefined || R:>f11 : () => undefined | number"
functionsWithImplicitReturnTypeAssignableToUndefined(strictnullchecks=false),97,"L:>f8 : () => string || R:>f8 : () => string | null"
funduleUsedAcrossFileBoundary,28,"L:>Q.defer : <T>() => string || R:>Q.defer : <T_1>() => string"
generatorES6_1,5,"L:>foo : () => Generator<undefined, void, unknown> || R:>foo : () => Generator<any, void, unknown>"
generatorReturnExpressionIsChecked,5,"L:>f : () => Iterator<number, any, any> || R:>f : () => Iterator<number>"
genericArgumentCallSigAssignmentCompat,14,"L:>all : <T>(list: T[], iterator?: Iterator<T, boolean> | undefined, context?: any) => boolean || R:>all : <T>(list: T[], iterator?: Iterator<T, boolean>, context?: any) => boolean"
genericArrayMethods1,7,"L:>[0,1].slice : (start?: number | undefined, end?: number | undefined) => number[] || R:>[0,1].slice : (start?: number, end?: number) => number[]"
genericCallAtYieldExpressionInGenericCall1,5,"L:>inner : <A>(value: A) => { (): A; [Symbol.iterator](): { next(...args: readonly any[]): IteratorResult<any, A>; }; } || R:>inner : <A>(value: A) => { (): A; [Symbol.iterator](): { next(...args: ReadonlyArray<any>): IteratorResult<any, A>; }; }"
genericCallAtYieldExpressionInGenericCall2,38,"L:>fn : <Eff extends Effect, AEff, Args extends any[]>(body: (...args: Args) => Generator<Eff, AEff, any>) => (...args: Args) => any || R:>fn : <Eff extends Effect, AEff, Args extends Array<any>>(body: (...args: Args) => Generator<Eff, AEff, any>) => (...args: Args) => any"
genericCallAtYieldExpressionInGenericCall3,79,"L:>function* () {    yield* traverse({ a: 1, b: 2 }, (n) =>      gen(function* () {        return n + 1;      }),    );  } : () => Generator<Micro<ReadonlyRecord<string, number>, any, any>, void, never> || R:>function* () {    yield* traverse({ a: 1, b: 2 }, (n) =>      gen(function* () {        return n + 1;      }),    );  } : () => Generator<Micro<ReadonlyRecord<string, number>, any, never>, void, any>"
genericCallInferenceConditionalType1,18,"L:>h : (x: { foo: unknown; }) => unknown || R:>h : <T extends unknown>(x: { foo: T; }) => unknown"
genericCallInferenceConditionalType2,21,"L:>WrappedComponent : (props: { as?: string | undefined; className?: string | undefined; }) => unknown || R:>WrappedComponent : <T extends string = 'span'>(props: { as?: T | undefined; className?: string; }) => unknown"
genericCallInferenceUsingThisTypeNoInvalidCacheReuseAfterMappedTypeApplication1,35,"L:>succeed : <A>(value: A) => Effect<A, never, never> || R:>succeed : <A>(value: A) => Effect<A>"
genericCallInferenceWithGenericLocalFunction,14,"L:>withP2 : <P>(p: P) => (from: I) => I & P || R:>withP2 : <P>(p: P) => <I>(from: I) => I & P"
genericCallOnMemberReturningClosedOverObject,11,"L:>{    foo: <T2>(t2: T2) => x,    bar: (t1: T1) => x,  } : { foo: <T2>(t2: T2) => any; bar: (t1: T1) => any; } || R:>{    foo: <T2>(t2: T2) => x,    bar: (t1: T1) => x,  } : { foo: <T2>(t2: T2) => { foo: <T2>(t2: T2) => any; bar: (t1: T1) => any; }; bar: (t1: T1) => { foo: <T2>(t2: T2) => any; bar: (t1: T1) => any; }; }"
genericCallWithinOwnBodyCastTypeParameterIdentity,67,"L:>{            then(onFulfilled) {                return toThenableInferred(onFulfilled)(result as Result)            }        } : { then(onFulfilled: (value: Result) => V | Thenable<V>): Thenable<V>; } || R:>{            then(onFulfilled) {                return toThenableInferred(onFulfilled)(result as Result)            }        } : { then<V>(onFulfilled: (value: Result) => V | Thenable<V>): Thenable<V>; }"
genericCapturingFunctionNarrowing,13,"L:>hasAFoo : (value: First | Second) => boolean || R:>hasAFoo : (value: First | Second) => value is First"
genericChainedCalls,27,"L:>num.toString : (radix?: number | undefined) => string || R:>num.toString : (radix?: number) => string"
genericClassPropertyInheritanceSpecialization,145,"L:>Portal.Controls.Validators : typeof Validators || R:>Portal.Controls.Validators : typeof Portal.Controls.Validators"
genericClassWithStaticFactory,40,"L:>this.listFactory.MakeEntry : <T>(data: T) => List<T> || R:>this.listFactory.MakeEntry : <T_1>(data: T_1) => List<T_1>"
genericClassWithStaticsUsingTypeArguments,21,"L:>d : boolean | T || R:>d : any"
genericClasses2,36,"L:>y : string || R:>y : Foo<string>"
genericClasses4,23,"L:>x : B || R:>x : A"
genericClassesRedeclaration,12,"L:>createIntrinsicsObject : { <T>(): IIndexable<T>; <T>(): IIndexable<T>; } || R:>createIntrinsicsObject : { <T>(): IIndexable<T>; <T_1>(): IIndexable<T_1>; }"
genericCombinators2,21,"L:>map : { <T, U>(c: Collection<T, U>, f: (x: T, y: U) => any): Collection<any, any>; <T, U, V>(c: Collection<T, U>, f: (x: T, y: U) => V): Collection<T, V>; } || R:>map : { <T, U>(c: Collection<T, U>, f: (x: T, y: U) => any): Collection<any, any>; <T_1, U_1, V>(c: Collection<T_1, U_1>, f: (x: T_1, y: U_1) => V): Collection<T_1, V>; }"
genericConditionalConstrainedToUnknownNotAssignableToConcreteObject,8,"L:>isA : (a: unknown) => boolean || R:>isA : (a: unknown) => a is A"
genericConstraint2,18,"L:>y == null ? 0 : -1 : 0 | -1 || R:>y == null ? 0 : -1 : -1 | 0"
genericConstraintOnExtendedBuiltinTypes,54,"L:>super : Tween<T> || R:>super : typeof Tween"
genericConstraintOnExtendedBuiltinTypes2,53,"L:>super : Tween<T> || R:>super : typeof Tween"
genericDefaults,47,"L:>f00 : (a?: A | undefined) => A || R:>f00 : (a?: A) => A"
genericDefaultsErrors,8,"L:>f03 : <T extends string>() => void || R:>f03 : <T extends string = number>() => void"
genericFunctionHasFreshTypeArgs,12,"L:>x => f(y => x = y) : (x: T) => void || R:>x => f(y => x = y) : <T>(x: T) => void"
genericFunctionInference1,5,"L:>pipe : { <A extends any[], B>(ab: (...args: A) => B): (...args: A) => B; <A extends any[], B, C>(ab: (...args: A) => B, bc: (b: B) => C): (...args: A) => C; <A extends any[], B, C, D>(ab: (...args: A) => B, bc: (b: B) => C, cd: (c: C) => D): (...args: A) => D; } || R:>pipe : { <A extends any[], B>(ab: (...args: A) => B): (...args: A) => B; <A_1 extends any[], B_1, C>(ab: (...args: A_1) => B_1, bc: (b: B_1) => C): (...args: A_1) => C; <A_1 extends any[], B_1, C, D>(ab: (...args: A_1) => B_1, bc: (b: B_1) => C, cd: (c: C) => D): (...args: A_1) => D; }"
genericFunctionInference2,11,"L:>combineReducers : <S>(reducers: { [K in keyof S]: Reducer<S[K]> }) => Reducer<S> || R:>combineReducers : <S>(reducers: { [K in keyof S]: Reducer<S[K]>; }) => Reducer<S>"
genericFunctionSpecializations1,9,"L:>foo3 : <T>(test: string) => any || R:>foo3 : <T_1>(test: string) => any"
genericFunctionTypedArgumentsAreFixed,13,"L:>(a) => a.length : (a: unknown) => any || R:>(a) => a.length : (a: number) => any"
genericFunctions3,15,"L:>from : <T>(arg: boolean) => Query<T> || R:>from : <T_1>(arg: boolean) => Query<T_1>"
genericFunctionsAndConditionalInference,27,"L:>qq : { u: U; v: V; } || R:>qq : { u: number; v: string; }"
genericFunctionsNotContextSensitive,15,"L:>a : (_: any) => (_: G) => {} || R:>a : <K extends string>(_: K) => <G>(_: G) => {}"
genericFunctionsWithOptionalParameters1,6,"L:>fold : <T, S>(c?: T[] | undefined, folder?: ((s: S, t: T) => T) | undefined, init?: S | undefined) => T || R:>fold : <T, S>(c?: Array<T>, folder?: (s: S, t: T) => T, init?: S) => T"
genericFunctionsWithOptionalParameters2,6,"L:>fold : <T, S>(c: Array<T>, folder?: ((s: S, t: T) => T) | undefined, init?: S | undefined) => T || R:>fold : <T, S>(c: Array<T>, folder?: (s: S, t: T) => T, init?: S) => T"
genericFunctionsWithOptionalParameters3,13,"L:>fold : <T, S>(c?: Collection<T> | undefined, folder?: ((s: S, t: T) => T) | undefined, init?: S | undefined) => T || R:>fold : <T, S>(c?: Collection<T>, folder?: (s: S, t: T) => T, init?: S) => T"
genericFunduleInModule,22,"L:>b : unresolved || R:>b : A.B"
genericFunduleInModule2,26,"L:>b : unresolved || R:>b : A.B"
genericIndexedAccessMethodIntersectionCanBeAccessed,46,"L:>method : ExtendedService<T> & Service<T>[keyof T] || R:>method : (ExtendedService<T> & Service<T>)[keyof T]"
genericIndexedAccessVarianceComparisonResultCorrect,33,"L:>C : T<X> || R:>C : C"
genericInference2,52,"L:>name : void || R:>name : ko.Observable<string>"
genericInferenceDefaultTypeParameter,19,"L:>f1 : <T extends 'a' | 'b'>(props: Type[T]) => void || R:>f1 : <T extends keyof Type = 'a'>(props: Type[T]) => void"
genericInterfaceTypeCall,19,"L:>fail2 : (func2: (arg: T) => void) => void || R:>fail2 : (func2: { (arg: T): void; }) => void"
genericIsNeverEmptyObject,7,"L:>test : <T extends { a: string; }>(obj: T) => { b: string; } || R:>test : <T extends { a: string; }>(obj: T) => Omit<T, 'a'> & { b: string; }"
genericMappedTypeAsClause,22,"L:>foo1 : MappedModel<Suffix> || R:>foo1 : MappedModel<'Foo'>"
genericMemberFunction,56,"L:><A, B extends A, C>(each: FileWithErrors<A, B, C>) => {      this.removeFile(each);    } : <A, B extends A, C>(each: FileWithErrors<A, B, C>) => void || R:><A, B extends A, C>(each: FileWithErrors<A, B, C>) => {      this.removeFile(each);    } : <A_1, B_1 extends A_1, C_1>(each: FileWithErrors<A_1, B_1, C_1>) => void"
genericMergedDeclarationUsingTypeParameter,14,"L:>x : unresolved || R:>x : T"
genericMergedDeclarationUsingTypeParameter2,12,"L:>x : unresolved || R:>x : T"
genericNumberIndex,5,"L:>X : ['a'][I] || R:>X : X<I>"
genericObjectSpreadResultInSwitch,5,"L:>Params : { foo: string; } & { tag: 'a'; type: number; } | { tag: 'b'; type: string; } || R:>Params : Params"
genericOverloadSignatures,13,"L:>f : { <T>(a: T): any; <T>(a: T): any; } || R:>f : { <T>(a: T): any; <T_1>(a: T_1): any; }"
genericRecursiveImplicitConstructorErrors3,11,"L:>create : <A, B, C>(arg1: any, arg2?: any, arg3?: any) => any || R:>create : <A, B, C>(arg1: any, arg2?: any, arg3?: any) => MemberName"
genericReduce,59,"L:>n1.toExponential : (fractionDigits?: number | undefined) => string || R:>n1.toExponential : (fractionDigits?: number) => string"
genericRestArgs,38,"L:>makeArrayGOpt : <T>(item1?: T | undefined, item2?: T | undefined, item3?: T | undefined) => (T | undefined)[] || R:>makeArrayGOpt : <T>(item1?: T, item2?: T, item3?: T) => (T | undefined)[]"
genericRestTypes,21,"L:>args : never || R:>args : [bar: string]"
genericSpecializationToTypeLiteral1,7,"L:>zip : { <TResult>(second: IEnumerable<T>, resultSelector: (first: T, second: T, index: number) => TResult): IEnumerable<TResult>; <TResult>(second: T[], resultSelector: (first: T, second: T, index: number) => TResult): IEnumerable<TResult>; <TResult>(...params: any[]): IEnumerable<TResult>; } || R:>zip : { <TResult>(second: IEnumerable<T>, resultSelector: (first: T, second: T, index: number) => TResult): IEnumerable<TResult>; <TResult_1>(second: T[], resultSelector: (first: T, second: T, index: number) => TResult_1): IEnumerable<TResult_1>; <TResult_1>(...params: any[]): IEnumerable<TResult_1>; }"
genericStaticAnyTypeFunction,26,"L:>this.one : <T>(source: T, value: number) => T || R:>this.one : <T_1>(source: T_1, value: number) => T_1"
genericTemplateOverloadResolution,22,"L:>fooFn<number>`` : Promise<{}> || R:>fooFn<number>`` : Promise<number>"
genericTupleWithSimplifiableElements,16,"L:>SS2 : '1' | '2' | '3' || R:>SS2 : SS2"
genericTypeArgumentInference1,13,"L:>all : <T>(list: T[], iterator?: Iterator<T, boolean> | undefined, context?: any) => T || R:>all : <T>(list: T[], iterator?: Iterator<T, boolean>, context?: any) => T"
genericTypeAssertions3,8,"L:>((x) => { return null; }) : (x: T) => any || R:>((x) => { return null; }) : <T>(x: T) => any"
genericTypeConstraints,24,"L:>super : Bar<T> || R:>super : typeof Bar"
genericTypeParameterEquivalence2,6,"L:>compose : <A, B, C>(f: (b: B) => C, g: (a:A) => B) => (a: A) => C || R:>compose : <A, B, C>(f: (b: B) => C, g: (a: A) => B) => (a: A) => C"
genericTypeWithCallableMembers,20,"L:>new this.data() : any || R:>new this.data() : Constructable"
genericTypeWithCallableMembers2,5,"L:>foo1 : <T extends () => string>(f: T) => any || R:>foo1 : <T extends { (): string; }>(f: T) => string"
genericUnboundedTypeParamAssignability,12,"L:>toString : () => string || R:>toString : any"
genericWithCallSignatures1,3,"L:=== genericWithCallSignatures_0.ts === || R:=== genericWithCallSignatures_1.ts ==="
genericsWithDuplicateTypeParameters1,5,"L:>f : <x, x>() => void || R:>f : <x>() => void"
genericsWithoutTypeParameters1,39,"L:>x : { a: any; } || R:>x : { a: C; }"
getAccessorWithImpliedReturnTypeAndFunctionClassMerge,36,"L:>iterator : ListIterator<T, void> || R:>iterator : _.ListIterator<T, void>"
getAndSetNotIdenticalType2,44,"L:>x : C<unknown> || R:>x : A<unknown>"
getAndSetNotIdenticalType3,44,"L:>x : C<unknown> || R:>x : A<number>"
getParameterNameAtPosition,21,"L:>fn : <Y extends any[]>(implementation?: ((...args: Y) => any) | undefined) => Mock<Y> || R:>fn : <Y extends any[]>(implementation?: (...args: Y) => any) => Mock<Y>"
gettersAndSetters,181,"L:>x : string | number || R:>x : string"
globalArrayAugmentationWithAmbientModuleReexportMerge1,17,"L:>foo : typeof import('index') || R:>foo : typeof foo"
globalFunctionAugmentationOverload,5,"L:>expect : (spy: Function) => void || R:>expect : { (spy: Function): void; (element: string): void; }"
globalThisCapture,6,"L:>(()=>this.window) : () => never || R:>(()=>this.window) : () => Window & typeof globalThis"
heritageClauseTypeReferenceTypes,24,"L:>A.B : typeof B || R:>A.B : any"
hidingCallSignatures,41,"L:>f('') : {} || R:>f('') : string"
higherOrderMappedIndexLookupInference,39,"L:>f3 : (a: <T>() => { [K in keyof T]: T[K] }, b: <U>() => { [K in keyof U]: U[K] }) => void || R:>f3 : (a: <T>() => { [K in keyof T]: T[K]; }, b: <U>() => { [K in keyof U]: U[K]; }) => void"
homomorphicMappedTypeIntersectionAssignability,5,"L:>f : <TType>(a: { weak?: string } & Readonly<TType> & { name: 'ok' }, b: Readonly<TType & { name: string }>, c: Readonly<TType> & { name: string }) => void || R:>f : <TType>(a: { weak?: string; } & Readonly<TType> & { name: 'ok'; }, b: Readonly<TType & { name: string; }>, c: Readonly<TType> & { name: string; }) => void"
homomorphicMappedTypeNesting,23,"L:>fnBad : <T extends Box<string>[]>(...args: T) => Identity<UnboxArray<T>> || R:>fnBad : <T extends Array<Box<string>>>(...args: T) => Test<Identity<UnboxArray<T>>>"
homomorphicMappedTypeWithNonHomomorphicInstantiationSpreadable1,15,"L:>func1 : <T extends Record<PropertyKey, readonly any[]>>(fields: { || R:>func1 : <T extends Record<PropertyKey, readonly any[]>>(fields: { [K in keyof T]: { label: string; options: [...HandleOptions<T[K]>]; }; }) => T"
hugeDeclarationOutputGetsTruncatedWithError,5,"L:>props : 'a' | 'b' | 'c' | 'd' | 'e' | 'f' | 'g' | 'h' | 'i' | 'j' | 'k' | 'l' | 'm' | 'n' | 'o' | 'p' | 'q' | 'r' | 's' | 't' | 'u' | 'v' | 'w' | 'x' | 'y' | 'z' || R:>props : props"
identicalGenericConditionalsWithInferRelated,9,"L:>Cond1 : Cond1 || R:>Cond1 : X extends [infer A] ? A : never"
identicalTypesNoDifferByCheckOrder,16,"L:>SomePropsX : Required<Pick<SomeProps, 'x'>> & Omit<SomeProps, 'x'> || R:>SomePropsX : SomePropsX"
identifierStartAfterNumericLiteral,22,"L:>3e : number || R:>3e : 3"
identityAndDivergentNormalizedTypes,7,"L:>ApiPost : { path: '/login'; body: {}; } | { path: '/user'; body: { name: string; }; } || R:>ApiPost : ApiPost"
identityRelationNeverTypes,21,"L:>matches : <TSV extends string>(stateValue: TSV) => boolean || R:>matches : <TSV extends string>(stateValue: TSV) => this is State<TContext> & { value: TSV; }"
ignoredJsxAttributes,4,"L:/// <reference path='/.lib/react16.d.ts' /> || R:/// <reference path='react16.d.ts' />"
illegalSuperCallsInConstructor,20,"L:>super : Base || R:>super : any"
implementArrayInterface,22,"L:>join : (separator?: string | undefined) => string || R:>join : (separator?: string) => string"
implementsIncorrectlyNoAssertion,17,"L:>Wrapper : Foo & Bar || R:>Wrapper : Wrapper"
implicitAnyCastedValue,55,"L:>foo : () => any || R:>foo : undefined"
implicitAnyDeclareFunctionWithoutFormalType,25,"L:>func4 : (z?: any, w?: any) => void || R:>func4 : (z?: null, w?: undefined) => void"
implicitAnyFromCircularInference(target=es2015),20,"L:>d : any[] || R:>d : any"
implicitAnyFunctionInvocationWithAnyArguements,44,"L:>testFuncLiteral : (funcLit: (y2) => number) => void || R:>testFuncLiteral : (funcLit: (y2: any) => number) => void"
implicitAnyGenericTypeInference,15,"L:>c = { compareTo: (x, y) => { return y; } } : { compareTo: (x: any, y: U) => U; } || R:>c = { compareTo: (x, y) => { return y; } } : { compareTo: <U>(x: any, y: U) => U; }"
implicitAnyInCatch,27,"L:>x : string || R:>x : Extract<keyof this, string>"
implicitConstParameters,28,"L:>x.toFixed : (fractionDigits?: number | undefined) => string || R:>x.toFixed : (fractionDigits?: number) => string"
implicitEmptyObjectType,21,"L:>v || {} : unknown || R:>v || {} : {}"
implicitIndexSignatures,163,"L:>0 : 0 || R:>0 : string"
impliedNodeFormatInterop1,21,"L:>hljs : HighlightAPI || R:>hljs : import('highlight.js').HighlightAPI"
importAliasAnExternalModuleInsideAnInternalModule,3,"L:=== importAliasAnExternalModuleInsideAnInternalModule_file0.ts === || R:=== importAliasAnExternalModuleInsideAnInternalModule_file1.ts ==="
importAliasFromNamespace,3,"L:=== internal.ts === || R:=== usage.ts ==="
importAliasInModuleAugmentation,18,"L:>global : { x: any; f: any; } || R:>global : typeof global"
importAliasTypeOnlyExport,5,"L:>a : typeof import('a') || R:>a : typeof a"
importAsBaseClass,3,"L:=== importAsBaseClass_0.ts === || R:=== importAsBaseClass_1.ts ==="
importAssertionNonstring,5,"L:>thing1 : typeof import('mod') || R:>thing1 : typeof thing1"
importAttributeArbitraryExtension,5,"L:>'*.ext' : typeof import('*.ext') || R:>'*.ext' : typeof import('*.ext', { with: { type: 'custom' } })"
importAttributeDuplicatePatternMergedResolution,5,"L:>'*.asset' : typeof import('*.asset') || R:>'*.asset' : typeof import('*.asset', { with: { format: 'module', type: 'css' } })"
importAttributeDynamicImports,12,"L:>'typed/*.resource' : typeof import('typed/*.resource') || R:>'typed/*.resource' : typeof import('typed/*.resource', { with: { type: 'text' } })"
importAttributeModuleAugmentations,12,"L:>'attributed/*.asset' : typeof import('attributed/*.asset') || R:>'attributed/*.asset' : typeof import('attributed/*.asset', { with: { type: 'css' } })"
importAttributeMostSpecificType,5,"L:>'databases/*.sqlite' : typeof import('databases/*.sqlite') || R:>'databases/*.sqlite' : typeof import('databases/*.sqlite', { with: { type: 'sqlite' } })"
importAttributePlainStringAmbientModule,5,"L:>'plainstring' : typeof import('plainstring') || R:>'plainstring' : typeof import('plainstring', { with: { type: 'css' } })"
importAttributeType2,5,"L:>'databases/*.sqlite' : typeof import('databases/*.sqlite') || R:>'databases/*.sqlite' : typeof import('databases/*.sqlite', { with: { embed: 'false', type: 'sqlite' } })"
importAttributesWithValueComments,16,"L:>1 : 1 || R:>1 : string"
importDecl,3,"L:=== importDecl_require.ts === || R:=== importDecl_1.ts ==="
importDeclRefereingExternalModuleWithNoResolve,8,"L:>'m1' : { im2: any; } || R:>'m1' : any"
importDeclarationUsedAsTypeQuery,3,"L:=== importDeclarationUsedAsTypeQuery_require.ts === || R:=== importDeclarationUsedAsTypeQuery_1.ts ==="
importElisionEnum,24,"L:>MyEnumFromModule : typeof MyEnum || R:>MyEnumFromModule : typeof MyEnumFromModule"
importElisionExportNonExportAndDefault,5,"L:>MyFunction : (__0: MyFunction) => void || R:>MyFunction : any"
importEqualsError45874,15,"L:>Foo : {} || R:>Foo : any"
importExportInternalComments,9,"L:>Array : ArrayConstructor || R:>Array : T[]"
importHelpers(target=es2015),36,"L:>result : T || R:>result : TemplateStringsArray"
importHelpersBundler,13,"L:>foo : (args: any) => {} || R:>foo : (args: any) => any"
importHelpersES6,25,"L:>g : (u: any) => boolean || R:>g : (u: any) => u is A"
importHelpersInAmbientContext(target=es2015),17,"L:>{descendants, read} : any || R:>descendants : boolean | undefined"
importHelpersInIsolatedModules(target=es2015),63,"L:>__decorate : (decorators: Function[], target: any, key?: string | symbol | undefined, desc?: any) => any || R:>__decorate : (decorators: Function[], target: any, key?: string | symbol, desc?: any) => any"
importHelpersInTsx(target=es2015),41,"L:>__decorate : (decorators: Function[], target: any, key?: string | symbol | undefined, desc?: any) => any || R:>__decorate : (decorators: Function[], target: any, key?: string | symbol, desc?: any) => any"
importHelpersVerbatimModuleSyntax,13,"L:>foo : (args: any) => {} || R:>foo : (args: any) => any"
importHelpersWithImportStarAs(esmoduleinterop=true,module=commonjs),9,"L:>a : typeof import('a') || R:>a : typeof a"
importHelpersWithImportStarAs(esmoduleinterop=true,module=es2015),9,"L:>a : typeof import('a') || R:>a : typeof a"
importHelpersWithImportStarAs(esmoduleinterop=true,module=es2020),9,"L:>a : typeof import('a') || R:>a : typeof a"
importInTypePosition,38,"L:>m : typeof A || R:>m : typeof a"
importNonExportedMember,18,"L:>bar : () => any || R:>bar : any"
importNonExportedMember1,15,"L:>bar : () => any || R:>bar : any"
importNonExportedMember3,12,"L:>Foo : Foo || R:>Foo : any"
importOnAliasedIdentifiers,29,"L:>v : A.X || R:>v : Z"
importPropertyFromMappedType,8,"L:>createHttpError : createHttpError.NamedConstructors || R:>createHttpError : import('./errors').NamedConstructors"
importShouldNotBeElidedInDeclarationEmit,19,"L:>makeThing : () => Thing || R:>makeThing : () => import('umd').Thing"
importTypeGenericArrowTypeParenthesized,15,"L:>fn : <T>(x: T) => Modifier<T> || R:>fn : <T>(x: T) => import('module').Modifier<T>"
importTypeTypeofClassStaticLookup,15,"L:>foo : () => void || R:>foo : any"
importWithTrailingSlash,25,"L:>a : { aIndex: number; } || R:>a : any"
importedAliasedConditionalTypeInstantiation,82,"L:>lambdaTester : typeof import('index') || R:>lambdaTester : typeof lambdaTester"
importedEnumMemberMergedWithExportedAliasIsError,23,"L:>EnumA : [string] | [string, number] || R:>EnumA : import('./alias').EnumA"
importedModuleAddToGlobal,35,"L:>hello : () => unresolved || R:>hello : () => b.B"
inDoesNotOperateOnPrimitiveTypes,111,"L:>thing : T | T & string || R:>thing : T"
inKeywordAndIntersection,15,"L:>f10 : (obj: A & { x: string } | B) => void || R:>f10 : (obj: (A & { x: string; }) | B) => void"
inKeywordAndUnknown,21,"L:>x : never || R:>x : Record<'a', unknown>"
inKeywordNarrowingWithNoUncheckedIndexedAccess,5,"L:>invariant : (condition: boolean) => void || R:>invariant : (condition: boolean) => asserts condition"
inKeywordTypeguard(strict=false),91,"L:>x.b : string || R:>x.b : any"
inKeywordTypeguard(strict=true),66,"L:>a : string || R:>a : string | undefined"
inOperatorWithGeneric,12,"L:>p : string || R:>p : Extract<keyof T, string>"
incompatibleAssignmentOfIdenticallyNamedTypes,18,"L:>this.x = a : T || R:>this.x = a : globalThis.T"
incompatibleTypes,161,"L:>a1 : ({ e: number; f: number; } | { e: number; g: number; })[] || R:>a1 : ({ e: number; f: number; g?: undefined; } | { f?: undefined; e: number; g: number; })[]"
incompleteDottedExpressionAtEOF,8,"L:>window : never || R:>window : Window & typeof globalThis"
incorrectNumberOfTypeArgumentsDuringErrorReporting,17,"L:>fn : <A extends ObjA, B extends ObjB>(opts: Opts<A, B>) => string || R:>fn : <A extends ObjA, B extends ObjB = ObjB>(opts: Opts<A, B>) => string"
incorrectRecursiveMappedTypeConstraint,6,"L:>sum : <T extends { [P in T]: any; }, K extends keyof T>(n: number, v: T, k: K) => void || R:>sum : <T, K extends keyof T>(n: number, v: T, k: K) => void"
incrementalConcurrentSafeAliasFollowing,12,"L:>c : 1 || R:>c : any"
indexAt(target=es2021),21,"L:>new Int8Array().at : number || R:>new Int8Array().at : any"
indexIntoEnum,8,"L:>E :  || R:>E : E"
indexSignatureInOtherFile,6,"L:>Array1 : ArrayConstructor1 || R:>Array1 : Array1<any>"
indexSignatureInOtherFile1,68,"L:>Array1 : ArrayConstructor1 || R:>Array1 : Array1<any>"
indexSignatureOfTypeUnknownStillRequiresIndexSignature,5,"L:>f : <T extends unknown>(x: { [x: string]: T; }) => T || R:>f : <T extends unknown = unknown>(x: { [x: string]: T; }) => T"
indexSignatureWithInitializer,7,"L:>[x = ''] : any || R:>[x = ''] : string"
indexSignaturesInferentialTyping,19,"L:>0 : 0 || R:>0 : number"
indexTypeCheck,95,"L:>s['s'] : string || R:>s['s'] : any"
indexWithUndefinedAndNull,20,"L:>n[undefined] : string || R:>n[undefined] : any"
indexWithUndefinedAndNullStrictNullChecks,20,"L:>n[undefined] : string || R:>n[undefined] : any"
indexWithoutParamType,5,"L:>y : { [x: string]: any; } || R:>y : {}"
indexedAccessAndNullableNarrowing,13,"L:>x : T[K] || R:>x : T[K] & ({} | null)"
indexedAccessConstraints,53,"L:>x : T | null || R:>x : T"
indexedAccessKeyofNestedSimplifiedSubstituteUnwrapped,15,"L:>args : Params<T[K]> || R:>args : Parameters<Extract<T[K], AnyFunction>>"
indexedAccessNormalization,16,"L:>g : <T>(value?: T | undefined) => void || R:>g : <T>(value?: T) => void"
indexedAccessPrivateMemberOfGenericConstraint,19,"L:>X : [T['a'], T | B['a']] || R:>X : X<T>"
indexedAccessRelation,32,"L:>this.setState : <K extends keyof S>(state: Pick<S, K>) => void || R:>this.setState : <K extends 'a' | keyof S>(state: Pick<S & State<T>, K>) => void"
indexedAccessRetainsIndexSignature,5,"L:>Diff : { [P in T]: any; } & { [P in U]: any; } & { [x: string]: never; }[T] || R:>Diff : Diff<T, U>"
indexedAccessToThisTypeOnIntersection01,13,"L:>T : this['a'] || R:>T : never"
indexedAccessTypeConstraints,44,"L:>this.getData().get('content') : M[keyof M] || R:>this.getData().get('content') : C"
indexedAccessWithFreshObjectLiteral,5,"L:>foo : (id: string) => any || R:>foo : (id: string) => string | number | boolean | undefined"
indexedAccessWithVariableElement,7,"L:>array1 : [...number, number] || R:>array1 : [...number[], number]"
indexer,17,"L:>0 : 0 || R:>0 : { id: string; }"
indexerA,21,"L:>0 : 0 || R:>0 : { id: string; }"
indexerConstraints2,88,"L:>IndexableUnion : 'bar' | 'foo' || R:>IndexableUnion : IndexableUnion"
indexingTypesWithNever,33,"L:>genericFn1({ c: 'ctest', d: 'dtest' }) : any || R:>genericFn1({ c: 'ctest', d: 'dtest' }) : never"
indirectDiscriminantAndExcessProperty,5,"L:>Blah : { type: 'foo'; abc: string; } | { type: 'bar'; xyz: number; extra: any; } || R:>Blah : Blah"
indirectGlobalSymbolPartOfObjectType,12,"L:>[][Symbol.iterator] : never || R:>[][Symbol.iterator] : () => ArrayIterator<never>"
indirectSelfReference,6,"L:>b : b || R:>b : typeof b"
indirectSelfReferenceGeneric,6,"L:>b : b<T> || R:>b : typeof b"
indirectTypeParameterReferences,11,"L:>flowtypes : <A>(b: B) => { combined: any; literal: any; } || R:>flowtypes : <A>(b: B) => { combined: (fn: (combined: A & B) => void) => any; literal: (fn: (aPlusB: A & B) => void) => any; }"
inexistentPropertyInsideToStringType,5,"L:>toString : () => string || R:>toString : { (): string; (): void; }"
inferFromAnnotatedReturn1,13,"L:>(arg): number => 1 : (arg: unknown) => number || R:>(arg): number => 1 : (arg: number) => number"
inferFromGenericFunctionReturnTypes1,97,"L:>(prev, fn) => fn(prev) : (prev: never, fn: (x: T) => T) => T || R:>(prev, fn) => fn(prev) : (prev: T, fn: (x: T) => T) => T"
inferFromGenericFunctionReturnTypes2,62,"L:>wrap(s => s.length) : Mapper<string, B> || R:>wrap(s => s.length) : Mapper<string, number>"
inferFromGenericFunctionReturnTypes3,11,"L:>Promise.resolve(true) : Promise<boolean> || R:>Promise.resolve(true) : Promise<true>"
inferFromNestedSameShapeTuple,21,"L:>children : readonly any[] || R:>children : readonly Recursive<Id>[]"
inferFromTupleRestAndVariadic,17,"L:>Trigger : never || R:>Trigger : [1, 2]"
inferObjectTypeFromStringLiteralToKeyof,17,"L:>x : unknown || R:>x : { a: any; d: any; }"
inferParameterWithMethodCallInitializer,20,"L:>doSomething : (a?: any) => any || R:>doSomething : (a?: number) => typeof a"
inferPropertyWithContextSensitiveReturnStatement,22,"L:>{  params: 1,  callback: () => { return a => a + 1 },} : { params: number; callback: () => (a: T) => any; } || R:>{  params: 1,  callback: () => { return a => a + 1 },} : { params: number; callback: () => (a: number) => number; }"
inferRestTupleShortSource,8,"L:>args : [...string, ...T] || R:>args : [...string[], ...T]"
inferStringLiteralUnionForBindingElement,15,"L:>{ firstKey } : any || R:>firstKey : 'aa' | 'bb'"
inferTupleFromBindingPattern,9,"L:>[e1, e2, e3] : any || R:>e1 : number"
inferTypeConstraintInstantiationCircularity,56,"L:>optionalKeys : ({ [k in keyof T]: any; })[keyof T] || R:>optionalKeys : optionalKeys<T>"
inferTypeParameterConstraints,13,"L:>E0 : never || R:>E0 : [1 | 2 | 3 | 4]"
inferTypePredicates,16,"L:>numsOrNull.filter(x => !!x) : number[] || R:>numsOrNull.filter(x => !!x) : (number | null)[]"
inferTypesWithFixedTupleExtendsAtVariadicPosition,16,"L:>SubTup2FixedLengthTest : [any, any] || R:>SubTup2FixedLengthTest : [a: 0, b: 1]"
inferenceAndHKTs,51,"L:>x1 : <A, B>(a: T<this['A']>, f: (a: A) => B) => T<this['A']> || R:>x1 : <A, B>(a: T<A>, f: (a: A) => B) => T<B>"
inferenceContextualReturnTypeUnion1,11,"L:>ex2 : (callback?: ((x: number) => void) | undefined) => void || R:>ex2 : (callback?: (x: number) => void) => void"
inferenceContextualReturnTypeUnion3,5,"L:>deprecate : <T extends Function>(fn: T, msg: string, code?: string | undefined) => T || R:>deprecate : <T extends Function>(fn: T, msg: string, code?: string) => T"
inferenceDoesNotAddUndefinedOrNull,8,"L:>forEachChild : <T>(cbNode: (node: Node) => T | undefined, cbNodeArray?: ((nodes: NodeArray<Node>) => T | undefined) | undefined) => T | undefined || R:>forEachChild : <T>(cbNode: (node: Node) => T | undefined, cbNodeArray?: (nodes: NodeArray<Node>) => T | undefined) => T | undefined"
inferenceErasedSignatures,20,"L:>foo : (r?: R | undefined) => void || R:>foo : (r?: R) => void"
inferenceExactOptionalProperties1,6,"L:>prop : never || R:>prop : undefined"
inferenceExactOptionalProperties2,5,"L:>Values : T[keyof T] || R:>Values : Values<T>"
inferenceFromGenericClassNoCrash1,7,"L:>RenderFlagsMixin : <T extends new (...args: any[]) => object>(Base?: T | undefined) => void || R:>RenderFlagsMixin : <T extends new (...args: any[]) => object>(Base?: T) => void"
inferenceFromParameterlessLambda,20,"L:>n => n.length : (n: unknown) => number || R:>n => n.length : (n: string) => number"
inferenceLimit,8,"L:>MyModule : typeof import('mymodule') || R:>MyModule : typeof MyModule"
inferenceOfNullableObjectTypesWithCommonBase,141,"L:>v as string & { tag: 'foo' } | undefined : string & { tag: 'foo'; } | undefined || R:>v as string & { tag: 'foo' } | undefined : (string & { tag: 'foo'; }) | undefined"
inferenceOptionalProperties,11,"L:>a : string || R:>a : string | undefined"
inferenceOptionalPropertiesStrict,11,"L:>a : string || R:>a : string | undefined"
inferenceOptionalPropertiesToIndexSignatures,20,"L:>x3 : { a: string; b?: number | undefined; } || R:>x3 : { a: string; b?: number; }"
inferenceOuterResultNotIncorrectlyInstantiatedWithInnerResult,79,"L:>Object.assign(this.t, { x: 1 }) : {} & { x: number; } || R:>Object.assign(this.t, { x: 1 }) : { x: number; }"
inferenceShouldFailOnEvolvingArrays,7,"L:>logLength : <T extends string, U extends string>(arg: { [K in U]: T }[U]) => T || R:>logLength : <T extends string, U extends string>(arg: { [K in U]: T; }[U]) => T"
inferenceUnionOfObjectsMappedContextualType,5,"L:>Entity : { someDate: Date | null; } & { id: string; } | { id: number; } || R:>Entity : Entity"
inferenceWithNeverSource1,9,"L:>f : <R extends { p: any; }, T extends string>(opts: { from?: Paths<R['p']> | T & Paths<R['p']> | undefined; via: string extends T ? 'wide' : 'narrow'; }) => void || R:>f : <R extends { p: any; }, const T extends string = string>(opts: { from?: (T & Paths<R['p']>) | Paths<R['p']>; via: string extends T ? 'wide' : 'narrow'; }) => void"
inferentialTypingObjectLiteralMethod1,25,"L:>{ method(p2) { return undefined } } : { method(p2: any): undefined; } || R:>{ method(p2) { return undefined } } : { method(p2: number): any; }"
inferentialTypingObjectLiteralMethod2,25,"L:>{ method(p2) { return undefined } } : { method(p2: any): undefined; } || R:>{ method(p2) { return undefined } } : { method(p2: number): any; }"
inferentialTypingWithFunctionTypeNested,5,"L:>map : <T, U>(x: T, f: () => { x: (s: T) => U }) => U || R:>map : <T, U>(x: T, f: () => { x: (s: T) => U; }) => U"
inferentialTypingWithObjectLiteralProperties,32,"L:>f({ x: [1] }, { x: [null] }).x : number[] | null[] || R:>f({ x: [1] }, { x: [null] }).x : null[] | number[]"
inferredIndexerOnNamespaceImport,14,"L:>foo : typeof import('foo') || R:>foo : typeof foo"
inferredNonidentifierTypesGetQuotes,5,"L:>x : {}[] || R:>x : ({ 'a-b': string; } | { 'a-b'?: undefined; })[]"
inferredRestTypeFixedOnce,12,"L:>({ cancelable } = {}) => {} : (__0?: unknown) => void || R:>({ cancelable } = {}) => {} : ({ cancelable }?: { cancelable: any; }) => void"
inferredReturnTypeIncorrectReuse1,23,"L:>out : Type<(In: any) => number> || R:>out : Type<(In: string) => number>"
inferrenceInfiniteLoopWithSubtyping,5,"L:>ObjMapReadOnly : ObjMapReadOnly<T> || R:>ObjMapReadOnly : Readonly<{ [key: string]: Readonly<T>; }>"
infiniteConstraints,20,"L:>myBug : <T extends { [K in keyof T]: any; }>(arg: T) => T || R:>myBug : <T extends { [K in keyof T]: T[K] extends AProp<infer U> ? U : never; }>(arg: T) => T"
infiniteConstraints2,21,"L:>Conv : { 0: [T]; 1: Prepend<T, { 0: [ExactExtract<U, T>]; 1: ...; }[1]>; }[U extends T ? 0 : 1] || R:>Conv : Conv<T, U>"
infiniteRecursionDestructuringLoop,23,"L:>node : Node | undefined || R:>node : Node"
infinitelyExpandingOverloads,10,"L:>subscribe : (callback: (newValue: T) => void, target?: any, topic?: string | undefined) => KnockoutSubscription2<T> || R:>subscribe : (callback: (newValue: T) => void, target?: any, topic?: string) => KnockoutSubscription2<T>"
infinitelyExpandingTypes5,18,"L:>from : { <T>(array: T[]): Query<T>; <T>(enumerator: Enumerator<T>): Query<T>; } || R:>from : { <T>(array: T[]): Query<T>; <T_1>(enumerator: Enumerator<T_1>): Query<T_1>; }"
inheritedConstructorPropertyContextualType,21,"L:>super : Base<S> || R:>super : typeof Base"
inheritedMembersAndIndexSignaturesFromDifferentBases,35,"L:>0 : 0 || R:>0 : {}"
inheritedModuleMembersForClodule,37,"L:>bar : () => string || R:>bar : () => number"
inheritedOverloadedSpecializedSignatures,21,"L:>b('foo') : void || R:>b('foo') : string"
initializePropertiesWithRenamedLet(target=es2015),14,"L:>obj1 : { x0: any; } || R:>obj1 : { x0: undefined; }"
initializedDestructuringAssignmentTypes,5,"L:>[, a = ''] : any || R:>a : string"
initializedParameterBeforeNonoptionalNotOptional,5,"L:>foo : (__0?: { a?: string | undefined; } | undefined) => void || R:>foo : ({ a }?: { a?: string; }) => void"
initializerWithThisPropertyAccess,96,"L:>prop : boolean || R:>prop : false"
inlineConditionalHasSimilarAssignability,42,"L:>CustomType : CustomType || R:>CustomType : any[] extends T ? any[] : never"
inlineMappedTypeModifierDeclarationEmit,5,"L:>test1 : <T, K extends string>(obj: T, k: K) => OmitReal<T, K> || R:>test1 : <T, K extends string>(obj: T, k: K) => Exclude<keyof T, K> extends infer T_1 extends keyof T ? { [P in T_1]: T[P]; } : never"
inlinedAliasAssignableToConstraintSameAsAlias,15,"L:>Name : 'x' | 'y' | 'z' || R:>Name : keyof RelationFields"
innerAliases,31,"L:>inner.Class1 : typeof A.B.C.Class1 || R:>inner.Class1 : typeof inner.Class1"
innerAliases2,25,"L:>provider : typeof _provider || R:>provider : any"
innerTypeArgumentInference,7,"L:>func : Generator<U> || R:>func : Generator<U, any, any>"
innerTypeCheckOfLambdaArgument,5,"L:>takesCallback : (callback: (n) =>any) => void || R:>takesCallback : (callback: (n: any) => any) => void"
instanceAndStaticDeclarations1,62,"L:>p1.distance : (p: typeof Point) => number || R:>p1.distance : (p: Point) => number"
instanceOfAssignability,47,"L:>fn1 : (x: Array<number>|Array<string>|boolean) => void || R:>fn1 : (x: Array<number> | Array<string> | boolean) => void"
instanceofNarrowReadonlyArray,16,"L:>x : never || R:>x : readonly number[]"
instanceofOnInstantiationExpression,23,"L:>Box<number> : Box<number> || R:>Box<number> : { new (): Box<number>; prototype: Box<any>; }"
instanceofTypeAliasToGenericClass,12,"L:>Table : TableClass<S> || R:>Table : Table"
instanceofWithPrimitiveUnion,14,"L:>x : never || R:>x : string | number"
instanceofWithStructurallyIdenticalTypes,59,"L:>isC1 : (c: C1 | C2 | C3) => boolean || R:>isC1 : (c: C1 | C2 | C3) => c is C1"
instantiateContextualTypes,57,"L:>new GenericComponent({ initialValues: 12, nextValues: val => 12 }) : GenericComponent<{ initialValues: number; nextValues: (val: any) => number; }, number> || R:>new GenericComponent({ initialValues: 12, nextValues: val => 12 }) : GenericComponent<{ initialValues: number; nextValues: (val: number) => number; }, number>"
instantiateContextuallyTypedGenericThis,29,"L:>function(dit) {    return dit.charAt(0) + this.charAt(1);} : (dit: string) => string || R:>function(dit) {    return dit.charAt(0) + this.charAt(1);} : (this: string, dit: string) => string"
instantiateCrossFileMerge,18,"L:>r => { r('foo') } : (r: (value: unknown) => void) => void || R:>r => { r('foo') } : (r: (value: string) => void) => void"
instantiateTypeParameter,6,"L:>x : unresolved || R:>x : T"
instantiationExpressionErrorNoCrash,5,"L:>createCacheReducer : <N extends string, QR>(queries: Cache<N, QR>['queries']) => (state?: any) => any || R:>createCacheReducer : <N extends string, QR>(queries: Cache<N, QR>['queries']) => (state?: { queries: QR; }) => { queries: QR; }"
intTypeCheck,261,"L:>new <i1> : any || R:>new <i1> anyVar : boolean"
interMixingModulesInterfaces0,31,"L:>A.B : typeof B || R:>A.B : typeof A.B"
interMixingModulesInterfaces1,31,"L:>A.B : typeof B || R:>A.B : typeof A.B"
interMixingModulesInterfaces3,27,"L:>x : unresolved || R:>x : A.B"
interMixingModulesInterfaces4,30,"L:>A.B : typeof B || R:>A.B : typeof A.B"
interfaceAssignmentCompat,108,"L:>x.sort : (compareFn?: ((a: IEye, b: IEye) => number) | undefined) => this || R:>x.sort : (compareFn?: ((a: IEye, b: IEye) => number) | undefined) => IEye[]"
interfaceClassMerging,10,"L:>optionalMethod : (a: number) => string || R:>optionalMethod : ((a: number) => string) | undefined"
interfaceClassMerging2,52,"L:>bar : typeof Bar || R:>bar : Bar"
interfaceDeclaration3,45,"L:>M2.M3 : object || R:>M2.M3 : any"
interfaceImplementation1,91,"L:>c['foo'] : string || R:>c['foo'] : any"
interfaceMergeWithNonGenericTypeArguments,16,"L:>super : SomeBaseClass || R:>super : typeof SomeBaseClass"
interfaceOnly,9,"L:>f2 : (f: ()=> void) => any || R:>f2 : (f: () => void) => any"
internalAliasClass,21,"L:>x : a.c || R:>x : b"
internalAliasClassInsideLocalModuleWithExport,29,"L:>c : typeof x.c || R:>c : c"
internalAliasClassInsideLocalModuleWithoutExport,29,"L:>c : typeof x.c || R:>c : c"
internalAliasClassInsideLocalModuleWithoutExportAccessError,29,"L:>c : typeof x.c || R:>c : c"
internalAliasClassInsideTopLevelModuleWithExport,26,"L:>cProp : x.c || R:>cProp : xc"
internalAliasClassInsideTopLevelModuleWithoutExport,26,"L:>cProp : x.c || R:>cProp : xc"
internalAliasEnum,30,"L:>bVal : weekend || R:>bVal : b"
internalAliasEnumInsideLocalModuleWithExport,30,"L:>bVal : weekend || R:>bVal : b"
internalAliasEnumInsideLocalModuleWithoutExport,30,"L:>bVal : weekend || R:>bVal : b"
internalAliasEnumInsideLocalModuleWithoutExportAccessError,30,"L:>bVal : weekend || R:>bVal : b"
internalAliasInitializedModule,28,"L:>b.c : typeof a.b.c || R:>b.c : typeof b.c"
internalAliasInitializedModuleInsideLocalModuleWithoutExport,28,"L:>b.c : typeof a.b.c || R:>b.c : typeof b.c"
internalAliasInitializedModuleInsideLocalModuleWithoutExportAccessError,28,"L:>b.c : typeof a.b.c || R:>b.c : typeof b.c"
internalAliasInitializedModuleInsideTopLevelModuleWithExport,25,"L:>b.c : typeof a.b.c || R:>b.c : typeof b.c"
internalAliasInterfaceInsideLocalModuleWithoutExportAccessError,22,"L:>x : unresolved || R:>x : c.b"
internalAliasUninitializedModule,22,"L:>x : I || R:>x : b.I"
internalAliasUninitializedModuleInsideLocalModuleWithExport,22,"L:>x : I || R:>x : b.I"
internalAliasUninitializedModuleInsideLocalModuleWithoutExport,22,"L:>x : I || R:>x : b.I"
internalAliasUninitializedModuleInsideLocalModuleWithoutExportAccessError,22,"L:>x : I || R:>x : b.I"
internalAliasUninitializedModuleInsideTopLevelModuleWithoutExport,19,"L:>x : I || R:>x : b.I"
internalImportInstantiatedModuleMergedWithClassNotReferencingInstance,30,"L:>A : number || R:>A : Y"
internalImportInstantiatedModuleNotReferencingInstance,24,"L:>A : number || R:>A : typeof Y"
internalImportUnInstantiatedModuleMergedWithClassNotReferencingInstance,24,"L:>A : number || R:>A : Y"
internalImportUnInstantiatedModuleNotReferencingInstanceNoConflict,18,"L:>A : number || R:>A : error"
intersectionApparentTypeCaching,7,"L:>TX : T['length'] || R:>TX : TX<T>"
intersectionConstraintReduction,5,"L:>Test1 : Test1<K1, K2> || R:>Test1 : Extract<K1, string | number | symbol> & K1 & K2"
intersectionOfTypeVariableHasApparentSignatures,6,"L:>props : Readonly<P> & Readonly<{ children?: {} | undefined; }> || R:>props : Readonly<P> & Readonly<{ children?: {}; }>"
intersectionPropertyCheck,25,"L:>weak : { a?: { x?: number | undefined; } | undefined; } & { c?: string | undefined; } || R:>weak : { a?: { x?: number; }; } & { c?: string; }"
intersectionReductionGenericStringLikeType,29,"L:>_1 : never || R:>_1 : 1"
intersectionSatisfiesConstraint,22,"L:>Object.assign(param1, { otherProperty: 3 }) : FirstInterface | SecondInterface & { otherProperty: number; } || R:>Object.assign(param1, { otherProperty: 3 }) : T & { otherProperty: number; }"
intersectionTypeInference1,22,"L:>brokenFunction : <OwnProps>(f: (p: {dispatch: number} & OwnProps) => void) => (o: OwnProps) => OwnProps || R:>brokenFunction : <OwnProps>(f: (p: { dispatch: number; } & OwnProps) => void) => (o: OwnProps) => OwnProps"
intersectionTypeNormalization,18,"L:>X1 : A | B & C | D || R:>X1 : X1"
intersectionTypeWithLeadingOperator,8,"L:>B : { foo: string; } & { bar: number; } || R:>B : B"
intersectionType_useDefineForClassFields,11,"L:>bar : <T>(_p: T) => new () => Foo<T> || R:>bar : <T>(_p: T) => { new (): Foo<T>; }"
intersectionWithConstructSignaturePrototypeResult,8,"L:>PersonType : Readonly<typeof EmberObject> & (new (properties?: object | undefined) => { firstName: string; lastName: string; } & EmberObject) & (new (...args: any[]) => { firstName: string; lastName: string; } & EmberObject) || R:>PersonType : PersonType"
intersectionsAndOptionalProperties,5,"L:>x : { a?: number | undefined; b: string; } || R:>x : { a?: number; b: string; }"
intersectionsAndOptionalProperties2(exactoptionalpropertytypes=true),10,"L:>disabled : boolean || R:>disabled : boolean | undefined"
intersectionsAndOptionalProperties3(exactoptionalpropertytypes=true),16,"L:>disabled : boolean || R:>disabled : boolean | undefined"
intersectionsAndReadonlyProperties,6,"L:>Intersection1 : { readonly a: number; } & { a: number; } || R:>Intersection1 : Intersection1"
intersectionsOfLargeUnions,7,"L:>assertIsElement : (node: Node | null) => boolean || R:>assertIsElement : (node: Node | null) => node is Element"
intraBindingPatternReferences,7,"L:>foo : () => any || R:>foo : () => number"
invalidConstraint1,5,"L:>f : <T, U extends { a: T; }>() => undefined || R:>f : <T, U extends { a: T; }>() => any"
invalidLetInForOfAndForIn_ES5,14,"L:>1,2,3 : 3 || R:>1,2 : 2"
invalidLetInForOfAndForIn_ES6,14,"L:>1,2,3 : 3 || R:>1,2 : 2"
invalidOptionalChainFromNewExpression,12,"L:>new A?.b() : any || R:>new A?.b() : void"
invalidSplice,7,"L:>[].splice : { (start: number, deleteCount?: number | undefined): never[]; (start: number, deleteCount: number, ...items: never[]): never[]; } || R:>[].splice : { (start: number, deleteCount?: number): never[]; (start: number, deleteCount: number, ...items: never[]): never[]; }"
invalidSymbolInTypeParameter1,8,"L:>cats : unresolved[] || R:>cats : WAWA[]"
invalidUseOfTypeAsNamespace,8,"L:>y : unresolved || R:>y : OhNo.hello"
invariantGenericErrorElaboration,11,"L:>Foo : Obj<{ foo: Num; }> || R:>Foo : Obj<{ [_: string]: Runtype<any>; }>"
invocationErrorRecovery,13,"L:>foo : typeof import('foo') || R:>foo : { default: () => void; }"
invocationExpressionInFunctionParameter,9,"L:>foo3 : (x?: any) => void || R:>foo3 : (x?: void) => void"
ipromise2,7,"L:>then : { <U>(success?: ((value: T) => IPromise<U>) | undefined, error?: ((error: any) => IPromise<U>) | undefined, progress?: ((progress: any) => void) | undefined): IPromise<U>; <U>(success?: ((value: T) => IPromise<U>) | undefined, error?: ((error: any) => U) | undefined, progress?: ((progress: any) => void) | undefined): IPromise<U>; <U>(success?: ((value: T) => U) | undefined, error?: ((error: any) => IPromise<U>) | undefined, progress?: ((progress: any) => void) | undefined): IPromise<U>; <U>(success?: ((value: T) => U) | undefined, error?: ((error: any) => U) | undefined, progress?: ((progress: any) => void) | undefined): IPromise<U>; } || R:>then : { <U>(success?: (value: T) => IPromise<U>, error?: (error: any) => IPromise<U>, progress?: (progress: any) => void): Windows.Foundation.IPromise<U>; <U_1>(success?: (value: T) => IPromise<U_1>, error?: (error: any) => U_1, progress?: (progress: any) => void): Windows.Foundation.IPromise<U_1>; <U_1>(success?: (value: T) => U_1, error?: (error: any) => IPromise<U_1>, progress?: (progress: any) => void): Windows.Foundation.IPromise<U_1>; <U_1>(success?: (value: T) => U_1, error?: (error: any) => U_1, progress?: (progress: any) => void): Windows.Foundation.IPromise<U_1>; }"
ipromise3,6,"L:>then : { <U>(success?: ((value: T) => IPromise3<U>) | undefined, error?: ((error: any) => IPromise3<U>) | undefined, progress?: ((progress: any) => void) | undefined): IPromise3<U>; <U>(success?: ((value: T) => IPromise3<U>) | undefined, error?: ((error: any) => U) | undefined, progress?: ((progress: any) => void) | undefined): IPromise3<U>; <U>(success?: ((value: T) => U) | undefined, error?: ((error: any) => IPromise3<U>) | undefined, progress?: ((progress: any) => void) | undefined): IPromise3<U>; <U>(success?: ((value: T) => U) | undefined, error?: ((error: any) => U) | undefined, progress?: ((progress: any) => void) | undefined): IPromise3<U>; } || R:>then : { <U>(success?: (value: T) => IPromise3<U>, error?: (error: any) => IPromise3<U>, progress?: (progress: any) => void): IPromise3<U>; <U_1>(success?: (value: T) => IPromise3<U_1>, error?: (error: any) => U_1, progress?: (progress: any) => void): IPromise3<U_1>; <U_1>(success?: (value: T) => U_1, error?: (error: any) => IPromise3<U_1>, progress?: (progress: any) => void): IPromise3<U_1>; <U_1>(success?: (value: T) => U_1, error?: (error: any) => U_1, progress?: (progress: any) => void): IPromise3<U_1>; }"
ipromise4,7,"L:>then : { <U>(success?: ((value: T) => IPromise<U>) | undefined, error?: ((error: any) => IPromise<U>) | undefined, progress?: ((progress: any) => void) | undefined): IPromise<U>; <U>(success?: ((value: T) => IPromise<U>) | undefined, error?: ((error: any) => U) | undefined, progress?: ((progress: any) => void) | undefined): IPromise<U>; <U>(success?: ((value: T) => U) | undefined, error?: ((error: any) => IPromise<U>) | undefined, progress?: ((progress: any) => void) | undefined): IPromise<U>; <U>(success?: ((value: T) => U) | undefined, error?: ((error: any) => U) | undefined, progress?: ((progress: any) => void) | undefined): IPromise<U>; } || R:>then : { <U>(success?: (value: T) => IPromise<U>, error?: (error: any) => IPromise<U>, progress?: (progress: any) => void): Windows.Foundation.IPromise<U>; <U_1>(success?: (value: T) => IPromise<U_1>, error?: (error: any) => U_1, progress?: (progress: any) => void): Windows.Foundation.IPromise<U_1>; <U_1>(success?: (value: T) => U_1, error?: (error: any) => IPromise<U_1>, progress?: (progress: any) => void): Windows.Foundation.IPromise<U_1>; <U_1>(success?: (value: T) => U_1, error?: (error: any) => U_1, progress?: (progress: any) => void): Windows.Foundation.IPromise<U_1>; }"
isArray,10,"L:>Array.isArray : (arg: any) => boolean || R:>Array.isArray : (arg: any) => arg is any[]"
isDeclarationVisibleNodeKinds(target=es2015),35,"L:>createValidator3 : (schema: any) => number | (new <T>(data: T) => T) || R:>createValidator3 : (schema: any) => number | { new <T>(data: T): T; }"
isLiteral1,6,"L:>02343 : 2343 || R:>02343 : 1251"
isolatedDeclarationErrorsAugmentation,8,"L:>'./parent' : object || R:>'./parent' : typeof import('./parent')"
isolatedDeclarationErrorsClasses,24,"L:>methodParams2 : (p?: any) => void || R:>methodParams2 : (p?: number) => void"
isolatedDeclarationErrorsDefault,29,"L:>[{ foo: 1 + 1 }] as const : readonly [{ foo: number; }] || R:>[{ foo: 1 + 1 }] as const : readonly [{ readonly foo: number; }]"
isolatedDeclarationErrorsEnums,12,"L:>A :  || R:>A : E.A"
isolatedDeclarationErrorsExpandoFunctions,39,"L:>toString : () => string || R:>toString : () => void"
isolatedDeclarationErrorsExpressions,63,"L:>templateConstNotOk2 : 's1' || R:>templateConstNotOk2 : string"
isolatedDeclarationErrorsFunctionDeclarations,12,"L:>noParamAnnotationDefault : (p?: any) => void || R:>noParamAnnotationDefault : (p?: number) => void"
isolatedDeclarationErrorsObjects,33,"L:>oBad2 : { a: { b: number; }; c: { d: number; e: 1; }; } || R:>oBad2 : { a: { b: number; }; c: { d: number; e: number; }; }"
isolatedDeclarationErrorsReturnTypes,46,"L:>fnArrowConstVariableOk : (cb?: any) => string || R:>fnArrowConstVariableOk : (cb?: () => void) => string"
isolatedDeclarationLazySymbols,5,"L:>foo : { (): void; '': string; } || R:>foo : { (): void; b: string; }"
isolatedDeclarationsAddUndefined,11,"L:>c : readonly [1] || R:>c : readonly [1] | undefined"
isolatedDeclarationsAddUndefined2,43,"L:>test3 : (x?: any) => void || R:>test3 : (x?: Unresolved) => void"
isolatedDeclarationsArrowFunctionDefaultParameter,5,"L:>foo : (one?: string, two: string) => string || R:>foo : (one: string | undefined, two: string) => string"
isolatedDeclarationsAsConstNestedObjects,5,"L:>obj1 : { $and: { $expr: boolean; }[]; } || R:>obj1 : { readonly $and: readonly [{ readonly $expr: true; }]; }"
isolatedDeclarationsLiterals,5,"L:>constObject : { one: number; oneOctal: number; oneHex: number; pOne: number; mOne: number; array: (number | bigint)[]; onen: bigint; mOnen: bigint; oneStrDoubleQuote: string; oneStrSingleQuote: string; oneStrTemplate: string; method(): void; } || R:>constObject : { readonly one: 1; readonly oneOctal: 1; readonly oneHex: 1; readonly pOne: 1; readonly mOne: -1; readonly array: readonly [1, -1, 1n, -1n]; readonly onen: 1n; readonly mOnen: -1n; readonly oneStrDoubleQuote: '1'; readonly oneStrSingleQuote: '1'; readonly oneStrTemplate: `1`; readonly method: () => void; }"
isolatedDeclarationsThisParameterWithCapturedGeneric,5,"L:>fromProviders : <T>() => { tearDown(): void; } || R:>fromProviders : <T>() => { tearDown(this: { state: T; }): void; }"
isolatedDeclarationsTypePredicate,5,"L:>isString : (value: unknown) => boolean || R:>isString : (value: unknown) => value is string"
isolatedModulesAmbientConstEnum,11,"L:>E.X : E.X || R:>E.X : E"
isolatedModulesGlobalNamespacesAndEnums,41,"L:>1_000_000 : number || R:>1_000_000 : 1000000"
isolatedModulesImportConstEnum,12,"L:>Foo.BAR : Foo.BAR || R:>Foo.BAR : Foo"
isolatedModulesNonAmbientConstEnum,11,"L:>E.X : E.X || R:>E.X : E"
isolatedModulesReExportType,3,"L:=== /exportT.ts === || R:=== /user.ts ==="
iterableTReturnTNext(strictbuiltiniteratorreturn=false),17,"L:>map.values().next : (...__0: [] | [unknown]) => IteratorResult<number, any> || R:>map.values().next : (...[value]: [] | [unknown]) => IteratorResult<number, any>"
iterableTReturnTNext(strictbuiltiniteratorreturn=true),17,"L:>map.values().next : (...__0: [] | [unknown]) => IteratorResult<number, undefined> || R:>map.values().next : (...[value]: [] | [unknown]) => IteratorResult<number, undefined>"
iterableWithNeverAsUnionMember(target=esnext),37,"L:>Shape : { kind: 'circle'; radius: number; } | { kind: 'rectangle'; width: number; height: number; } || R:>Shape : Shape"
iterationErrorOverNotIterableUnions1,46,"L:>el2 : A || R:>el2 : any"
iteratorsAndStrictNullChecks,12,"L:>x.substring : (start: number, end?: number | undefined) => string || R:>x.substring : (start: number, end?: number) => string"
jsDeclarationEmitExportAssignedFunctionWithExtraTypedefsMembers,6,"L:>Options : Options || R: * @property {string} opt"
jsDeclarationEmitExportedClassWithExtends,9,"L:=== node_modules/lit-element/development//lit-element.d.ts === || R:=== node_modules/lit-element/development/lit-element.d.ts ==="
jsDeclarationsGlobalFileConstFunctionNamed,52,"L:>SelfReference : any & { staticMember: string; } & { staticMember: string; } || R:>SelfReference : { (): any; staticMember: string; }"
jsDocCommentOfElidedImportPreserved,13,"L:>x : typeof import('index') || R:>x : typeof x"
jsDocGenericOverloads,5,"L:>createElementC : (t: any, c: any) => any || R:>createElementC : <T extends keyof HTMLElementTagNameMap>(t: T, c?: (NodeList | HTMLCollection) | undefined) => HTMLElementTagNameMap[T]"
jsPromiseNeedsJSDocHint,5,"L:>new Promise((resolve) => resolve()) : Promise<unknown> || R:>new Promise((resolve) => resolve()) : Promise<any>"
jsdocInTypeScript,6,"L:>T : unresolved || R:declare const x: T;"
jsdocTypesWithPrefixesAndUnionTypes1,6,"L:>f0 : (x: any) => void || R:>f0 : (x: any | null) => void"
json.stringify,9,"L:>JSON.stringify : { (value: any, replacer?: ((this: any, key: string, value: any) => any) | undefined, space?: string | number | undefined): string; (value: any, replacer?: (string | number)[] | null | undefined, space?: string | number | undefined): string; } || R:>JSON.stringify : { (value: any, replacer?: (this: any, key: string, value: any) => any, space?: string | number): string; (value: any, replacer?: (number | string)[] | null, space?: string | number): string; }"
jsxCallElaborationCheckNoCrash1,4,"L:/// <reference path='/.lib/react16.d.ts' /> || R:/// <reference path='react16.d.ts' />"
jsxCallbackWithDestructuring,17,"L:>props : Readonly<{ children?: {} | undefined; }> & Readonly<P> || R:>props : Readonly<{ children?: {}; }> & Readonly<P>"
jsxChildrenArrayWrongType(target=es2015),4,"L:/// <reference path='/.lib/react18/react18.d.ts' /> || R:/// <reference path='react18/react18.d.ts' />"
jsxChildrenGenericContextualTypes,17,"L:>Elem : <T, U>(p: { prop: T; children: (t: T) => T; }) => any || R:>Elem : <T, U = never>(p: { prop: T; children: (t: T) => T; }) => JSX.Element"
jsxChildrenWrongType,4,"L:/// <reference path='/.lib/react18/react18.d.ts' /> || R:/// <reference path='react18/react18.d.ts' />"
jsxClassAttributeResolution,20,"L:>IntrinsicClassAttributes : IntrinsicClassAttributesAlias<T> || R:>IntrinsicClassAttributes : IntrinsicClassAttributes<T>"
jsxContainsOnlyTriviaWhiteSpacesNotCountedAsChild,24,"L:><NoticeList className='my-notice-list'></NoticeList> : any || R:><NoticeList className='my-notice-list'></NoticeList> : error"
jsxElementClassTooManyParams,34,"L:><ElemClass x={12} y={24} /> : any || R:><ElemClass x={12} y={24} /> : JSX.Element"
jsxElementTypeLiteral,4,"L:/// <reference path='/.lib/react16.d.ts' /> || R:/// <reference path='react16.d.ts' />"
jsxElementTypeUnexpectedType,8,"L:>ElementType :  || R:>ElementType : ElementType"
jsxElementsAsIdentifierNames,19,"L:><package /> : any || R:><package /> : error"
jsxEmitWithAttributes,38,"L:>isElement : (el: any) => boolean || R:>isElement : (el: any) => el is JSX.Element"
jsxEmptyExpressionNotCountedAsChild(jsx=react),4,"L:/// <reference path='/.lib/react16.d.ts' /> || R:/// <reference path='react16.d.ts' />"
jsxEmptyExpressionNotCountedAsChild2,9,"L:>global : {} || R:>global : any"
jsxFactoryAndReactNamespace,38,"L:>isElement : (el: any) => boolean || R:>isElement : (el: any) => el is JSX.Element"
jsxFactoryIdentifier,38,"L:>isElement : (el: any) => boolean || R:>isElement : (el: any) => el is JSX.Element"
jsxFactoryIdentifierAsParameter,19,"L:><div /> : any || R:><div /> : error"
jsxFactoryNotIdentifierOrQualifiedName,38,"L:>isElement : (el: any) => boolean || R:>isElement : (el: any) => el is JSX.Element"
jsxFactoryNotIdentifierOrQualifiedName2,38,"L:>isElement : (el: any) => boolean || R:>isElement : (el: any) => el is JSX.Element"
jsxFactoryQualifiedName,38,"L:>isElement : (el: any) => boolean || R:>isElement : (el: any) => el is JSX.Element"
jsxFragReactReferenceErrors(jsx=preserve),4,"L:/// <reference path='/.lib/react18/react18.d.ts' /> || R:/// <reference path='react18/react18.d.ts' />"
jsxFragReactReferenceErrors(jsx=react-native),4,"L:/// <reference path='/.lib/react18/react18.d.ts' /> || R:/// <reference path='react18/react18.d.ts' />"
jsxFragmentWrongType,4,"L:/// <reference path='/.lib/react18/react18.d.ts' /> || R:/// <reference path='react18/react18.d.ts' />"
jsxFunctionTypeChildren,6,"L:/// <reference path='/.lib/react.d.ts' /> || R:/// <reference path='react.d.ts' />"
jsxHexEntityUppercaseMarker,8,"L:>global : {} || R:>global : any"
jsxImportForSideEffectsNonExtantNoError,4,"L:/// <reference path='/.lib/react16.d.ts' /> || R:/// <reference path='react16.d.ts' />"
jsxImportInAttribute,3,"L:=== component.d.ts === || R:=== consumer.tsx ==="
jsxImportSourceNonPragmaComment,23,"L:>`        color: red;      ` : ' || R:>`        color: red;      ` : '\n        color: red;\n      '"
jsxInExtendsClause,20,"L:>createComponentClass(() => class extends React.Component<{}, {}> {  render() {    return <span>Hello, world!</span>;  }}) : React.ComponentClass<unknown> || R:>createComponentClass(() => class extends React.Component<{}, {}> {  render() {    return <span>Hello, world!</span>;  }}) : React.Component<unknown, {}>"
jsxInferenceProducesLiteralAsExpected,4,"L:/// <reference path='/.lib/react.d.ts' /> || R:/// <reference path='react.d.ts' />"
jsxIntrinsicElementsExtendsRecord,9,"L:><a /> : any || R:><a /> : error"
jsxIntrinsicElementsTypeArgumentErrorSkipsTrivia,4,"L:/// <reference path='/.lib/react16.d.ts' /> || R:/// <reference path='react16.d.ts' />"
jsxIntrinsicElementsTypeArgumentErrors,4,"L:/// <reference path='/.lib/react16.d.ts' /> || R:/// <reference path='react16.d.ts' />"
jsxIssuesErrorWhenTagExpectsTooManyArguments,4,"L:/// <reference path='/.lib/react16.d.ts' /> || R:/// <reference path='react16.d.ts' />"
jsxLibraryManagedAttributesUnexpectedType,8,"L:>LibraryManagedAttributes :  || R:>LibraryManagedAttributes : LibraryManagedAttributes"
jsxLibraryManagedAttributesUnusedGeneric,44,"L:>Comp : (p: { className?: string | undefined; }) => null || R:>Comp : (p: { className?: string; }) => null"
jsxLocalNamespaceIndexSignatureNoCrash,12,"L:>document.createElement : { <K extends 'a' | 'abbr' | 'address' | 'area' | 'article' | 'aside' | 'audio' | 'b' | 'base' | 'bdi' | 'bdo' | 'blockquote' | 'body' | 'br' | 'button' | 'canvas' | 'caption' | 'cite' | 'code' | 'col' | 'colgroup' | 'data' | 'datalist' | 'dd' | 'del' | 'details' | 'dfn' | 'dialog' | 'div' | 'dl' | 'dt' | 'em' | 'embed' | 'fieldset' | 'figcaption' | 'figure' | 'footer' | 'form' | 'h1' | 'h2' | 'h3' | 'h4' | 'h5' | 'h6' | 'head' | 'header' | 'hgroup' | 'hr' | 'html' | 'i' | 'iframe' | 'img' | 'input' | 'ins' | 'kbd' | 'label' | 'legend' | 'li' | 'link' | 'main' | 'map' | 'mark' | 'menu' | 'meta' | 'meter' | 'nav' | 'noscript' | 'object' | 'ol' | 'optgroup' | 'option' | 'output' | 'p' | 'picture' | 'pre' | 'progress' | 'q' | 'rp' | 'rt' | 'ruby' | 's' | 'samp' | 'script' | 'search' | 'section' | 'select' | 'slot' | 'small' | 'source' | 'span' | 'strong' | 'style' | 'sub' | 'summary' | 'sup' | 'table' | 'tbody' | 'td' | 'template' | 'textarea' | 'tfoot' | 'th' | 'thead' | 'time' | 'title' | 'tr' | 'track' | 'u' | 'ul' | 'var' | 'video' | 'wbr'>(tagName: K, options?: ElementCreationOptions | undefined): HTMLElementTagNameMap[K]; <K extends 'acronym' | 'applet' | 'basefont' | 'bgsound' | 'big' | 'blink' | 'center' | 'dir' | 'font' | 'frame' | 'frameset' | 'isindex' | 'keygen' | 'listing' | 'marquee' | 'menuitem' | 'multicol' | 'nextid' | 'nobr' | 'noembed' | 'noframes' | 'param' | 'plaintext' | 'rb' | 'rtc' | 'spacer' | 'strike' | 'tt' | 'xmp'>(tagName: K, options?: ElementCreationOptions | undefined): HTMLElementDeprecatedTagNameMap[K]; (tagName: string, options?: ElementCreationOptions | undefined): HTMLElement; } || R:>document.createElement : { <K extends keyof HTMLElementTagNameMap>(tagName: K, options?: ElementCreationOptions): HTMLElementTagNameMap[K]; <K extends keyof HTMLElementDeprecatedTagNameMap>(tagName: K, options?: ElementCreationOptions): HTMLElementDeprecatedTagNameMap[K]; (tagName: string, options?: ElementCreationOptions): HTMLElement; }"
jsxNamespaceElementChildrenAttributeIgnoredWhenReactJsx(jsx=react-jsx),22,"L:>Title : (props: { children: string; }) => any || R:>Title : (props: { children: string; }) => string"
jsxNamespaceElementChildrenAttributeIgnoredWhenReactJsx(jsx=react-jsxdev),22,"L:>Title : (props: { children: string; }) => any || R:>Title : (props: { children: string; }) => string"
jsxNamespaceGlobalReexport,92,"L:>JSXInternal : object || R:>JSXInternal : any"
jsxNamespaceGlobalReexportMissingAliasTarget,92,"L:>JSXInternal : object || R:>JSXInternal : any"
jsxNamespaceImplicitImportJSXNamespace,92,"L:>JSXInternal : object || R:>JSXInternal : any"
jsxNamespaceImplicitImportJSXNamespaceFromConfigPickedOverGlobalOne(jsx=preserve),13,"L:>global : {} || R:>global : any"
jsxNamespaceImplicitImportJSXNamespaceFromConfigPickedOverGlobalOne(jsx=react-jsx),13,"L:>global : {} || R:>global : any"
jsxNamespaceImplicitImportJSXNamespaceFromPragmaPickedOverGlobalOne,13,"L:>global : {} || R:>global : any"
jsxNamespaceNoElementChildrenAttributeReactJsx(jsx=react-jsx),17,"L:>Title : (props: { children: string; }) => any || R:>Title : (props: { children: string; }) => string"
jsxNamespaceNoElementChildrenAttributeReactJsx(jsx=react-jsxdev),17,"L:>Title : (props: { children: string; }) => any || R:>Title : (props: { children: string; }) => string"
jsxNamespacePrefixInName,64,"L: || R:>> : boolean"
jsxNamespacePrefixInNameReact,67,"L: || R:>> : boolean"
jsxNamespaceReexports,19,"L:>JSX : object || R:>JSX : any"
jsxNestedIndentation,16,"L:><Child>        <Child>            <Child></Child>        </Child>    </Child> : any || R:><Child>        <Child>            <Child></Child>        </Child>    </Child> : error"
jsxNestedWithinTernaryParsesCorrectly,29,"L:><span>          {0}{0}        </span>       : any || R:><span>          {0}{0}        </span> : any"
jsxNumericEntityLoneSurrogate,24,"L:><div title='&#xD800;'></div> : any || R:><div title='&#xD800;'></div> : JSX.Element"
jsxPartialSpread,4,"L:/// <reference path='/.lib/react16.d.ts' /> || R:/// <reference path='react16.d.ts' />"
jsxPropsAsIdentifierNames,8,"L:>div : { static?: boolean | undefined; } || R:>div : { static?: boolean; }"
jsxRuntimePragma(jsx=react),4,"L:/// <reference path='/.lib/react16.d.ts' /> || R:/// <reference path='react16.d.ts' />"
jsxSpreadFirstUnionNoErrors,4,"L:/// <reference path='/.lib/react.d.ts' /> || R:/// <reference path='react.d.ts' />"
jsxTernaryWithObjectInAttribute,9,"L:>HoverCardText : (p: { label: any; text: any; className?: string | undefined; }) => null || R:>HoverCardText : (p: { label: any; text: any; className?: string; }) => null"
jsxViaImport.2,3,"L:=== component.d.ts === || R:=== consumer.tsx ==="
jsxViaImport,3,"L:=== component.d.ts === || R:=== consumer.tsx ==="
keyRemappingKeyofResult,18,"L:>Okay : string | number || R:>Okay : Okay"
keyRemappingKeyofResult2,7,"L:>Values : T[keyof T] || R:>Values : Values<T>"
keyofModuleObjectHasCorrectKeys,17,"L:>example : typeof import('example') || R:>example : typeof example"
keyofObjectWithGlobalSymbolIncluded,18,"L:>Q : '__@species' || R:>Q : unique symbol"
keyofUnresolvedBaseMembers,31,"L:>CreateAttrs : CreateAttrs<T> || R:>CreateAttrs : Partial<Attrs<T>>"
knockout,51,"L:>name : void || R:>name : ko.Observable<string>"
lambdaArgCrash,52,"L:>items : unresolved || R:>items : ItemSet"
lambdaParamTypes,49,"L:>name : void || R:>name : string"
lambdaParameterWithTupleArgsHasCorrectAssignability,8,"L:>MyTuple : [MyTupleItem, ...MyTupleItem] || R:>MyTuple : MyTuple"
largeTupleTypes,30,"L:>lengthRange : <S extends number, E extends number>(start: S, endBefore: E) => ArrayValidator<T, I> || R:>lengthRange : <S extends number, E extends number>(start: S, endBefore: E) => ArrayValidator<Exclude<ExpandSmallerTuples<UnshiftTuple<[...Tuple<I, E>]>>, ExpandSmallerTuples<UnshiftTuple<[...Tuple<I, S>]>>>>"
lastPropertyInLiteralWins,23,"L:>{ // Should error, as last one wins, and is wrong type    thunk: (str: string) => {},    thunk: (num: number) => {}} : { thunk: (str: string) => void; thunk: (num: number) => void; } || R:>{ // Should error, as last one wins, and is wrong type    thunk: (str: string) => {},    thunk: (num: number) => {}} : { thunk: (num: number) => void; }"
lateBoundDestructuringImplicitAnyError,9,"L:>{[named]: prop} : any || R:>named : string"
lateBoundFunctionMemberAssignmentDeclarations,5,"L:>foo : { (): void; bar: number; [Symbol._private]: string; } || R:>foo : { (): void; bar: number; [_private]: string; }"
letDeclarations-access,121,"L:>x.toString : (radix?: number | undefined) => string || R:>x.toString : (radix?: number) => string"
letDeclarations-invalidContexts,39,"L:>l5 : number || R:>l5 : any"
letDeclarations-scopes,69,"L:>l : number || R:>l : any"
letDeclarations-validContexts,41,"L:>l5 : number || R:>l5 : any"
letInNonStrictMode,6,"L:>x : number || R:>[1] : [number]"
libMembers,53,"L:>length : number || R:>length : any"
libTypeScriptOverrideSimpleConfig,3,"L:=== /somepath/node_modules/@typescript/lib-dom/index.d.ts === || R:=== /somepath/index.ts ==="
libTypeScriptSubfileResolvingConfig,3,"L:=== /somepath/node_modules/@typescript/lib-dom/index.d.ts === || R:=== /somepath/index.ts ==="
library_ArraySlice,7,"L:>Array.prototype.slice : (start?: number | undefined, end?: number | undefined) => any[] || R:>Array.prototype.slice : (start?: number, end?: number) => any[]"
library_DatePrototypeProperties,39,"L:>Date.prototype.toLocaleString : { (): string; (locales?: string | string[] | undefined, options?: Intl.DateTimeFormatOptions | undefined): string; } || R:>Date.prototype.toLocaleString : { (): string; (locales?: string | string[], options?: Intl.DateTimeFormatOptions): string; }"
library_RegExpExecArraySlice,10,"L:>regExpExecArrayValue.slice : (start?: number | undefined, end?: number | undefined) => string[] || R:>regExpExecArrayValue.slice : (start?: number, end?: number) => string[]"
library_StringSlice,7,"L:>String.prototype.slice : (start?: number | undefined, end?: number | undefined) => string || R:>String.prototype.slice : (start?: number, end?: number) => string"
lift,25,"L:>super : B || R:>super : typeof B"
limitDeepInstantiations,7,"L:>Foo : { true: ...; }[T] || R:>Foo : Foo<T, B>"
listFailure,27,"L:>this.lines.add : (data: Line) => any || R:>this.lines.add : (data: Line) => List<Line>"
literalFreshnessPropagationOnNarrowing,12,"L:>obj : { b: any; } || R:>obj : { b: boolean; }"
literalTypeNameAssertionNotTriggered,3,"L:=== /a.ts === || R:=== /b.ts ==="
literalWideningWithCompoundLikeAssignments,22,"L:>foo : '' || R:>foo : string"
literals1,46,"L:>'q\tq' : 'q	q' || R:>'q\tq' : 'q\tq'"
literalsInComputedProperties1,5,"L:>x : { 1: number; 2: number; '3': number; 4: number; } || R:>x : { 1: number; 2: number; '3': number; '4': number; }"
localAliasExportAssignment,3,"L:=== localAliasExportAssignment_0.ts === || R:=== localAliasExportAssignment_1.ts ==="
localClassesInLoop,28,"L:>data.push(() => C) : any || R:>data.push(() => C) : number"
localClassesInLoop_ES6,28,"L:>data.push(() => C) : any || R:>data.push(() => C) : number"
localImportNameVsGlobalName,21,"L:>Key : typeof Keyboard.Key || R:>Key : Key"
localTypeParameterInferencePriority,22,"L:>getRows : <C extends keyof S>() => (UnrollOnHover<Pick<S, C>>)[] || R:>getRows : <C extends keyof S>() => Array<UnrollOnHover<Pick<S, C>>>"
longObjectInstantiationChain1,465,"L:>o1.p1 : T['p1'] || R:>o1.p1 : number"
longObjectInstantiationChain2,14,"L:>merge : <r>(r: r) => any || R:>merge : <r>(r: r) => Type<merge<t, r>>"
longObjectInstantiationChain3,576,"L:>o2.p1 : T['p1'] || R:>o2.p1 : number"
manyCompilerErrorsInTheTwoFiles,6,"L:>!@#!@$ : boolean || R:>!@ : boolean"
mapConstructorOnReadonlyTuple,7,"L:>[[{}, 1], [{}, 2]] : {}[][] || R:>[[{}, 1], [{}, 2]] : readonly [readonly [{}, 1], readonly [{}, 2]]"
mapGroupBy,5,"L:>basic : Map<string, number[]> || R:>basic : Map<'large' | 'small', number[]>"
mapOnTupleTypes02,5,"L:>Point : [number, number] || R:>Point : Point"
mappedArrayTupleIntersections,18,"L:>T3 : T3 || R:>T3 : Box<string>[] & Box<unknown>[]"
mappedToToIndexSignatureInference,5,"L:>fn : <K extends string, V>(object: { [Key in K]: V }) => object || R:>fn : <K extends string, V>(object: { [Key in K]: V; }) => object"
mappedTypeAndIndexSignatureRelation,11,"L:>T2 : T2<U> || R:>T2 : Same<U>"
mappedTypeAsStringTemplate,7,"L:>foo : <T extends { [K in keyof T as `${Extract<K, string>}y`]: any; }>(foox: T) => void || R:>foo : <T extends { [K in keyof T as `${Extract<K, string>}y`]: number; }>(foox: T) => void"
mappedTypeCircularReferenceInAccessor,20,"L:>FilteredKeys : ({ [K in keyof T]: any; })[keyof T] || R:>FilteredKeys : FilteredKeys<T>"
mappedTypeContextualTypesApplied,11,"L:>mapped1 : <T extends { [P in string]: any; }>(obj: T) => void || R:>mapped1 : <T extends { [P in string]: TakeString; }>(obj: T) => void"
mappedTypeGenericIndexedAccess,41,"L:>addEntry : <T extends 'first' | 'second' | 'third'>(name: T, entry: Types[T]) => void || R:>addEntry : <T extends keyof Types>(name: T, entry: Types[T]) => void"
mappedTypeGenericInstantiationPreservesHomomorphism,13,"L:>usePrivateType : <T extends unknown[]>(...args: T) => PrivateMapped<T[any]> || R:>usePrivateType : <T extends unknown[]>(...args: T) => T[any] extends infer T_1 ? { [K in keyof T_1]: T_1[K]; } : never"
mappedTypeGenericInstantiationPreservesInlineForm,7,"L:>test1 : <T>(schema: { || R:>test1 : <T = Record<string, never>>(schema: { [K in keyof Required<T>]: T[K]; }) => void"
mappedTypeGenericWithKnownKeys,25,"L:>obj[key] : (Record<'knownLiteralKey' | keyof Shape, number>)[keyof Shape] || R:>obj[key] : Record<'knownLiteralKey' | keyof Shape, number>[keyof Shape]"
mappedTypeIndexedAccess,20,"L:>Pair : (Pairs<T>)[keyof T] || R:>Pair : Pair<T>"
mappedTypeIndexedAccessConstraint,22,"L:>foo : <K extends 'a' | 'b'>(m1: M1[K], m2: M2[K], m3: M3[K]) => void || R:>foo : <K extends keyof M0>(m1: M1[K], m2: M2[K], m3: M3[K]) => void"
mappedTypeInferenceAliasSubstitution,18,"L:>f : <A extends string, B extends string, R>(x: { [K in A]: Field<B, R> }) => R || R:>f : <A extends string, B extends string, R>(x: { [K in A]: Field<B, R>; }) => R"
mappedTypeInferenceCircularity,18,"L:>h.div : Block<P> || R:>h.div : Block<HTML>"
mappedTypeInferenceFromApparentType,14,"L:>target : { [K in keyof T]: any; } || R:>target : { [K in keyof T]: T[K]; }"
mappedTypeInferenceToMappedType,13,"L:>method : <U extends unknown[]>(x: { [K in keyof U]: U[K] }) => Base<U> || R:>method : <U extends unknown[]>(x: { [K in keyof U]: U[K]; }) => Base<U>"
mappedTypeMultiInference,10,"L:>mergeStyleSets : <K extends string>(...cssSets: { [P in K]?: Style }[]) => { [P in K]: any; } || R:>mergeStyleSets : <K extends string>(...cssSets: { [P in K]?: Style; }[]) => { [P in K]: Style; }"
mappedTypeNestedGenericInstantiation,11,"L:>mapValues : <U>(func: (v: T[keyof T]) => U) => Chainable<{ [k in keyof T]: any; }> || R:>mapValues : <U>(func: (v: T[keyof T]) => U) => Chainable<{ [k in keyof T]: U; }>"
mappedTypeNotMistakenlyHomomorphic,44,"L:>gen2TypeA : Gen2<T> || R:>gen2TypeA : Gen2<ABC.A>"
mappedTypeRecursiveInference2,5,"L:>MorphTuple : [string, '|>', any] || R:>MorphTuple : MorphTuple"
mappedTypeTupleConstraintAssignability,10,"L:>EnumValues : [string, ...string] || R:>EnumValues : EnumValues"
mappedTypeWithAsClauseAndLateBoundProperty,8,"L:>src2 : { [K in keyof number[] as Exclude<K, 'length'>]: any; } || R:>src2 : { [x: number]: number; toString: () => string; toLocaleString: { (): string; (locales: string | string[], options?: Intl.NumberFormatOptions & Intl.DateTimeFormatOptions): string; }; pop: () => number | undefined; push: (...items: number[]) => number; concat: { (...items: ConcatArray<number>[]): number[]; (...items: (number | ConcatArray<number>)[]): number[]; }; join: (separator?: string) => string; reverse: () => number[]; shift: () => number | undefined; slice: (start?: number, end?: number) => number[]; sort: (compareFn?: ((a: number, b: number) => number) | undefined) => number[]; splice: { (start: number, deleteCount?: number): number[]; (start: number, deleteCount: number, ...items: number[]): number[]; }; unshift: (...items: number[]) => number; indexOf: (searchElement: number, fromIndex?: number) => number; lastIndexOf: (searchElement: number, fromIndex?: number) => number; every: { <S extends number>(predicate: (value: number, index: number, array: number[]) => value is S, thisArg?: any): this is S[]; (predicate: (value: number, index: number, array: number[]) => unknown, thisArg?: any): boolean; }; some: (predicate: (value: number, index: number, array: number[]) => unknown, thisArg?: any) => boolean; forEach: (callbackfn: (value: number, index: number, array: number[]) => void, thisArg?: any) => void; map: <U>(callbackfn: (value: number, index: number, array: number[]) => U, thisArg?: any) => U[]; filter: { <S extends number>(predicate: (value: number, index: number, array: number[]) => value is S, thisArg?: any): S[]; (predicate: (value: number, index: number, array: number[]) => unknown, thisArg?: any): number[]; }; reduce: { (callbackfn: (previousValue: number, currentValue: number, currentIndex: number, array: number[]) => number): number; (callbackfn: (previousValue: number, currentValue: number, currentIndex: number, array: number[]) => number, initialValue: number): number; <U>(callbackfn: (previousValue: U, currentValue: number, currentIndex: number, array: number[]) => U, initialValue: U): U; }; reduceRight: { (callbackfn: (previousValue: number, currentValue: number, currentIndex: number, array: number[]) => number): number; (callbackfn: (previousValue: number, currentValue: number, currentIndex: number, array: number[]) => number, initialValue: number): number; <U>(callbackfn: (previousValue: U, currentValue: number, currentIndex: number, array: number[]) => U, initialValue: U): U; }; find: { <S extends number>(predicate: (value: number, index: number, obj: number[]) => value is S, thisArg?: any): S | undefined; (predicate: (value: number, index: number, obj: number[]) => unknown, thisArg?: any): number | undefined; }; findIndex: (predicate: (value: number, index: number, obj: number[]) => unknown, thisArg?: any) => number; fill: (value: number, start?: number, end?: number) => number[]; copyWithin: (target: number, start: number, end?: number) => number[]; [Symbol.iterator]: () => ArrayIterator<number>; entries: () => ArrayIterator<[number, number]>; keys: () => ArrayIterator<number>; values: () => ArrayIterator<number>; readonly [Symbol.unscopables]: { [x: number]: boolean | undefined; length?: boolean | undefined; toString?: boolean | undefined; toLocaleString?: boolean | undefined; pop?: boolean | undefined; push?: boolean | undefined; concat?: boolean | undefined; join?: boolean | undefined; reverse?: boolean | undefined; shift?: boolean | undefined; slice?: boolean | undefined; sort?: boolean | undefined; splice?: boolean | undefined; unshift?: boolean | undefined; indexOf?: boolean | undefined; lastIndexOf?: boolean | undefined; every?: boolean | undefined; some?: boolean | undefined; forEach?: boolean | undefined; map?: boolean | undefined; filter?: boolean | undefined; reduce?: boolean | undefined; reduceRight?: boolean | undefined; find?: boolean | undefined; findIndex?: boolean | undefined; fill?: boolean | undefined; copyWithin?: boolean | undefined; [Symbol.iterator]?: boolean | undefined; entries?: boolean | undefined; keys?: boolean | undefined; values?: boolean | undefined; readonly [Symbol.unscopables]?: boolean | undefined; includes?: boolean | undefined; flatMap?: boolean | undefined; flat?: boolean | undefined; }; includes: (searchElement: number, fromIndex?: number) => boolean; flatMap: <U, This = undefined>(callback: (this: This, value: number, index: number, array: number[]) => U | readonly U[], thisArg?: This | undefined) => U[]; flat: <A, D extends number = 1>(this: A, depth?: D | undefined) => FlatArray<A, D>[]; }"
mappedTypeWithAsClauseAndLateBoundProperty2,5,"L:>thing : { [K in keyof number[] as Exclude<K, 'length'>]: any; } || R:>thing : { [x: number]: number; toString: () => string; toLocaleString: { (): string; (locales: string | string[], options?: Intl.NumberFormatOptions & Intl.DateTimeFormatOptions): string; }; pop: () => number | undefined; push: (...items: number[]) => number; concat: { (...items: ConcatArray<number>[]): number[]; (...items: (number | ConcatArray<number>)[]): number[]; }; join: (separator?: string) => string; reverse: () => number[]; shift: () => number | undefined; slice: (start?: number, end?: number) => number[]; sort: (compareFn?: ((a: number, b: number) => number) | undefined) => number[]; splice: { (start: number, deleteCount?: number): number[]; (start: number, deleteCount: number, ...items: number[]): number[]; }; unshift: (...items: number[]) => number; indexOf: (searchElement: number, fromIndex?: number) => number; lastIndexOf: (searchElement: number, fromIndex?: number) => number; every: { <S extends number>(predicate: (value: number, index: number, array: number[]) => value is S, thisArg?: any): this is S[]; (predicate: (value: number, index: number, array: number[]) => unknown, thisArg?: any): boolean; }; some: (predicate: (value: number, index: number, array: number[]) => unknown, thisArg?: any) => boolean; forEach: (callbackfn: (value: number, index: number, array: number[]) => void, thisArg?: any) => void; map: <U>(callbackfn: (value: number, index: number, array: number[]) => U, thisArg?: any) => U[]; filter: { <S extends number>(predicate: (value: number, index: number, array: number[]) => value is S, thisArg?: any): S[]; (predicate: (value: number, index: number, array: number[]) => unknown, thisArg?: any): number[]; }; reduce: { (callbackfn: (previousValue: number, currentValue: number, currentIndex: number, array: number[]) => number): number; (callbackfn: (previousValue: number, currentValue: number, currentIndex: number, array: number[]) => number, initialValue: number): number; <U>(callbackfn: (previousValue: U, currentValue: number, currentIndex: number, array: number[]) => U, initialValue: U): U; }; reduceRight: { (callbackfn: (previousValue: number, currentValue: number, currentIndex: number, array: number[]) => number): number; (callbackfn: (previousValue: number, currentValue: number, currentIndex: number, array: number[]) => number, initialValue: number): number; <U>(callbackfn: (previousValue: U, currentValue: number, currentIndex: number, array: number[]) => U, initialValue: U): U; }; find: { <S extends number>(predicate: (value: number, index: number, obj: number[]) => value is S, thisArg?: any): S | undefined; (predicate: (value: number, index: number, obj: number[]) => unknown, thisArg?: any): number | undefined; }; findIndex: (predicate: (value: number, index: number, obj: number[]) => unknown, thisArg?: any) => number; fill: (value: number, start?: number, end?: number) => number[]; copyWithin: (target: number, start: number, end?: number) => number[]; [Symbol.iterator]: () => ArrayIterator<number>; entries: () => ArrayIterator<[number, number]>; keys: () => ArrayIterator<number>; values: () => ArrayIterator<number>; readonly [Symbol.unscopables]: { [x: number]: boolean | undefined; length?: boolean | undefined; toString?: boolean | undefined; toLocaleString?: boolean | undefined; pop?: boolean | undefined; push?: boolean | undefined; concat?: boolean | undefined; join?: boolean | undefined; reverse?: boolean | undefined; shift?: boolean | undefined; slice?: boolean | undefined; sort?: boolean | undefined; splice?: boolean | undefined; unshift?: boolean | undefined; indexOf?: boolean | undefined; lastIndexOf?: boolean | undefined; every?: boolean | undefined; some?: boolean | undefined; forEach?: boolean | undefined; map?: boolean | undefined; filter?: boolean | undefined; reduce?: boolean | undefined; reduceRight?: boolean | undefined; find?: boolean | undefined; findIndex?: boolean | undefined; fill?: boolean | undefined; copyWithin?: boolean | undefined; [Symbol.iterator]?: boolean | undefined; entries?: boolean | undefined; keys?: boolean | undefined; values?: boolean | undefined; readonly [Symbol.unscopables]?: boolean | undefined; includes?: boolean | undefined; flatMap?: boolean | undefined; flat?: boolean | undefined; }; includes: (searchElement: number, fromIndex?: number) => boolean; flatMap: <U, This = undefined>(callback: (this: This, value: number, index: number, array: number[]) => U | readonly U[], thisArg?: This | undefined) => U[]; flat: <A, D extends number = 1>(this: A, depth?: D | undefined) => FlatArray<A, D>[]; }"
mappedTypeWithCombinedTypeMappers,36,"L:>output.x.children : Meta<T[P], A> || R:>output.x.children : string"
mappedTypeWithNameClauseAppliedToArrayType,8,"L:>NotArray : NotArray || R:>NotArray : Mappy<number[]>"
maxConstraints,16,"L:>(x, y) => { return (x.compareTo(y) > 0) ? x : y } : (x: T, y: T) => T || R:>(x, y) => { return (x.compareTo(y) > 0) ? x : y } : <T extends Comparable<T>>(x: T, y: T) => T"
memberOverride,7,"L:>x : { a: string; a: number; } || R:>x : { a: number; }"
mergeMultipleInterfacesReexported,15,"L:>t : 'p0' | 'p1' | 'p2' || R:>t : keyof EventList"
mergeSymbolReexportInterface,19,"L:=== ./a.d.ts === || R:=== a.d.ts ==="
mergeSymbolReexportedTypeAliasInstantiation,21,"L:=== ./a.d.ts === || R:=== a.d.ts ==="
mergeSymbolRexportFunction,11,"L:=== ./a.d.ts === || R:=== a.d.ts ==="
mergedClassNamespaceRecordCast,25,"L:>new C2() : any || R:>new C2() : C2"
mergedDeclarationExports,28,"L:>d : d || R:>d : import('./mergedDeclarationExports').d"
mergedDeclarations1,67,"L:>origin : string || R:>origin : Point"
mergedDeclarations2,15,"L:>b : Foo.b || R:>b : Foo"
mergedDeclarations3,19,"L:>Color : Color || R:>Color : typeof Color"
mergedDeclarations4,16,"L:>M.f : () => void || R:>M.f : typeof f"
mergedDeclarations7,20,"L:>passport : PassportStatic || R:>passport : import('passport').PassportStatic"
mergedEnumDeclarationCodeGen,12,"L:>a : E.a || R:>a : E"
mergedInstantiationAssignment,15,"L:>v1 : GenericObject<T> & { a?: string | undefined; } | { b?: number | undefined; } || R:>v1 : GenericObject<number> & ({ a?: string; } | { b?: number; })"
mergedInterfaceFromMultipleFiles1,3,"L:=== mergedInterfaceFromMultipleFiles1_0.ts === || R:=== mergedInterfaceFromMultipleFiles1_1.ts ==="
mergedModuleDeclarationCodeGen5,30,"L:>plop :  || R:>plop : plop"
metadataOfUnion,26,"L:>y : boolean | true || R:>y : boolean"
methodChainError,20,"L:>new Builder()    .method('a')    .method()    .method('a') : typeof Builder || R:>new Builder()    .method('a')    .method()    .method('a') : Builder"
methodContainingLocalFunction(target=es2015),106,"L:>E :  || R:>E : E"
mismatchedExplicitTypeParameterAndArgumentType,34,"L:>r0 : any[] || R:>r0 : string[]"
missingCloseParenStatements(alwaysstrict=true),11,"L:>a1 && (a2 + a3 > 0) : any || R:>a1 && (a2 + a3 > 0) : boolean"
missingDiscriminants,7,"L:>Thing : { str: 'a'; num: 0; } | { str: 'b'; } | { num: 1; } || R:>Thing : Thing"
missingDiscriminants2,9,"L:>Thing : { str: 'a'; num: 0; } | { str: 'b'; } | { str: 'c'; } | { str: 'd'; } | { str: 'e'; } | { str: 'f'; } | { str: 'g'; } | { str: 'h'; } | { str: 'i'; } | { str: 'j'; } | { str: 'k'; } | { str: 'l'; } | { str: 'm'; } | { str: 'n'; } | { str: 'o'; } | { num: 1; } || R:>Thing : Thing"
missingDiscriminants2_promoted,7,"L:>Thing : { str: 'a'; num: 0; } | { str: 'b'; } | { str: 'c'; } | { str: 'd'; } | { str: 'e'; } | { str: 'f'; } | { str: 'g'; } | { str: 'h'; } | { str: 'i'; } | { str: 'j'; } | { str: 'k'; } | { str: 'l'; } | { str: 'm'; } | { str: 'n'; } | { str: 'o'; } | { num: 1; } || R:>Thing : Thing"
missingDiscriminants_promoted,7,"L:>Thing : { str: 'a'; num: 0; } | { str: 'b'; } | { num: 1; } || R:>Thing : Thing"
missingFunctionImplementation,124,"L:>m : (a: any) => void || R:>m : { (a: any): void; (a: any): void; }"
missingFunctionImplementation2,9,"L:>f : (a: any, b: any) => void || R:>f : { (a?: any, b?: any): any; (a: any, b: any): void; }"
missingImportAfterModuleImport,3,"L:=== missingImportAfterModuleImport_0.ts === || R:=== missingImportAfterModuleImport_1.ts ==="
missingPropertiesOfClassExpression,6,"L:>class { reset() { return this.y; } } : typeof (Anonymous class) || R:>class { reset() { return this.y; } } : (Anonymous class)"
missingTypeArguments1,12,"L:>p1 : () => any || R:>p1 : () => X"
missingTypeArguments2,8,"L:>x : () => any || R:>x : () => A"
missingTypeArguments3,12,"L:>GroupBy : { <TKey>(keySelector: (element: T) => TKey): Enumerable<Grouping<TKey, T>>; <TKey, TElement>(keySelector: (element: T) => TKey, elementSelector: (element: T) => TElement): Enumerable<Grouping<TKey, TElement>>; } || R:>GroupBy : { <TKey>(keySelector: (element: T) => TKey): Enumerable<Grouping<TKey, T>>; <TKey_1, TElement>(keySelector: (element: T) => TKey_1, elementSelector: (element: T) => TElement): Enumerable<Grouping<TKey_1, TElement>>; }"
mixedStaticAndInstanceClassMembers,31,"L:>m1 : (a: string) => void || R:>m1 : { (a: string): void; (a: any): void; }"
mixedTypeEnumComparison,94,"L:>C1 :  || R:>C1 : E2.C1"
mixinIntersectionIsValidbaseType,18,"L:>Serializable : <K extends (Constructor<Initable>) & Initable>(SuperClass: K) => typeof SerializableLocal || R:>Serializable : <K extends Constructor<Initable> & Initable>(SuperClass: K) => { new (...args: any[]): SerializableLocal; init(...args: any[]): void; prototype: Serializable.SerializableLocal; } & K"
mixinOverMappedTypeNoCrash,24,"L:>cloneClass : <T extends Constructor<{}, any>>(OriginalClass: T) => T || R:>cloneClass : <T extends Constructor<{}>>(OriginalClass: T) => T"
mixinPrivateAndProtected,27,"L:>mixB : <T extends Constructor<{}>>(Cls: T) => typeof (Anonymous class) || R:>mixB : <T extends Constructor<{}>>(Cls: T) => { new (...args: any[]): (Anonymous class); prototype: mixB.(Anonymous class); } & T"
mixingApparentTypeOverrides,9,"L:>Tagged : <T extends Constructor<{}>>(Base: T) => typeof (Anonymous class) || R:>Tagged : <T extends Constructor<{}>>(Base: T) => { new (...args: any[]): (Anonymous class); prototype: Tagged.(Anonymous class); } & T"
mixingStaticAndInstanceOverloads,41,"L:>foo3 : (n: number) => any || R:>foo3 : { (n: number): any; (a: any): void; }"
modFunctionCrash,8,"L:>f : (fn: ()=>void) => any || R:>f : (fn: () => void) => any"
modularizeLibrary_Dom.asynciterable,5,"L:>navigator.storage.getDirectory().then(async directory => {    for await (const [key, handle] of directory) {        handle.kind;    }}) : Promise<unknown> || R:>navigator.storage.getDirectory().then(async directory => {    for await (const [key, handle] of directory) {        handle.kind;    }}) : Promise<void>"
modularizeLibrary_Dom.iterable,7,"L:>document.getElementsByTagName : { <K extends 'a' | 'abbr' | 'address' | 'area' | 'article' | 'aside' | 'audio' | 'b' | 'base' | 'bdi' | 'bdo' | 'blockquote' | 'body' | 'br' | 'button' | 'canvas' | 'caption' | 'cite' | 'code' | 'col' | 'colgroup' | 'data' | 'datalist' | 'dd' | 'del' | 'details' | 'dfn' | 'dialog' | 'div' | 'dl' | 'dt' | 'em' | 'embed' | 'fieldset' | 'figcaption' | 'figure' | 'footer' | 'form' | 'h1' | 'h2' | 'h3' | 'h4' | 'h5' | 'h6' | 'head' | 'header' | 'hgroup' | 'hr' | 'html' | 'i' | 'iframe' | 'img' | 'input' | 'ins' | 'kbd' | 'label' | 'legend' | 'li' | 'link' | 'main' | 'map' | 'mark' | 'menu' | 'meta' | 'meter' | 'nav' | 'noscript' | 'object' | 'ol' | 'optgroup' | 'option' | 'output' | 'p' | 'picture' | 'pre' | 'progress' | 'q' | 'rp' | 'rt' | 'ruby' | 's' | 'samp' | 'script' | 'search' | 'section' | 'select' | 'slot' | 'small' | 'source' | 'span' | 'strong' | 'style' | 'sub' | 'summary' | 'sup' | 'table' | 'tbody' | 'td' | 'template' | 'textarea' | 'tfoot' | 'th' | 'thead' | 'time' | 'title' | 'tr' | 'track' | 'u' | 'ul' | 'var' | 'video' | 'wbr'>(qualifiedName: K): HTMLCollectionOf<HTMLElementTagNameMap[K]>; <K extends 'a' | 'animate' | 'animateMotion' | 'animateTransform' | 'circle' | 'clipPath' | 'defs' | 'desc' | 'ellipse' | 'feBlend' | 'feColorMatrix' | 'feComponentTransfer' | 'feComposite' | 'feConvolveMatrix' | 'feDiffuseLighting' | 'feDisplacementMap' | 'feDistantLight' | 'feDropShadow' | 'feFlood' | 'feFuncA' | 'feFuncB' | 'feFuncG' | 'feFuncR' | 'feGaussianBlur' | 'feImage' | 'feMerge' | 'feMergeNode' | 'feMorphology' | 'feOffset' | 'fePointLight' | 'feSpecularLighting' | 'feSpotLight' | 'feTile' | 'feTurbulence' | 'filter' | 'foreignObject' | 'g' | 'image' | 'line' | 'linearGradient' | 'marker' | 'mask' | 'metadata' | 'mpath' | 'path' | 'pattern' | 'polygon' | 'polyline' | 'radialGradient' | 'rect' | 'script' | 'set' | 'stop' | 'style' | 'svg' | 'switch' | 'symbol' | 'text' | 'textPath' | 'title' | 'tspan' | 'use' | 'view'>(qualifiedName: K): HTMLCollectionOf<SVGElementTagNameMap[K]>; <K extends 'a' | 'annotation' | 'annotation-xml' | 'maction' | 'math' | 'merror' | 'mfrac' | 'mi' | 'mmultiscripts' | 'mn' | 'mo' | 'mover' | 'mpadded' | 'mphantom' | 'mprescripts' | 'mroot' | 'mrow' | 'ms' | 'mspace' | 'msqrt' | 'mstyle' | 'msub' | 'msubsup' | 'msup' | 'mtable' | 'mtd' | 'mtext' | 'mtr' | 'munder' | 'munderover' | 'semantics'>(qualifiedName: K): HTMLCollectionOf<MathMLElementTagNameMap[K]>; <K extends 'acronym' | 'applet' | 'basefont' | 'bgsound' | 'big' | 'blink' | 'center' | 'dir' | 'font' | 'frame' | 'frameset' | 'isindex' | 'keygen' | 'listing' | 'marquee' | 'menuitem' | 'multicol' | 'nextid' | 'nobr' | 'noembed' | 'noframes' | 'param' | 'plaintext' | 'rb' | 'rtc' | 'spacer' | 'strike' | 'tt' | 'xmp'>(qualifiedName: K): HTMLCollectionOf<HTMLElementDeprecatedTagNameMap[K]>; (qualifiedName: string): HTMLCollectionOf<Element>; } || R:>document.getElementsByTagName : { <K extends keyof HTMLElementTagNameMap>(qualifiedName: K): HTMLCollectionOf<HTMLElementTagNameMap[K]>; <K extends keyof SVGElementTagNameMap>(qualifiedName: K): HTMLCollectionOf<SVGElementTagNameMap[K]>; <K extends keyof MathMLElementTagNameMap>(qualifiedName: K): HTMLCollectionOf<MathMLElementTagNameMap[K]>; <K extends keyof HTMLElementDeprecatedTagNameMap>(qualifiedName: K): HTMLCollectionOf<HTMLElementDeprecatedTagNameMap[K]>; (qualifiedName: string): HTMLCollectionOf<Element>; }"
modularizeLibrary_ErrorFromUsingES6FeaturesWithOnlyES5Lib,65,"L:>o : { a: number; [Symbol.hasInstance](value: any): boolean; } || R:>o : { [x: number]: (value: any) => boolean; a: number; }"
modularizeLibrary_NoErrorDuplicateLibOptions1,13,"L:>Array.from : { <T>(arrayLike: ArrayLike<T>): T[]; <T, U>(arrayLike: ArrayLike<T>, mapfn: (v: T, k: number) => U, thisArg?: any): U[]; <T>(iterable: ArrayLike<T> | Iterable<T>): T[]; <T, U>(iterable: ArrayLike<T> | Iterable<T>, mapfn: (v: T, k: number) => U, thisArg?: any): U[]; } || R:>Array.from : { <T>(arrayLike: ArrayLike<T>): T[]; <T, U>(arrayLike: ArrayLike<T>, mapfn: (v: T, k: number) => U, thisArg?: any): U[]; <T>(iterable: Iterable<T> | ArrayLike<T>): T[]; <T, U>(iterable: Iterable<T> | ArrayLike<T>, mapfn: (v: T, k: number) => U, thisArg?: any): U[]; }"
modularizeLibrary_NoErrorDuplicateLibOptions2,13,"L:>Array.from : { <T>(arrayLike: ArrayLike<T>): T[]; <T, U>(arrayLike: ArrayLike<T>, mapfn: (v: T, k: number) => U, thisArg?: any): U[]; <T>(iterable: ArrayLike<T> | Iterable<T>): T[]; <T, U>(iterable: ArrayLike<T> | Iterable<T>, mapfn: (v: T, k: number) => U, thisArg?: any): U[]; } || R:>Array.from : { <T>(arrayLike: ArrayLike<T>): T[]; <T, U>(arrayLike: ArrayLike<T>, mapfn: (v: T, k: number) => U, thisArg?: any): U[]; <T>(iterable: Iterable<T> | ArrayLike<T>): T[]; <T, U>(iterable: Iterable<T> | ArrayLike<T>, mapfn: (v: T, k: number) => U, thisArg?: any): U[]; }"
modularizeLibrary_TargetES5UsingES6Lib,13,"L:>Array.from : { <T>(arrayLike: ArrayLike<T>): T[]; <T, U>(arrayLike: ArrayLike<T>, mapfn: (v: T, k: number) => U, thisArg?: any): U[]; <T>(iterable: ArrayLike<T> | Iterable<T>): T[]; <T, U>(iterable: ArrayLike<T> | Iterable<T>, mapfn: (v: T, k: number) => U, thisArg?: any): U[]; } || R:>Array.from : { <T>(arrayLike: ArrayLike<T>): T[]; <T, U>(arrayLike: ArrayLike<T>, mapfn: (v: T, k: number) => U, thisArg?: any): U[]; <T>(iterable: Iterable<T> | ArrayLike<T>): T[]; <T, U>(iterable: Iterable<T> | ArrayLike<T>, mapfn: (v: T, k: number) => U, thisArg?: any): U[]; }"
modularizeLibrary_TargetES6UsingES6Lib,13,"L:>Array.from : { <T>(arrayLike: ArrayLike<T>): T[]; <T, U>(arrayLike: ArrayLike<T>, mapfn: (v: T, k: number) => U, thisArg?: any): U[]; <T>(iterable: ArrayLike<T> | Iterable<T>): T[]; <T, U>(iterable: ArrayLike<T> | Iterable<T>, mapfn: (v: T, k: number) => U, thisArg?: any): U[]; } || R:>Array.from : { <T>(arrayLike: ArrayLike<T>): T[]; <T, U>(arrayLike: ArrayLike<T>, mapfn: (v: T, k: number) => U, thisArg?: any): U[]; <T>(iterable: Iterable<T> | ArrayLike<T>): T[]; <T, U>(iterable: Iterable<T> | ArrayLike<T>, mapfn: (v: T, k: number) => U, thisArg?: any): U[]; }"
modularizeLibrary_UsingES5LibES6ArrayLibES6WellknownSymbolLib,33,"L:>a[Symbol.isConcatSpreadable] : string || R:>a[Symbol.isConcatSpreadable] : error"
modularizeLibrary_Worker.asynciterable,5,"L:>navigator.storage.getDirectory().then(async directory => {    for await (const [key, handle] of directory) {        handle.kind;    }}) : Promise<unknown> || R:>navigator.storage.getDirectory().then(async directory => {    for await (const [key, handle] of directory) {        handle.kind;    }}) : Promise<void>"
modularizeLibrary_Worker.iterable,5,"L:>[key, entry] : any || R:>key : string"
moduleAliasInterface,27,"L:>i : _modes.IMode || R:>i : modes.IMode"
moduleAndInterfaceSharingName,11,"L:>z : Z || R:>z : X.Y.Z"
moduleAndInterfaceSharingName2,11,"L:>z : Z || R:>z : X.Y.Z"
moduleAndInterfaceSharingName3,11,"L:>z : Z || R:>z : X.Y.Z"
moduleAndInterfaceSharingName4,8,"L:>x : Color || R:>x : Color.Color"
moduleAssignmentCompat1,28,"L:>a = b : any || R:>a = b : B"
moduleAssignmentCompat2,27,"L:>a = b : any || R:>a = b : B"
moduleAssignmentCompat3,27,"L:>a = b : any || R:>a = b : B"
moduleAssignmentCompat4,32,"L:>a = b : any || R:>a = b : B"
moduleAugmentationDeclarationEmit1,23,"L:>map : <U>(proj: (e:T) => U) => typeof Observable || R:>map : <U>(proj: (e: T) => U) => Observable<U>"
moduleAugmentationDeclarationEmit2,23,"L:>map : <U>(proj: (e:T) => U) => typeof Observable || R:>map : <U>(proj: (e: T) => U) => Observable<U>"
moduleAugmentationDisallowedExtensions,30,"L:>{x1, y1, z0: {n}, z1: {arr: [el1, el2, el3]}} : any || R:>x1 : number"
moduleAugmentationDoesInterfaceMergeOfReexport,13,"L:>ns : typeof import('reexport') || R:>ns : typeof ns"
moduleAugmentationDoesNamespaceEnumMergeOfReexport,16,"L:>ns : typeof import('reexport') || R:>ns : typeof ns"
moduleAugmentationDoesNamespaceMergeOfReexport,15,"L:>ns : typeof import('reexport') || R:>ns : typeof ns"
moduleAugmentationDuringSyntheticDefaultCheck,3,"L:=== node_modules/moment/index.d.ts === || R:=== idx.test.ts ==="
moduleAugmentationEnumClassMergeOfReexportIsError,15,"L:>ns : typeof import('reexport') || R:>ns : typeof ns"
moduleAugmentationExtendAmbientModule1,3,"L:=== map.ts === || R:=== main.ts ==="
moduleAugmentationExtendAmbientModule2,3,"L:=== map.ts === || R:=== main.ts ==="
moduleAugmentationExtendFileModule1,23,"L:>map : <U>(proj: (e:T) => U) => typeof Observable || R:>map : <U>(proj: (e: T) => U) => Observable<U>"
moduleAugmentationExtendFileModule2,23,"L:>map : <U>(proj: (e:T) => U) => typeof Observable || R:>map : <U>(proj: (e: T) => U) => Observable<U>"
moduleAugmentationGlobal1,14,"L:>global : {} || R:>global : any"
moduleAugmentationGlobal2,13,"L:>global : {} || R:>global : any"
moduleAugmentationGlobal3,13,"L:>global : {} || R:>global : any"
moduleAugmentationGlobal4,5,"L:>global : {} || R:>global : any"
moduleAugmentationGlobal5,3,"L:=== f1.d.ts === || R:=== f3.ts ==="
moduleAugmentationGlobal6,5,"L:>global : {} || R:>global : typeof global"
moduleAugmentationGlobal6_1,5,"L:>global : {} || R:>global : typeof global"
moduleAugmentationGlobal7,6,"L:>global : {} || R:>global : typeof global"
moduleAugmentationGlobal7_1,6,"L:>global : {} || R:>global : typeof global"
moduleAugmentationGlobal8(target=es2015),6,"L:>global : {} || R:>global : typeof global"
moduleAugmentationGlobal8_1(target=es2015),6,"L:>global : {} || R:>global : typeof global"
moduleAugmentationImportsAndExports1,25,"L:>A.prototype : typeof A || R:>A.prototype : A"
moduleAugmentationImportsAndExports2,20,"L:>A.prototype.foo = function () { return undefined; } : () => undefined || R:>A.prototype.foo = function () { return undefined; } : () => any"
moduleAugmentationImportsAndExports3,20,"L:>A.prototype.foo = function () { return undefined; } : () => undefined || R:>A.prototype.foo = function () { return undefined; } : () => any"
moduleAugmentationImportsAndExports4,25,"L:>A.prototype : typeof A || R:>A.prototype : A"
moduleAugmentationImportsAndExports5,25,"L:>A.prototype : typeof A || R:>A.prototype : A"
moduleAugmentationImportsAndExports6,25,"L:>A.prototype : typeof A || R:>A.prototype : A"
moduleAugmentationInAmbientModule1,3,"L:=== O.d.ts === || R:=== main.ts ==="
moduleAugmentationInAmbientModule2,3,"L:=== O.d.ts === || R:=== main.ts ==="
moduleAugmentationInAmbientModule3,3,"L:=== O.d.ts === || R:=== main.ts ==="
moduleAugmentationInAmbientModule4,3,"L:=== O.d.ts === || R:=== main.ts ==="
moduleAugmentationInAmbientModule5,3,"L:=== array.d.ts === || R:=== f.ts ==="
moduleAugmentationInDependency,5,"L:>'ext' : object || R:>'ext' : error"
moduleAugmentationInDependency2,5,"L:>'ext' : object || R:>'ext' : any"
moduleAugmentationNoNewNames,12,"L:>Observable.prototype : Observable<any, any> || R:>Observable.prototype : Observable<any>"
moduleAugmentationOfAlias,11,"L:>'./a' : object || R:>'./a' : typeof import('./a')"
moduleAugmentationWithNonExistentNamedImport,18,"L:>global : {} || R:>global : any"
moduleClassArrayCodeGenTest,22,"L:>t2 : unresolved[] || R:>t2 : M.B[]"
moduleCodeGenTest5,46,"L:>E1.A : E1.A || R:>E1.A : E1"
moduleDeclarationExportStarShadowingGlobalIsNameable,22,"L:>global : {} || R:>global : any"
moduleDuplicateIdentifiers,47,"L:>Kettle : Kettle || R:>Kettle : import('./moduleDuplicateIdentifiers').Kettle"
moduleElementsInWrongContext,13,"L:>'ambient' : typeof import('ambient') || R:>'ambient' : typeof Foo"
moduleElementsInWrongContext2,5,"L:>blah : () => void || R:>blah : { (): void; default: any; }"
moduleExportNonStructured,5,"L:>exportAny : typeof import('exportAny') || R:>exportAny : { default: any; }"
moduleExports1,21,"L:>TypeScript.Strasse.Street : typeof Street || R:>TypeScript.Strasse.Street : typeof TypeScript.Strasse.Street"
moduleImport,52,"L:>ABC : typeof C || R:>ABC : typeof ABC"
moduleInTypePosition1,3,"L:=== moduleInTypePosition1_0.ts === || R:=== moduleInTypePosition1_1.ts ==="
moduleKeywordDeprecated,20,"L:>'alsogood' : object || R:>'alsogood' : any"
moduleLocalImportNotIncorrectlyRedirected,3,"L:=== node_modules/troublesome-lib/lib/index.d.ts === || R:=== index.ts ==="
moduleMemberWithoutTypeAnnotation2,30,"L:>Alert : (output: string) => void || R:>Alert : any"
moduleNewExportBug,22,"L:>c : unresolved || R:>c : mod1.C"
moduleNodeDefaultImports(module=node16),12,"L:>a : () => void || R:>a : typeof a"
moduleNodeDefaultImports(module=node18),12,"L:>a : () => void || R:>a : typeof a"
moduleNodeDefaultImports(module=node20),12,"L:>a : () => void || R:>a : typeof a"
moduleNodeDefaultImports(module=nodenext),12,"L:>a : () => void || R:>a : typeof a"
moduleNodeImportRequireEmit(target=es2016),3,"L:=== mod.d.ts === || R:=== index.ts ==="
moduleNodeImportRequireEmit(target=es2020),3,"L:=== mod.d.ts === || R:=== index.ts ==="
moduleNodeImportRequireEmit(target=esnext),3,"L:=== mod.d.ts === || R:=== index.ts ==="
modulePreserve1,3,"L:=== /a.ts === || R:=== /main.ts ==="
modulePreserve2,3,"L:=== /node_modules/dep/require.d.ts === || R:=== /main.js ==="
modulePreserve4,57,"L:>a1 : typeof import('a') || R:>a1 : typeof a1"
moduleResolutionAsTypeReferenceDirective,3,"L:=== /typings/phaser/types/phaser.d.ts === || R:=== /a.ts ==="
moduleResolutionAsTypeReferenceDirectiveAmbient,3,"L:=== /typings/phaser/types/phaser.d.ts === || R:=== /a.ts ==="
moduleResolutionAsTypeReferenceDirectiveScoped,3,"L:=== /a/types/dummy/index.d.ts === || R:=== /a.ts ==="
moduleResolutionNoResolve,5,"L:>a : typeof import('b') || R:>a : typeof a"
moduleResolutionNoTsCJS,20,"L:>x : number || R:>x : 0"
moduleResolutionNoTsESM,20,"L:>x : number || R:>x : 0"
moduleResolutionWithExtensions_withAmbientPresent,3,"L:=== /declarations.d.ts === || R:=== /a.ts ==="
moduleResolutionWithModule(module=commonjs,moduleresolution=node16),9,"L:>p : typeof import('entrypoint') || R:>p : typeof p"
moduleResolutionWithModule(module=commonjs,moduleresolution=nodenext),9,"L:>p : typeof import('entrypoint') || R:>p : typeof p"
moduleResolutionWithModule(module=node16,moduleresolution=node16),9,"L:>p : typeof import('entrypoint') || R:>p : typeof p"
moduleResolutionWithModule(module=node16,moduleresolution=nodenext),9,"L:>p : typeof import('entrypoint') || R:>p : typeof p"
moduleResolutionWithModule(module=node18,moduleresolution=node16),9,"L:>p : typeof import('entrypoint') || R:>p : typeof p"
moduleResolutionWithModule(module=node18,moduleresolution=nodenext),9,"L:>p : typeof import('entrypoint') || R:>p : typeof p"
moduleResolutionWithModule(module=node20,moduleresolution=node16),9,"L:>p : typeof import('entrypoint') || R:>p : typeof p"
moduleResolutionWithModule(module=node20,moduleresolution=nodenext),9,"L:>p : typeof import('entrypoint') || R:>p : typeof p"
moduleResolutionWithModule(module=nodenext,moduleresolution=node16),9,"L:>p : typeof import('entrypoint') || R:>p : typeof p"
moduleResolutionWithRequire,17,"L:>{ other } : any || R:>other : string"
moduleResolutionWithRequireAndImport,3,"L:=== /other.ts === || R:=== /index.ts ==="
moduleResolutionWithSymlinks,3,"L:=== /src/library-a/index.ts === || R:=== /src/app.ts ==="
moduleResolutionWithSymlinks_preserveSymlinks,3,"L:=== /app/node_modules/real/index.d.ts === || R:=== /app/app.ts ==="
moduleResolutionWithSymlinks_referenceTypes,3,"L:=== /node_modules/@types/library-a/index.d.ts === || R:=== /app.ts ==="
moduleResolutionWithSymlinks_withOutDir,3,"L:=== /src/library-a/index.ts === || R:=== /src/app.ts ==="
moduleResolution_automaticTypeDirectiveNames,3,"L:=== /node_modules/@types/.a/index.d.ts === || R:=== /a.ts ==="
moduleResolution_packageJson_notAtPackageRoot,3,"L:=== /node_modules/foo/bar/types.d.ts === || R:=== /a.ts ==="
moduleResolution_packageJson_notAtPackageRoot_fakeScopedPackage,3,"L:=== /node_modules/foo/@bar/types.d.ts === || R:=== /a.ts ==="
moduleResolution_packageJson_scopedPackage,3,"L:=== /node_modules/@foo/bar/types.d.ts === || R:=== /a.ts ==="
moduleSharesNameWithImportDeclarationInsideIt,31,"L:>bar : () => void || R:>bar : () => string"
moduleSharesNameWithImportDeclarationInsideIt2,31,"L:>bar : () => void || R:>bar : () => string"
moduleSharesNameWithImportDeclarationInsideIt3,40,"L:>bar : () => void || R:>bar : () => string"
moduleSharesNameWithImportDeclarationInsideIt4,32,"L:>bar : () => void || R:>bar : () => string"
moduleSymbolMerging,3,"L:=== A.ts === || R:=== B.ts ==="
moduleVariableArrayIndexer,15,"L:>a : number || R:>undefined : undefined"
moduleVisibilityTest1,82,"L:>OuterInnerAlias : typeof OuterInnerMod || R:>OuterInnerAlias : typeof OuterInnerAlias"
moduleVisibilityTest2,82,"L:>OuterInnerAlias : typeof OuterInnerMod || R:>OuterInnerAlias : typeof OuterInnerAlias"
moduleVisibilityTest3,27,"L:>i : _modes.IMode || R:>i : modes.IMode"
moduleVisibilityTest4,15,"L:>a1 : unresolved || R:>a1 : M.num"
module_augmentUninstantiatedModule,19,"L:>'foo' : object || R:>'foo' : any"
module_augmentUninstantiatedModule2,18,"L:>ng : typeof import('index') || R:>ng : ng.IAngularStatic"
moduledecl(target=es2015),477,"L:>eVar : e || R:>eVar : mAmbient.e"
multiExtendsSplitInterfaces1,7,"L:>self : never || R:>self : Window & typeof globalThis"
multiImportExport,5,"L:>Drawing : typeof import('Drawing') || R:>Drawing : typeof Drawing"
multiLinePropertyAccessAndArrowFunctionIndent1,16,"L:>role : unresolved || R:>role : Role"
multiModuleClodule1,44,"L:>new C(C.x) : any || R:>new C(C.x) : C"
multiSignatureTypeInference,43,"L:>Params1 : never || R:>Params1 : string[] | [arg: boolean] | [arg1: number, arg2: number]"
multipleExports,26,"L:>x : 0 || R:>x : any"
multipleInferenceContexts,25,"L:>Moon : <Data>(options?: ConstructorOptions<Data> | undefined) => Instance<Data> || R:>Moon : <Data>(options?: ConstructorOptions<Data>) => Instance<Data>"
multipleInheritance,21,"L:>B2 : B2 || R:>B2 : B1"
multipleModuleExportsAssignments,3,"L:=== x.js === || R:=== y.js ==="
multivar,61,"L:>b2 : number || R:>b2 : any"
namedImportNonExistentName,43,"L:>toString : () => string || R:>toString : any"
namespaceMergedWithFunctionWithOverloadsUsage,3,"L:=== file.d.ts === || R:=== index.ts ==="
namespaceMergedWithImportAliasNoCrash,20,"L:>Lib : typeof import('file1') || R:>Lib : typeof Lib"
namespaces1,12,"L:>x : Z || R:>x : X.Y.Z"
namespaces2,21,"L:>A.B : typeof B || R:>A.B : typeof A.B"
namespacesDeclaration2,25,"L:>foge : unresolved || R:>foge : N.S"
narrowByBooleanComparison,17,"L:>MyUnion : A | B | C || R:>MyUnion : MyUnion"
narrowByClauseExpressionInSwitchTrue1,15,"L:>AorB : A | B || R:>AorB : AorB"
narrowByClauseExpressionInSwitchTrue10,18,"L:>cond1 : true | false || R:>cond1 : boolean"
narrowByClauseExpressionInSwitchTrue2,32,"L:>f : 'c' | 'a' | 'b' || R:>f : 'a' | 'b' | 'c'"
narrowByClauseExpressionInSwitchTrue3,5,"L:>Shape : { kind: 'circle'; radius: number; } | { kind: 'square'; sideLength: number; } || R:>Shape : Shape"
narrowByClauseExpressionInSwitchTrue4,25,"L:>f : 'b' | 'a' | 'c' || R:>f : 'a' | 'b' | 'c'"
narrowByClauseExpressionInSwitchTrue5,31,"L:>All : A | B | C | D | E || R:>All : All"
narrowByClauseExpressionInSwitchTrue6,30,"L:>MyType : A | B | C || R:>MyType : MyType"
narrowByClauseExpressionInSwitchTrue7,56,"L:>base : Base | Derived1 || R:>base : Base"
narrowByClauseExpressionInSwitchTrue8,51,"L:>cond1 : true | false || R:>cond1 : boolean"
narrowByClauseExpressionInSwitchTrue9,21,"L:>{ one } : any || R:>one : boolean"
narrowByEquality,25,"L:>x : string | number || R:>x : string | number | boolean"
narrowByInstanceof,32,"L:>AB : AA | (BB) || R:>AB : AA | BB"
narrowByParenthesizedSwitchExpression,26,"L:>getV : () => Bar | Foo || R:>getV : () => Foo | Bar"
narrowBySwitchDiscriminantUndefinedCase1(exactoptionalpropertytypes=false,nouncheckedindexedaccess=false),16,"L:>{ optionalProp } : any || R:>optionalProp : 'hello' | undefined"
narrowBySwitchDiscriminantUndefinedCase1(exactoptionalpropertytypes=false,nouncheckedindexedaccess=true),16,"L:>{ optionalProp } : any || R:>optionalProp : 'hello' | undefined"
narrowBySwitchDiscriminantUndefinedCase1(exactoptionalpropertytypes=true,nouncheckedindexedaccess=false),8,"L:>optionalProp : 'hello' || R:>optionalProp : 'hello' | undefined"
narrowBySwitchDiscriminantUndefinedCase1(exactoptionalpropertytypes=true,nouncheckedindexedaccess=true),8,"L:>optionalProp : 'hello' || R:>optionalProp : 'hello' | undefined"
narrowCommaOperatorNestedWithinLHS,10,"L:>value : { inner: string | number; } || R:>value : { inner: number | string; }"
narrowRefinedConstLikeParameterBIndingElementNameInInnerScope,5,"L:>ff : (__0: { a: string | undefined; b: () => void; }) => void || R:>ff : ({ a, b }: { a: string | undefined; b: () => void; }) => void"
narrowTypeByInstanceof,25,"L:>FileMatchOrMatch : Match | FileMatch || R:>FileMatchOrMatch : FileMatchOrMatch"
narrowUnknownByTypePredicate,5,"L:>isNotNullish : (value: unknown) => boolean || R:>isNotNullish : (value: unknown) => value is {}"
narrowedImports,3,"L:=== /a.d.ts === || R:=== /x.ts ==="
narrowedImports_assumeInitialized,3,"L:=== /a.d.ts === || R:=== /b.ts ==="
narrowingAssignmentReadonlyRespectsAssertion,99,"L:>({ val1, val2 }) => {      if (Array.isArray(val1)) {          // This should retain val1 as being an array          const reversedVal1 = val1.slice().reverse();          console.log(reversedVal1);      } else {          console.log(val1);      }      console.log(val2);  } : (__0: TestCase<string | number>) => void || R:>({ val1, val2 }) => {      if (Array.isArray(val1)) {          // This should retain val1 as being an array          const reversedVal1 = val1.slice().reverse();          console.log(reversedVal1);      } else {          console.log(val1);      }      console.log(val2);  } : ({ val1, val2 }: TestCase<string | number>) => void"
narrowingByDiscriminantInLoop,7,"L:>IDLMemberTypes : ConstantMemberType | OperationMemberType || R:>IDLMemberTypes : IDLMemberTypes"
narrowingByTypeofInSwitch,101,"L:>Basic : string | number | boolean | symbol | object | Function | undefined || R:>Basic : Basic"
narrowingConstrainedTypeParameter,12,"L:>isPet : (pet: any) => boolean || R:>isPet : (pet: any) => pet is Pet"
narrowingDestructuring,5,"L:>X : { kind: 'a'; a: string; } | { kind: 'b'; b: string; } || R:>X : X"
narrowingInCaseClauseAfterCaseClauseWithReturn,119,"L:>test3 : (foo: | { kind: 'a'; prop: string } || R:>test3 : (foo: { kind: 'a'; prop: string; } | { kind: 'b'; prop: number; } | { kind: 'c'; prop: boolean; }, bar?: { type: 'b'; }) => void"
narrowingIntersection,6,"L:>FooAndBaz : { foo: unknown; } & { baz: unknown; } || R:>FooAndBaz : FooAndBaz"
narrowingMutualSubtypes,91,"L:>isObject1 : (value: unknown) => boolean || R:>isObject1 : (value: unknown) => value is Record<string, unknown>"
narrowingNoInfer1,15,"L:>TaggedUnion : TaggedA | TaggedB || R:>TaggedUnion : TaggedUnion"
narrowingOfDottedNames,23,"L:>isA : (x: any) => boolean || R:>isA : (x: any) => x is A"
narrowingOfQualifiedNames,28,"L:>FooOK : { aaa: string; bbb: string; } | undefined || R:>FooOK : { aaa: string; bbb: string; }"
narrowingOrderIndependent,27,"L:>a instanceof A && a.stringOrUndefined : string | undefined || R:>a instanceof A && a.stringOrUndefined : string | false | undefined"
narrowingPastLastAssignmentInModule,74,"L:>x4 : string || R:>x4 : string | number"
narrowingRestGenericCall,31,"L:>({foo, ...rest}) => {  console.log(rest.bar);} : (__0: Slugs) => void || R:>({foo, ...rest}) => {  console.log(rest.bar);} : ({ foo, ...rest }: Slugs) => void"
narrowingTruthyObject,22,"L:>typeof x === 'object' && x : object | null || R:>typeof x === 'object' && x : false | object | null"
narrowingTypeofDiscriminant,5,"L:>f1 : (obj: { kind: 'a', data: string } | { kind: 1, data: number }) => void || R:>f1 : (obj: { kind: 'a'; data: string; } | { kind: 1; data: number; }) => void"
narrowingTypeofFunction,12,"L:>a : string | F & Meta || R:>a : string | (F & Meta)"
narrowingTypeofObject,7,"L:>test : (x: number & { _foo: string }) => void || R:>test : (x: number & { _foo: string; }) => void"
narrowingTypeofParenthesized1,21,"L:>foo : string || R:>foo : never"
narrowingTypeofUndefined2,9,"L:>fn : <T extends unknown[] | undefined>(arg: T) => void || R:>fn : <T extends Array<unknown> | undefined>(arg: T) => void"
narrowingUnionToNeverAssigment,5,"L:>Variants : 'a' | 'b' | 'c' | 'd' || R:>Variants : Variants"
narrowingUnionToUnion,5,"L:>Falsy : '' | 0 | 0n | false | null | undefined || R:>Falsy : Falsy"
narrowingUnionWithBang,8,"L:>thing : { name: 'Error1'; message: string; } | { name: 'Error2'; message: string; } | { name: 'Error3'; message: string; } | { name: 'Error4'; message: string; } | { name: 'Error5'; message: string; } | { name: 'Error6'; message: string; } | { name: 'Error7'; message: string; } | { name: 'Error8'; message: string; } | { name: 'Error9'; message: string; } | { name: 'Correct'; id: string; } | undefined || R:>thing : { name: 'Error1'; message: string; } | { name: 'Error2'; message: string; } | { name: 'Error3'; message: string; } | { name: 'Error4'; message: string; } | { name: 'Error5'; message: string; } | { name: 'Error6'; message: string; } | { name: 'Error7'; message: string; } | { name: 'Error8'; message: string; } | { name: 'Error9'; message: string; } | { name: 'Correct'; id: string; } | undefined"
narrowingWithNonNullExpression,23,"L:>m?.[0] : string || R:>m?.[0] : string | undefined"
nestedBlockScopedBindings11,11,"L:>() => x : () => any || R:>() => x : () => undefined"
nestedBlockScopedBindings2,55,"L:>() => x : () => any || R:>() => x : () => undefined"
nestedBlockScopedBindings9,9,"L:>() => x : () => any || R:>() => x : () => undefined"
nestedExcessPropertyChecking,6,"L:>x : { a?: string | undefined; } || R:>x : { a?: string; }"
nestedGenericSpreadInference,22,"L:><T>(x: T) => x : (x: unknown) => unknown || R:><T>(x: T) => x : <T>(x: T) => T"
nestedGenericTypeInference,11,"L:>Value : 1 | 2 || R:>Value : Value"
nestedObjectRest,15,"L:>[{ abc: 1 }] : [{ abc: number; }] || R:>{ abc: 1 } : { abc: number; }"
nestedTypeVariableInfersLiteral,20,"L:>directUnionSingle : Record<string, string> || R:>directUnionSingle : Record<'z', string>"
nestedUnaryExpressionHang,37,"L:<EOF> || R:> : any"
neverAsDiscriminantType(strict=false),5,"L:>Foo1 : { kind: 'a'; a: number; } | { kind: 'b'; } | { kind: never; } || R:>Foo1 : Foo1"
neverAsDiscriminantType(strict=true),5,"L:>Foo1 : { kind: 'a'; a: number; } | { kind: 'b'; } | { kind: never; } || R:>Foo1 : Foo1"
newAbstractInstance2,12,"L:>new A() : any || R:>new A() : A"
newExpressionWithCast,19,"L:>new <any> : any || R:>new <any>Test2() : boolean"
newLexicalEnvironmentForConvertedLoop(target=es2015),20,"L:>[value, i] : any || R:>value : any"
newMap,9,"L:>new WeakMap<object>() : WeakMap<object, unknown> || R:>new WeakMap<object>() : WeakMap<object, any>"
newNamesInGlobalAugmentations1,14,"L:>global : { Cls: typeof Cls; a: number; b: number; X: any; } || R:>global : typeof global"
noAsConstNameLookup,18,"L:>cleaners : any[] || R:>cleaners : Cleaner[]"
noCircularitySelfReferentialGetter1,26,"L:>Prettify : Prettify<T> || R:>Prettify : { [K in keyof T]: T[K]; }"
noCircularitySelfReferentialGetter2,24,"L:>Prettify : Prettify<T> || R:>Prettify : { [K in keyof T]: T[K]; }"
noCircularitySelfReferentialGetter3,6,"L:>{  prop: 42,  get self() {    return a;  },} satisfies { prop: number; self: any } : { prop: number; readonly self: any; } || R:>{  prop: 42,  get self() {    return a;  },} satisfies { prop: number; self: any } : { prop: number; readonly self: { prop: number; readonly self: any; }; }"
noCircularitySelfReferentialGetter4,6,"L:>{  prop: 42,  get self() {    return a;  },} satisfies { prop: number; self: any } : { prop: number; readonly self: any; } || R:>{  prop: 42,  get self() {    return a;  },} satisfies { prop: number; self: any } : { prop: number; readonly self: { prop: number; readonly self: any; }; }"
noCrashOnImportShadowing,10,"L:>B : typeof import('b') || R:>B : typeof B"
noCrashOnMixin,21,"L:>Mixin : <TBase extends Constructor<{}>>(Base: TBase) => typeof (Anonymous class) || R:>Mixin : <TBase extends Constructor>(Base: TBase) => { new (...args: any[]): (Anonymous class); prototype: Mixin.(Anonymous class); } & TBase"
noCrashOnMixin2,23,"L:>Mixin : <TBase extends Constructor<{}>>(Base: TBase) => typeof (Anonymous class) || R:>Mixin : <TBase extends Constructor>(Base: TBase) => { new (...args?: any[]): (Anonymous class); prototype: Mixin.(Anonymous class); } & TBase"
noCrashOnMixin2_promoted,23,"L:>Mixin : <TBase extends Constructor<{}>>(Base: TBase) => typeof (Anonymous class) || R:>Mixin : <TBase extends Constructor>(Base: TBase) => { new (...args?: any[]): (Anonymous class); prototype: Mixin.(Anonymous class); } & TBase"
noCrashOnNoLib,15,"L:>e = [...(e || [])] : any || R:>e = [...(e || [])] : {}"
noCrashOnThisTypeUsage,9,"L:>observe : (handler: (change: any, oldValue?: any) => void, fireImmediately?: boolean | undefined) => void || R:>observe : (handler: (change: any, oldValue?: any) => void, fireImmediately?: boolean) => void"
noCrashUMDMergedWithGlobalValue,8,"L:>Action : 'POP' | 'PUSH' | 'REPLACE' || R:>Action : Action"
noImplicitAnyAndPrivateMembersWithoutTypeAnnotations,3,"L:=== test.d.ts === || R:=== app.ts ==="
noImplicitAnyDestructuringInPrivateMethod,15,"L:>bar : (__0: Arg) => number || R:>bar : ({ a, }: Arg) => number"
noImplicitAnyDestructuringVarDeclaration,11,"L: || R:>a1 : undefined"
noImplicitAnyDestructuringVarDeclaration2,5,"L:>[a, b, c] : any || R:>a : number"
noImplicitAnyForIn,65,"L:>a || b : any || R:>a || b : string | undefined"
noImplicitAnyFunctionExpressionAssignment,7,"L:>function <T>(x: T) {    return null;} : (x: any) => null || R:>function <T>(x: T) {    return null;} : <T>(x: T) => null"
noImplicitAnyIndexing,23,"L:>MyEmusEnum.emu : MyEmusEnum.emu || R:>MyEmusEnum.emu : MyEmusEnum"
noImplicitAnyStringIndexerOnObject,12,"L:>{ '': 'foo' }[''] : any || R:>{ '': 'foo' }[''] : string"
noImplicitAnyUnionNormalizedObjectLiteral1,7,"L:>doSthWithParams : (params: unknown) => {} | { c: string; p: string; s: string; } || R:>doSthWithParams : (params: unknown) => { c?: undefined; p?: undefined; s?: undefined; } | { c: string; p: string; s: string; }"
noImplicitReturnsExclusions,40,"L:>f5 : (b: boolean) => void | string || R:>f5 : (b: boolean) => string | void"
noImplicitReturnsInAsync2,22,"L:>test4 : (isError?: boolean) => Promise<undefined> || R:>test4 : (isError?: boolean) => Promise<any>"
noImplicitReturnsWithoutReturnExpression,17,"L:>isMissingReturnExpression3 : () => void | number || R:>isMissingReturnExpression3 : () => number | void"
noImplicitSymbolToString,45,"L:>StringOrSymbol : string | symbol || R:>StringOrSymbol : StringOrSymbol"
noImplicitThisBigThis,7,"L:>createObj : () => { func1(): {}; func2(): { func1(): {}; }; func3(): { func1(): {}; func2(): { func1(): {}; }; }; } || R:>createObj : () => { func1(): { func1(): any; func2(): any; func3(): any; }; func2(): { func1(): any; func2(): any; func3(): any; }; func3(): { func1(): any; func2(): any; func3(): any; }; }"
noInferCommonPropertyCheck1,19,"L:>test1 : <T>(a: T, b: NoInfer<T> & { prop?: unknown }) => void || R:>test1 : <T>(a: T, b: NoInfer<T> & { prop?: unknown; }) => void"
noIterationTypeErrorsInCFA,15,"L:>Array.isArray : (arg: any) => boolean || R:>Array.isArray : (arg: any) => arg is any[]"
noLibAndNoUncheckedIndexedAccessDestructuringArray,22,"L:>a : string || R:>x : string[]"
noMappedGetSet,8,"L:>[K in WAT] : any || R:>[K in WAT] : string"
noReachabilityErrorsOnEmptyStatement,5,"L:>foo : () => 1 | undefined || R:>foo : () => number"
noRepeatedPropertyNames,6,"L:>first : { a: number; a: number; } || R:>first : { a: number; }"
noSymbolForMergeCrash,10,"L:>A : A || R:>A : {}"
noTypeArgumentOnReturnType1,8,"L:>foo : () => any || R:>foo : () => A"
noTypeToStringRecursion,7,"L:>f : () => number || R:>f : () => any"
noTypeToStringStackOverflow,7,"L:>f : () => number || R:>f : () => any"
noUncheckedIndexAccess,38,"L:>union : Meat.Sausage | Meat.Bacon || R:>union : Meat"
noUncheckedIndexedAccessCompoundAssignments,8,"L:>stringMap.foo : number || R:>stringMap.foo : number | undefined"
noUnusedLocals_destructuringAssignment,20,"L:>{ x } : { x: any; } || R:>{ x } : { x: number; }"
noUnusedLocals_selfReference,31,"L:>E.A : E.A || R:>E.A : E"
noUnusedLocals_writeOnly,5,"L:>f : (x?: any, b?: any) => void || R:>f : (x?: number, b?: boolean) => void"
noUsedBeforeDefinedErrorInTypeContext,13,"L:>{    one: {} as IThing<typeof foo>,} : { one: IThing<any>; } || R:>{    one: {} as IThing<typeof foo>,} : { one: IThing<typeof foo>; }"
nodeColonModuleResolution,51,"L:>ph : typeof import('node:ph') || R:>ph : typeof ph"
nodeColonModuleResolution2,3,"L:=== /a/b/node_modules/fake/thing/index.d.ts === || R:=== /a/b/main.ts ==="
nodeModuleReexportFromDottedPath,36,"L:>new EnhancedPrisma() : any || R:>new EnhancedPrisma() : PrismaClient<import('.prisma/client').PrismaClientOptions>"
nodeNextCjsNamespaceImportDefault1,14,"L:>ns : typeof import('a') || R:>ns : typeof ns"
nodeNextCjsNamespaceImportDefault2,15,"L:>ns : typeof import('a') || R:>ns : typeof ns"
nodeNextEsmImportsOfPackagesWithExtensionlessMains,3,"L:=== node_modules/@types/ip/index.d.ts === || R:=== index.ts ==="
nodeNextImportModeImplicitIndexResolution,18,"L:>item : 4 || R:>item : any"
nodeNextPackageImportMapRootDir,5,"L:>me : typeof import('index') || R:>me : typeof me"
nodeNextPackageSelfNameWithOutDir,11,"L:>thing : () => void || R:>thing : any"
nodeNextPackageSelfNameWithOutDirDeclDir,11,"L:>thing : () => void || R:>thing : any"
nodeNextPackageSelfNameWithOutDirDeclDirComposite,5,"L:>me : typeof import('index') || R:>me : typeof me"
nodeNextPackageSelfNameWithOutDirDeclDirCompositeNestedDirs,17,"L:>me : typeof import('index') || R:>me : typeof me"
nodeNextPackageSelfNameWithOutDirDeclDirNestedDirs,17,"L:>me : typeof import('index') || R:>me : typeof me"
nodeNextPackageSelfNameWithOutDirDeclDirRootDir,5,"L:>me : typeof import('index') || R:>me : typeof me"
nodeNextPackageSelfNameWithOutDirRootDir,5,"L:>me : typeof import('index') || R:>me : typeof me"
nodeResolution1,3,"L:=== a.ts === || R:=== b.ts ==="
nodeResolution2,3,"L:=== node_modules/a.d.ts === || R:=== b.ts ==="
nodeResolution3,3,"L:=== node_modules/b/index.d.ts === || R:=== a.ts ==="
nodeResolution4,3,"L:=== ref.ts === || R:=== b.ts ==="
nodeResolution5,3,"L:=== node_modules/a.d.ts === || R:=== b.ts ==="
nodeResolution6,3,"L:=== node_modules/ref.ts === || R:=== b.ts ==="
nodeResolution7,3,"L:=== node_modules/a/index.d.ts === || R:=== b.ts ==="
nodeResolution8,3,"L:=== node_modules/a/ref.ts === || R:=== b.ts ==="
nonExpandoDeclarations,5,"L:>f1 : () => {} || R:>f1 : () => Record<string, boolean>"
nonInferrableTypePropagation1,15,"L:>pipe : <A, B>(opA: Op<T, A>, opB: Op<A, B>) => any || R:>pipe : <A, B>(opA: Op<T, A>, opB: Op<A, B>) => Thing<B>"
nonInferrableTypePropagation2,35,"L:>filter : { <A, B extends A>(refinement: Refinement<A, B>): (as: ReadonlyArray<A>) => readonly B[]; <A>(predicate: Predicate<A>): <B extends A>(bs: ReadonlyArray<B>) => readonly B[]; <A>(predicate: Predicate<A>): (as: ReadonlyArray<A>) => readonly A[]; } || R:>filter : { <A, B extends A>(refinement: Refinement<A, B>): (as: ReadonlyArray<A>) => ReadonlyArray<B>; <A>(predicate: Predicate<A>): <B extends A>(bs: ReadonlyArray<B>) => ReadonlyArray<B>; <A>(predicate: Predicate<A>): (as: ReadonlyArray<A>) => ReadonlyArray<A>; }"
nonInferrableTypePropagation3,34,"L:>data.filter : { <S extends { id: string; age: number; }>(predicate: (value: { id: string; age: number; }, index: number, array: { id: string; age: number; }[]) => boolean, thisArg?: any): S[]; (predicate: (value: { id: string; age: number; }, index: number, array: { id: string; age: number; }[]) => unknown, thisArg?: any): { id: string; age: number; }[]; } || R:>data.filter : { <S extends { id: string; age: number; }>(predicate: (value: { id: string; age: number; }, index: number, array: { id: string; age: number; }[]) => value is S, thisArg?: any): S[]; (predicate: (value: { id: string; age: number; }, index: number, array: { id: string; age: number; }[]) => unknown, thisArg?: any): { id: string; age: number; }[]; }"
nonMergedOverloads,9,"L:>f : number || R:>f : () => any"
nonNullMappedType,5,"L:>f : <A extends string>(p0: { [key in A]: {} | undefined }, p1: A) => void || R:>f : <A extends string>(p0: { [key in A]: {} | undefined; }, p1: A) => void"
nonNullableAndObjectIntersections(strict=false),7,"L:>T0 : null || R:>T0 : never"
nonNullableReduction,22,"L:>f1 : Transform1<T> || R:>f1 : ((value: string) => T) | undefined"
nonNullableReductionNonStrict,22,"L:>f1 : Transform1<T> || R:>f1 : ((value: string) => T) | undefined"
nonNullableTypes1,9,"L:>y : string | T || R:>y : string | NonNullable<T>"
nonObjectUnionNestedExcessPropertyCheck,9,"L:>nestedProp : { testBool?: boolean | undefined; } | undefined || R:>nestedProp : { testBool?: boolean; } | undefined"
nonUniformUnionNarrowing,114,"L:>x : E | E || R:>x : N1.E | N2.E"
nondistributiveConditionalTypeInfer,11,"L:>_E : () => E || R:>_E : () => infer E"
nonexistentPropertyOnUnion,9,"L:>x.toLowerCase() : string || R:>x.toLowerCase() : any"
nonstrictTemplateWithNotOctalPrintsAsIs,6,"L:>d2 : '\0041' || R:>d2 : '\\0041'"
normalizedIntersectionTooComplex,25,"L:>'0' : { common?: string | undefined; '0'?: number | undefined; ref?: Func<...> | Obj<...> | undefined; } || R:>'0' : { common?: string; '0'?: number; ref?: Obj<Big['0']> | Func<Big['0']>; }"
nullishCoalescingAlwaysNullFalsePositive,12,"L:>p : unknown || R:>p : {}"
numberLiteralsWithLeadingZeros,90,"L:>.5_5 : number || R:>.5_5 : 0.55"
numberVsBigIntOperations,405,"L:>bigInt = bigInt++ : number || R:>bigInt = bigInt++ : bigint"
numericClassMembers1,8,"L:>0 : 0 || R:>0 : number"
numericEnumMappedType,79,"L:>A :  || R:>A : N1.A"
numericIndexExpressions,6,"L:>1 : 1 || R:>1 : string"
numericIndexerConstraint,8,"L:>0 : 0 || R:>0 : number"
numericIndexerConstraint3,23,"L:>0 : 0 || R:>0 : B"
numericIndexerConstraint4,27,"L:>0 : 0 || R:>0 : B"
numericIndexerConstraint5,9,"L:>0 : 0 || R:>0 : Date"
numericMethodName1,8,"L:>1 : 1 || R:>1 : number"
numericUnderscoredSeparator(target=es2015),5,"L:>1_000_000_000_000 : number || R:>1_000_000_000_000 : 1000000000000"
numericUnderscoredSeparator(target=es2016),5,"L:>1_000_000_000_000 : number || R:>1_000_000_000_000 : 1000000000000"
numericUnderscoredSeparator(target=es2017),5,"L:>1_000_000_000_000 : number || R:>1_000_000_000_000 : 1000000000000"
numericUnderscoredSeparator(target=es2018),5,"L:>1_000_000_000_000 : number || R:>1_000_000_000_000 : 1000000000000"
numericUnderscoredSeparator(target=es2019),5,"L:>1_000_000_000_000 : number || R:>1_000_000_000_000 : 1000000000000"
numericUnderscoredSeparator(target=esnext),5,"L:>1_000_000_000_000 : number || R:>1_000_000_000_000 : 1000000000000"
objectAssignLikeNonUnionResult,22,"L:>data1 : Interface & { field: number; } | {} || R:>data1 : Interface & { field: number; }"
objectBindingPatternContextuallyTypesArgument,9,"L:>{ f = (x: string) => x.length } : any || R:>f : ((x: string) => number) | ((x: string) => (pos: number) => string)"
objectBindingPattern_restElementWithPropertyName,5,"L:>{ ...a: b } : any || R:>a : any"
objectCreate-errors,69,"L:>{} : {} || R:>undefined : undefined"
objectCreate2,12,"L:>Object.create : { (o: object): any; (o: object, properties: PropertyDescriptorMap & ThisType<any>): any; } || R:>Object.create : { (o: object | null): any; (o: object | null, properties: PropertyDescriptorMap & ThisType<any>): any; }"
objectCreationExpressionInFunctionParameter,12,"L:>foo : (x?: any) => void || R:>foo : (x?: A) => void"
objectCreationOfElementAccessExpression,64,"L:>super : Food || R:>super : typeof Food"
objectFreeze,5,"L:>f : (a: number, b: string) => boolean || R:>f : (a: number, b: string) => false"
objectFreezeLiteralsDontWiden,5,"L:>PUPPETEER_REVISIONS : Readonly<{ chromium: string; firefox: string; }> || R:>PUPPETEER_REVISIONS : Readonly<{ chromium: '1011831'; firefox: 'latest'; }>"
objectFromEntries,7,"L:>Object.fromEntries : { <T>(entries: Iterable<readonly [PropertyKey, T]>): { [k: string]: T; }; (entries: Iterable<readonly any[]>): any; } || R:>Object.fromEntries : { <T = any>(entries: Iterable<readonly [PropertyKey, T]>): { [k: string]: T; }; (entries: Iterable<readonly any[]>): any; }"
objectGroupBy,5,"L:>basic : Partial<Record<'small' | 'large', number[]>> || R:>basic : Partial<Record<'large' | 'small', number[]>>"
objectInstantiationFromUnionSpread,19,"L:>Item : Fail | Success || R:>Item : Item"
objectLitIndexerContextualType,42,"L:>0 : 0 || R:>0 : (t: string) => number"
objectLiteralArraySpecialization,46,"L:>name : void || R:>name : string"
objectLiteralComputedNameNoDeclarationError,5,"L:>Foo : { BANANA: 'banana'; } || R:>Foo : { BANANA: 'banana'; }"
objectLiteralEnumPropertyNames,21,"L:>{    [Strs.A]: 'xo',    [Strs.B]: 'xe'} : { [x: string]: string; } || R:>{    [Strs.A]: 'xo',    [Strs.B]: 'xe'} : { [Strs.A]: string; [Strs.B]: string; }"
objectLiteralExcessProperties,89,"L:>{ 0: { }, '1': { } } : { 0: {}; '1': {}; } || R:>{ 0: { }, '1': { } } : { 0: {}; '1': {}; }"
objectLiteralFreshnessWithSpread,20,"L:>x : { b: number; extra: number; } || R:>z : number"
objectLiteralIndexerErrors,30,"L:>0 : 0 || R:>0 : A"
objectLiteralIndexers,30,"L:>0 : 0 || R:>0 : B"
objectLiteralMemberWithQuestionMark1,5,"L:>v : { foo(): void; } || R:>v : { foo?(): void; }"
objectLiteralParameterResolution,6,"L:>extend : { <T>(target: T, ...objs: any[]): T; <T>(deep: boolean, target: T, ...objs: any[]): T; } || R:>extend : { <T>(target: T, ...objs: any[]): T; <T_1>(deep: boolean, target: T_1, ...objs: any[]): T_1; }"
objectLiteralPropertyImplicitlyAny,13,"L:>o : {} || R:>o : { [foo]: undefined; }"
objectLiteralThisWidenedOnUse,40,"L:>!!foo : boolean || R:>!!foo : true"
objectLiteralWithNumericPropertyName,6,"L:>0 : 0 || R:>0 : string"
objectMembersOnTypes,13,"L:>x.toString : (radix?: number | undefined) => string || R:>x.toString : (radix?: number) => string"
objectRestBindingContextualInference,50,"L:>{ prepare, ...rest } : any || R:>prepare : () => { type: 'image'; }"
objectSubtypeReduction,7,"L:>foo : (x?: object | undefined) => [string, unknown][] || R:>foo : (x?: object) => [string, any][]"
observableInferenceCanBeMade,19,"L:>subscribe : (next?: ((value: T) => void) | undefined, error?: ((error: any) => void) | undefined, complete?: (() => void) | undefined) => void || R:>subscribe : (next?: (value: T) => void, error?: (error: any) => void, complete?: () => void) => void"
octalLiteralAndEscapeSequence,17,"L:>055 : 55 || R:>055 : 45"
omitTypeHelperModifiers01,29,"L:>b : T['b'] || R:>b : string | undefined"
omitTypeTests01,22,"L:>getBarA : (bar: Bar) => T['a'] || R:>getBarA : (bar: Bar) => string"
operationsAvailableOnPromisedType(target=es2015),5,"L:>fn : (a: number, b: Promise<number>, c: Promise<string[]>, d: Promise<{ prop: string }>, e: Promise<() => void>, f: Promise<() => void> | (() => void), g: Promise<{ new(): any }>) => Promise<void> || R:>fn : (a: number, b: Promise<number>, c: Promise<string[]>, d: Promise<{ prop: string; }>, e: Promise<() => void>, f: Promise<() => void> | (() => void), g: Promise<{ new (): any; }>) => Promise<void>"
operatorAddNullUndefined,23,"L: || R:>undefined : undefined"
optionalAccessorsInInterface1,6,"L:>get : () => any || R:>get : (() => any) | undefined"
optionalArgsWithDefaultValues,5,"L:>foo : (x: number, y?: boolean, z?: any) => void || R:>foo : (x: number, y?: boolean, z?: number) => void"
optionalChainWithInstantiationExpression1(target=es2019),27,"L:>a?.b<c> : unresolved || R:>a?.b<c> : { new (x: unknown): A.b<unknown>; d: number; prototype: A.b<any>; } | undefined"
optionalChainWithInstantiationExpression1(target=es2020),27,"L:>a?.b<c> : unresolved || R:>a?.b<c> : { new (x: unknown): A.b<unknown>; d: number; prototype: A.b<any>; } | undefined"
optionalChainWithInstantiationExpression2(target=es2019),20,"L:>a : A | undefined || R:"
optionalChainWithInstantiationExpression2(target=es2020),20,"L:>a : A | undefined || R:"
optionalChainingArrowFunctionCommentEs2018,13,"L:>wat : () => 'pass' | 'fail' || R:>wat : () => 'fail' | 'pass'"
optionalFunctionArgAssignability,6,"L:>then : { <U>(onFulfill?: ((value: T) => U) | undefined, onReject?: ((reason: any) => U) | undefined): Promise<U>; <TResult1, TResult2>(onfulfilled?: ((value: T) => TResult1 | PromiseLike<TResult1>) | null | undefined, onrejected?: ((reason: any) => TResult2 | PromiseLike<TResult2>) | null | undefined): Promise<TResult1 | TResult2>; } || R:>then : { <TResult1 = T, TResult2 = never>(onfulfilled?: ((value: T) => TResult1 | PromiseLike<TResult1>) | undefined | null, onrejected?: ((reason: any) => TResult2 | PromiseLike<TResult2>) | undefined | null): Promise<TResult1 | TResult2>; <U>(onFulfill?: (value: T) => U, onReject?: (reason: any) => U): Promise<U>; }"
optionalParamArgsTest,21,"L:>C1M3 : (C1M3A1?: number | undefined, C1M3A2?: number | undefined) => number || R:>C1M3 : (C1M3A1?: number, C1M3A2?: number) => number"
optionalParamAssignmentCompat,14,"L:>m1 : (p1?: string | undefined) => I1 || R:>m1 : (p1?: string) => I1"
optionalParamReferencingOtherParams1,5,"L:>strange : (x: number, y?: any, z?: any) => any || R:>strange : (x: number, y?: number, z?: number) => number"
optionalParamReferencingOtherParams2(target=es2015),9,"L:>strange : (x?: any, y?: any) => any || R:>strange : (x?: number, y?: any) => any"
optionalParamTypeComparison,5,"L:>f : (s: string, n?: number | undefined) => void || R:>f : (s: string, n?: number) => void"
optionalParameterInDestructuringWithInitializer,12,"L:>func1 : (__0?: { a: number; b?: number | undefined; }) => void || R:>func1 : ({ a, b }?: { a: number; b?: number; }) => void"
optionalParameterProperty,21,"L:>super : C || R:>super : typeof C"
optionalParameterRetainsNull,9,"L:>a : { test<K extends 'bar' | 'foo'>(a: K, b: Bar[K] | null | undefined): void; } || R:>a : { test<K extends keyof Bar>(a: K, b?: Bar[K] | null): void; }"
optionalPropertiesTest,5,"L:>x : { p1: number; p2?: string | undefined; p3?: (() => number) | undefined; } || R:>x : { p1: number; p2?: string; p3?: { (): number; }; }"
optionalTupleElementsAndUndefined,10,"L:>Foo : [a: NonNullable<1>, b?: NonNullable<2 | undefined>] || R:>Foo : [a: 1, b?: 2 | undefined]"
overEagerReturnTypeSpecialization,18,"L:>v1.func(num => num.toString()) // Correctly returns an I1<string>           .func(str => str.length) : I1<string> || R:>v1.func(num => num.toString()) // Correctly returns an I1<string>           .func(str => str.length) : I1<number>"
overload2,5,"L:>A :  || R:>A : A"
overloadBindingAcrossDeclarationBoundaries,72,"L:>a : A || R:>a : { (o: Opt1): Opt1; (o: Opt2): Opt2; (o: Opt3): Opt3; (o: Opt4): Opt4; }"
overloadBindingAcrossDeclarationBoundaries2,46,"L:>a : { (o: Opt3): Opt3; (o: Opt4): Opt4; } || R:>a : { (o: Opt1): Opt1; (o: Opt2): Opt2; (o: Opt3): Opt3; (o: Opt4): Opt4; }"
overloadConsecutiveness,7,"L:>f1 : () => any || R:>f1 : { (): any; (): any; }"
overloadEquivalenceWithStatics,8,"L:>B : { <S>(v: A1<S>): A1<S>; <S>(v: S): A1<S>; } || R:>B : { <S>(v: A1<S>): A1<S>; <S_1>(v: S_1): A1<S_1>; }"
overloadGenericFunctionWithRestArgs,21,"L:>Choice : <T>(...v_args: T[]) => A<T> || R:>Choice : <T_1>(...v_args: T_1[]) => A<T_1>"
overloadModifiersMustAgree,19,"L:>bar : { (): any; (s: string): any; } || R:>bar : (s: string) => any"
overloadOnConstConstraintChecks1,25,"L:>createElement : { (tagName: string): Base; (tagName: 'canvas'): Derived1; (tagName: 'div'): Derived2; (tagName: 'span'): Derived3; } || R:>createElement : { (tagName: string): Base; (tagName: 'canvas'): Derived1; (tagName: 'div'): Derived2; (tagName: 'span'): Derived3; }"
overloadOnConstConstraintChecks2,19,"L:>foo : { (name: 'hi'): B; (name: 'bye'): C; (name: string): A; } || R:>foo : { (name: 'hi'): B; (name: 'bye'): C; (name: string): A; }"
overloadOnConstConstraintChecks3,21,"L:>foo : { (name: 'hi'): B; (name: 'bye'): C; (name: string): A; } || R:>foo : { (name: 'hi'): B; (name: 'bye'): C; (name: string): A; }"
overloadOnConstConstraintChecks4,25,"L:>foo : { (name: 'hi'): B; (name: 'bye'): C; (name: string): A; } || R:>foo : { (name: 'hi'): B; (name: 'bye'): C; (name: string): A; }"
overloadOnConstDuplicateOverloads1,5,"L:>foo : { (a: 'hi', x: string): any; (a: 'hi', x: string): any; } || R:>foo : { (a: 'hi', x: string): any; (a: 'hi', x: string): any; }"
overloadOnConstInheritance1,6,"L:>addEventListener : { (x: string): any; (x: 'foo'): string; } || R:>addEventListener : { (x: string): any; (x: 'foo'): string; }"
overloadOnConstInheritance2,6,"L:>addEventListener : { (x: string): any; (x: 'foo'): string; } || R:>addEventListener : { (x: string): any; (x: 'foo'): string; }"
overloadOnConstInheritance3,12,"L:>addEventListener : { (x: 'bar'): string; (x: 'foo'): string; } || R:>addEventListener : { (x: 'bar'): string; (x: 'foo'): string; }"
overloadResolutionOverNonCTLambdas,58,"L:>bug3 : (f: (x:string)=>string) => string || R:>bug3 : (f: (x: string) => string) => string"
overloadResolutionTest1,24,"L:>[{a:true}] : { a: boolean; }[] || R:>[{a:true}] : { a: true; }[]"
overloadResolutionWithAny,29,"L:>func(x) : number || R:>func(x) : string"
overloadedConstructorFixesInferencesAppropriately,39,"L:>load : () => Box<ErrorResult | { success: true; }> || R:>load : () => Box<{ success: true; } | ErrorResult>"
overloadedStaticMethodSpecialization,8,"L:>B : { <S>(v: A<S>): A<S>; <S>(v: S): A<S>; } || R:>B : { <S>(v: A<S>): A<S>; <S_1>(v: S_1): A<S_1>; }"
overloadingOnConstants1,25,"L:>createElement : { (tagName: 'canvas'): Derived1; (tagName: 'div'): Derived2; (tagName: 'span'): Derived3; (tagName: string): Base; } || R:>createElement : { (tagName: 'canvas'): Derived1; (tagName: 'div'): Derived2; (tagName: 'span'): Derived3; (tagName: string): Base; }"
overloadingOnConstantsInImplementation,5,"L:>foo : { (a: 'hi', x: string): any; (a: 'hi', x: string): any; } || R:>foo : { (a: 'hi', x: string): any; (a: 'hi', x: string): any; }"
overloadresolutionWithConstraintCheckingDeferred,41,"L:>foo(x => new G(x)) : string || R:>foo(x => new G(x)) : never"
overloadsAndTypeArgumentArity,13,"L:>Callbacks : { (flags?: string): void; <T>(flags?: string): void; <T1, T2>(flags?: string): void; <T1, T2, T3>(flags?: string): void; } || R:>Callbacks : { (flags?: string): void; <T>(flags?: string): void; <T1, T2>(flags?: string): void; <T1_1, T2_1, T3>(flags?: string): void; }"
overloadsAndTypeArgumentArityErrors,27,"L:>f : <A, B>(arg: number) => void || R:>f : <A, B = {}>(arg: number) => void"
overloadsInDifferentContainersDisagreeOnAmbient,9,"L:>f : () => any || R:>f : { (): any; (): void; }"
overloadsWithComputedNames,29,"L:>p.A : (a: string | number) => string | number || R:>p.A : (a: string | number) => number | string"
overloadsWithConstraints,5,"L:>f : { <T extends Number>(x: T): T; <T extends String>(x: T): T; } || R:>f : { <T extends Number>(x: T): T; <T_1 extends String>(x: T_1): T_1; }"
overrideBaseIntersectionMethod,11,"L:>WithLocation : <T extends Constructor<Point>>(Base: T) => typeof (Anonymous class) || R:>WithLocation : <T extends Constructor<Point>>(Base: T) => { new (...args: any[]): (Anonymous class); prototype: WithLocation.(Anonymous class); } & T"
overshifts,50,"L:>0xFF_FF_FF_FF : number || R:>0xFF_FF_FF_FF : 4294967295"
packageDeduplicationDuplicateGlobals,3,"L:=== /node_modules/.pnpm/foo@1.0.0+globals@1.0.0/node_modules/foo/index.d.ts === || R:=== /src/index.ts ==="
parameterDestructuringObjectLiteral,7,"L:>fn1 : (options: { headers?: {} | undefined; }) => void || R:>fn1 : (options: { headers?: {}; }) => void"
parameterNamesInTypeParameterList,5,"L:>f0 : <T extends any>(a: T) => void || R:>f0 : <T extends typeof a>(a: T) => void"
parameterPropertyInConstructorWithPrologues,128,"L:>super : C || R:>super : typeof C"
parameterReferenceInInitializer2,5,"L:>Example : (x?: any) => void || R:>Example : (x?: (x: any) => any) => void"
parameterReferencesOtherParameter1,19,"L:>name : void || R:>name : string"
parameterReferencesOtherParameter2,19,"L:>name : void || R:>name : string"
parametersAliasOverTypeofPreservedAsIsInDeclarations,34,"L:>classMethodInterface : (...args: Parameters<typeof overloadInterface>) => void || R:>classMethodInterface : (arg: string, callback: (error: Error | null, result: boolean) => void) => void"
paramsOnlyHaveLiteralTypesWhenAppropriatelyContextualized,12,"L:>appendToOptionalArray : <K extends string | number | symbol, T>(object: { [x in K]?: Lower<T>[] }, key: K, value: T) => void || R:>appendToOptionalArray : <K extends string | number | symbol, T>(object: { [x in K]?: Lower<T>[]; }, key: K, value: T) => void"
paramterDestrcuturingDeclaration,6,"L:>{p: name} : any || R:>p : any"
parenthesizedAsyncArrowFunction,9,"L:>bar => bar : (bar: any) => Promise<any> || R:>async bar => bar : (bar: any) => Promise<any>"
parseArrowFunctionWithFunctionReturnType,5,"L:>fn : <T>() => () => T || R:>fn : <T>() => (() => T)"
parseAssertEntriesError,3,"L:=== /node_modules/pkg/require.d.ts === || R:=== /index.ts ==="
parseBigInt,9,"L:>0b101 : 5n || R:>0b101n : 5n"
parseEntityNameWithReservedWord,9,"L:>x : Bool.false || R:>x : Bool"
parseErrorIncorrectReturnToken,25,"L:>toString : () => string || R:>toString : (radix?: number) => string"
parseGenericArrowRatherThanLeftShift,16,"L:>b : boolean || R:>b : void"
parseImportAttributesError,3,"L:=== /node_modules/pkg/require.d.ts === || R:=== /index.ts ==="
parseInvalidNonNullableTypes,5,"L:>f1 : (a: string) => boolean || R:>f1 : (a: string) => a is string"
parseInvalidNullableTypes,5,"L:>f1 : (a: string) => boolean || R:>f1 : (a: string) => a is string | null"
parseJsxExtends1,12,"L:><const T extends/> : any || R:><const T extends/> : error"
parseUnaryExpressionNoTypeAssertionInJsx4,18,"L:><1234> x; : any || R:>< : any"
parseUnmatchedTypeAssertion,9,"L:<EOF> || R:> : any"
parserPrivateIdentifierInArrayAssignment,9,"L:<EOF> || R:> : any"
parserUnparsedTokenCrash2,6,"L:>x = ( y = z ==== 'function') { : (y?: any, : any) => void || R:>x = ( y = z ==== 'function' : 'function'"
partialDiscriminatedUnionMemberHasGoodError,21,"L:>ValidType : TypeA | TypeB || R:>ValidType : ValidType"
partialOfLargeAPIIsAbleToBeWorkedWith,6,"L:>0 : 0 || R:>0 : (x: 0) => string"
partialTypeNarrowedToByTypeGuard,5,"L:>Obj : {} | undefined || R:>Obj : Obj"
partiallyDiscriminantedUnions,31,"L:>AB : A1 | A2 | B || R:>AB : AB"
pathsAliasTrailingSlashConflictWithAtTypes,3,"L:=== node_modules/preact/compat/index.d.ts === || R:=== app.ts ==="
pathsEntryReferencesDtsViaTsExtensionNoCrash,3,"L:=== some-path/index.d.ts === || R:=== named-import.ts ==="
potentiallyUncalledDecorators,19,"L:>tracked : (PropertyDecorator) & ((...watchedProperties: string[]) => any) || R:>tracked : PropertyDecorator & ((...watchedProperties: string[]) => any)"
predicateSemantics,9,"L:>test1 : 32 || R:>test1 : 'possibly reached' | 32"
preserveConstEnums,11,"L:>Value : E.Value || R:>Value : E"
primaryExpressionMods,41,"L:>q : unresolved || R:>q : m.P"
primitiveMembers,27,"L:>toString : () => string || R:>toString : (radix?: number) => string"
primitiveUnionDetection,7,"L:>Kind : 'one' | 'three' | 'two' || R:>Kind : Kind"
privacyCannotNameAccessorDeclFile(target=es2015),3,"L:=== privacyCannotNameAccessorDeclFile_GlobalWidgets.ts === || R:=== privacyCannotNameAccessorDeclFile_consumer.ts ==="
privacyCannotNameVarTypeDeclFile,3,"L:=== privacyCannotNameVarTypeDeclFile_GlobalWidgets.ts === || R:=== privacyCannotNameVarTypeDeclFile_consumer.ts ==="
privacyCheckExternalModuleExportAssignmentOfGenericClass,3,"L:=== privacyCheckExternalModuleExportAssignmentOfGenericClass_0.ts === || R:=== privacyCheckExternalModuleExportAssignmentOfGenericClass_1.ts ==="
privacyFunctionCannotNameReturnTypeDeclFile,3,"L:=== privacyFunctionReturnTypeDeclFile_GlobalWidgets.ts === || R:=== privacyFunctionReturnTypeDeclFile_consumer.ts ==="
privacyFunctionReturnTypeDeclFile,1258,"L:>myMethod : () => publicClass || R:>myMethod : () => privateModule.publicClass"
privacyGloImport,70,"L:>m1_im1_private_v1_public : typeof m1_M1_public.c1 || R:>m1_im1_private_v1_public : typeof m1_im1_private.c1"
privacyGloImportParseErrors,86,"L:>m1_im1_private_v1_public : typeof m1_M1_public.c1 || R:>m1_im1_private_v1_public : typeof m1_im1_private.c1"
privacyImport,70,"L:>m1_im1_private_v1_public : typeof m1_M1_public.c1 || R:>m1_im1_private_v1_public : typeof m1_im1_private.c1"
privacyImportParseErrors,86,"L:>m1_im1_private_v1_public : typeof m1_M1_public.c1 || R:>m1_im1_private_v1_public : typeof m1_im1_private.c1"
privacyLocalInternalReferenceImportWithExport,130,"L:>privateUse_im_public_c_private : m_private.c_private || R:>privateUse_im_public_c_private : im_public_c_private"
privacyTopLevelAmbientExternalModuleImportWithExport,3,"L:=== privacyTopLevelAmbientExternalModuleImportWithExport_require.ts === || R:=== privacyTopLevelAmbientExternalModuleImportWithExport_core.ts ==="
privacyTopLevelAmbientExternalModuleImportWithoutExport,3,"L:=== privacyTopLevelAmbientExternalModuleImportWithoutExport_require.ts === || R:=== privacyTopLevelAmbientExternalModuleImportWithoutExport_core.ts ==="
privateNameInTypeQuery,37,"L:>a : boolean || R:>a : number"
privatePropertyInUnion,7,"L:>Type : string | object || R:>Type : Type"
processingDiagnostic,3,"L:=== /node_modules/foo/index.d.ts === || R:=== /index.ts ==="
processingDiagnosticSkipLibCheck,3,"L:=== /node_modules/foo/index.d.ts === || R:=== /index.ts ==="
processingDiagnosticTsIgnore,3,"L:=== /node_modules/foo/index.d.ts === || R:=== /index.ts ==="
promiseAllOnAny01,10,"L:>await Promise.all(x) : any || R:>await Promise.all(x) : any[]"
promiseChaining,29,"L:>this.then(x => result)/*S*/.then : <S>(cb: (x: unknown) => S) => Chain<S> || R:>this.then(x => result)/*S*/.then : <S>(cb: (x: S_1) => S) => Chain<S>"
promiseChaining1,31,"L:>this.then(x => result)/*S*/.then : <S extends Function>(cb: (x: Function) => S) => Chain2<S> || R:>this.then(x => result)/*S*/.then : <S extends Function>(cb: (x: S_1) => S) => Chain2<S>"
promiseChaining2,31,"L:>this.then(x => result).then : <S extends Function>(cb: (x: Function) => S) => Chain2<S> || R:>this.then(x => result).then : <S extends Function>(cb: (x: S_1) => S) => Chain2<S>"
promisePermutations,6,"L:>then : { <U>(success?: (value: T) => Promise<U>, error?: (error: any) => Promise<U>, progress?: (progress: any) => void): Promise<U>; <U>(success?: (value: T) => Promise<U>, error?: (error: any) => U, progress?: (progress: any) => void): Promise<U>; <U>(success?: (value: T) => U, error?: (error: any) => Promise<U>, progress?: (progress: any) => void): Promise<U>; <U>(success?: (value: T) => U, error?: (error: any) => U, progress?: (progress: any) => void): Promise<U>; <TResult1, TResult2>(onfulfilled?: (value: T) => TResult1 | PromiseLike<TResult1>, onrejected?: (reason: any) => TResult2 | PromiseLike<TResult2>): Promise<TResult1 | TResult2>; } || R:>then : { <TResult1 = T, TResult2 = never>(onfulfilled?: ((value: T) => TResult1 | PromiseLike<TResult1>) | undefined | null, onrejected?: ((reason: any) => TResult2 | PromiseLike<TResult2>) | undefined | null): Promise<TResult1 | TResult2>; <U>(success?: (value: T) => Promise<U>, error?: (error: any) => Promise<U>, progress?: (progress: any) => void): Promise<U>; <U_1>(success?: (value: T) => Promise<U_1>, error?: (error: any) => U_1, progress?: (progress: any) => void): Promise<U_1>; <U_1>(success?: (value: T) => U_1, error?: (error: any) => Promise<U_1>, progress?: (progress: any) => void): Promise<U_1>; <U_1>(success?: (value: T) => U_1, error?: (error: any) => U_1, progress?: (progress: any) => void): Promise<U_1>; }"
promisePermutations2,8,"L:>then : { <U>(success?: (value: T) => U, error?: (error: any) => U, progress?: (progress: any) => void): Promise<U>; <TResult1, TResult2>(onfulfilled?: (value: T) => TResult1 | PromiseLike<TResult1>, onrejected?: (reason: any) => TResult2 | PromiseLike<TResult2>): Promise<TResult1 | TResult2>; } || R:>then : { <TResult1 = T, TResult2 = never>(onfulfilled?: ((value: T) => TResult1 | PromiseLike<TResult1>) | undefined | null, onrejected?: ((reason: any) => TResult2 | PromiseLike<TResult2>) | undefined | null): Promise<TResult1 | TResult2>; <U>(success?: (value: T) => U, error?: (error: any) => U, progress?: (progress: any) => void): Promise<U>; }"
promisePermutations3,8,"L:>then : { <U>(success?: (value: T) => Promise<U>, error?: (error: any) => Promise<U>, progress?: (progress: any) => void): Promise<U>; <U>(success?: (value: T) => Promise<U>, error?: (error: any) => U, progress?: (progress: any) => void): Promise<U>; <U>(success?: (value: T) => U, error?: (error: any) => Promise<U>, progress?: (progress: any) => void): Promise<U>; <U>(success?: (value: T) => U, error?: (error: any) => U, progress?: (progress: any) => void): Promise<U>; <TResult1, TResult2>(onfulfilled?: (value: T) => TResult1 | PromiseLike<TResult1>, onrejected?: (reason: any) => TResult2 | PromiseLike<TResult2>): Promise<TResult1 | TResult2>; } || R:>then : { <TResult1 = T, TResult2 = never>(onfulfilled?: ((value: T) => TResult1 | PromiseLike<TResult1>) | undefined | null, onrejected?: ((reason: any) => TResult2 | PromiseLike<TResult2>) | undefined | null): Promise<TResult1 | TResult2>; <U>(success?: (value: T) => Promise<U>, error?: (error: any) => Promise<U>, progress?: (progress: any) => void): Promise<U>; <U_1>(success?: (value: T) => Promise<U_1>, error?: (error: any) => U_1, progress?: (progress: any) => void): Promise<U_1>; <U_1>(success?: (value: T) => U_1, error?: (error: any) => Promise<U_1>, progress?: (progress: any) => void): Promise<U_1>; <U_1>(success?: (value: T) => U_1, error?: (error: any) => U_1, progress?: (progress: any) => void): Promise<U_1>; }"
promiseTry,21,"L:>() => {    return 'Async result';} : () => Promise<string> || R:>async () => {    return 'Async result';} : () => Promise<string>"
promiseType,93,"L:>F : () => Promise<unknown> || R:>F : () => Promise<number>"
promiseTypeStrictNull,35,"L:>C : () => Promise<'error' | 1 | undefined> || R:>C : () => Promise<'error' | 1>"
promiseVoidErrorCallback,47,"L:>x3 : Promise<unknown> || R:>x3 : Promise<{ __t3: string; }>"
promiseWithResolvers,8,"L:>{ promise, resolve, reject } : any || R:>promise : Promise<T>"
promises,6,"L:>then : { <U>(success?: ((value: T) => U) | undefined): Promise<U>; <U>(success?: ((value: T) => Promise<U>) | undefined): Promise<U>; <TResult1, TResult2>(onfulfilled?: ((value: T) => TResult1 | PromiseLike<TResult1>) | null | undefined, onrejected?: ((reason: any) => TResult2 | PromiseLike<TResult2>) | null | undefined): Promise<TResult1 | TResult2>; } || R:>then : { <TResult1 = T, TResult2 = never>(onfulfilled?: ((value: T) => TResult1 | PromiseLike<TResult1>) | undefined | null, onrejected?: ((reason: any) => TResult2 | PromiseLike<TResult2>) | undefined | null): Promise<TResult1 | TResult2>; <U>(success?: (value: T) => U): Promise<U>; <U_1>(success?: (value: T) => Promise<U_1>): Promise<U_1>; }"
promisesWithConstraints,6,"L:>then : { <U>(cb: (x: T) => Promise<U>): Promise<U>; <TResult1, TResult2>(onfulfilled?: ((value: T) => TResult1 | PromiseLike<TResult1>) | null | undefined, onrejected?: ((reason: any) => TResult2 | PromiseLike<TResult2>) | null | undefined): Promise<TResult1 | TResult2>; } || R:>then : { <TResult1 = T, TResult2 = never>(onfulfilled?: ((value: T) => TResult1 | PromiseLike<TResult1>) | undefined | null, onrejected?: ((reason: any) => TResult2 | PromiseLike<TResult2>) | undefined | null): Promise<TResult1 | TResult2>; <U>(cb: (x: T) => Promise<U>): Promise<U>; }"
propTypeValidatorInference,15,"L:>RequiredKeys : ({ [K in keyof V]: any; })[keyof V] || R:>RequiredKeys : RequiredKeys<V>"
propagationOfPromiseInitialization,6,"L:>then : <TResult>(successCallback: (promiseValue: T) => TResult, errorCallback?: ((reason: any) => TResult) | undefined) => IPromise<TResult> || R:>then : <TResult>(successCallback: (promiseValue: T) => TResult, errorCallback?: (reason: any) => TResult) => IPromise<TResult>"
propertiesAndIndexers,22,"L:>1 : 1 || R:>1 : Z"
propertiesAndIndexers2,18,"L:>3 : 3 || R:>3 : string"
propertyAssignment,12,"L:>foo2 : {} || R:>foo2 : { [x: number]: any; }"
propertyIdentityWithPrivacyMismatch,3,"L:=== propertyIdentityWithPrivacyMismatch_0.ts === || R:=== propertyIdentityWithPrivacyMismatch_1.ts ==="
propertyOrdering,18,"L:>length : number || R:>length : any"
protectedAccessThroughContextualThis,21,"L:>bindCopy.call : (this: Function, thisArg: any, ...argArray: any[]) => any || R:>bindCopy.call : <T, A extends any[], R>(this: (this: T, ...args: A) => R, thisArg: T, ...args: A) => R"
protectedAccessibilityCheck,16,"L:>B : B<T> || R:>B : B<any>"
protoAsIndexInIndexExpression,3,"L:=== protoAsIndexInIndexExpression_0.ts === || R:=== protoAsIndexInIndexExpression_1.ts ==="
qualifiedModuleLocals,15,"L:>b : () => void || R:>b : any"
qualify,95,"L:>v2 : I3 || R:>v2 : K1.I3"
quickIntersectionCheckCorrectlyCachesErrors,6,"L:>props : P & { children?: boolean | undefined; } || R:>props : P & { children?: boolean; }"
quickinfoTypeAtReturnPositionsInaccurate,41,"L:>isNumClass : <Item extends NumClass<number> | StrClass<string>>(item: Item) => boolean || R:>isNumClass : <Item extends NumClass<number> | StrClass<string>>(item: Item) => item is Extract<Item, NumClass<any>>"
raiseErrorOnParameterProperty,8,"L:>x : unresolved || R:>x : X"
ramdaToolsNoInfinite,37,"L:>Last : { 0: { 0: ...; 1: Head<Tail<T>>; }[HasTail<T> extends true ? 0 : 1]; 1: Head<T>; }[HasTail<T> extends true ? 0 : 1] || R:>Last : Last<T>"
ramdaToolsNoInfinite2,32,"L:>__Pick : __Pick<O, K> || R:>__Pick : { [P in K]: O[P]; }"
reExportGlobalDeclaration1,11,"L:>{a, b} : any || R:>a : number"
reachabilityCheckWithEmptyDefault,5,"L:>print : { (s: string): void; (): void; } || R:>print : { (): void; (s: string): void; }"
reachabilityChecks3,27,"L:>x : number || R:>x : any"
reachabilityChecks4,75,"L:>Behavior : 'SLIDE' | 'SLIDE_OUT' || R:>Behavior : Behavior"
reachabilityChecksNoCrash1,5,"L:>arrayFromAsync : <T>(asyncIterable: any, : any, AsyncIterable: any, : any, T: any) => Promise<T[]> || R:>arrayFromAsync : <T>(asyncIterable: any, : any, AsyncIterable: any, : any, T: any) => any"
reactImportUnusedInNewJSXEmit(jsx=react-jsx),4,"L:/// <reference path='/.lib/react16.d.ts' /> || R:/// <reference path='react16.d.ts' />"
reactNamespaceImportPresevation,16,"L:>myReactLib : typeof import('my-React-Lib') || R:>myReactLib : any"
reactReduxLikeDeferredInferenceAllowsAssignment,15,"L:>props : Readonly<P> & Readonly<{ children?: {} | undefined; }> || R:>props : Readonly<P> & Readonly<{ children?: {}; }>"
reactSFCAndFunctionResolvable,4,"L:/// <reference path='/.lib/react16.d.ts' /> || R:/// <reference path='react16.d.ts' />"
reactTagNameComponentWithPropsNoOOM,4,"L:/// <reference path='/.lib/react16.d.ts' /> || R:/// <reference path='react16.d.ts' />"
reactTransitiveImportHasValidDeclaration,17,"L:>'react' : object || R:>'react' : error"
readonlyAssignmentInSubclassOfClassExpression,6,"L:>(class {} as new () => Readonly<{ attrib: number }>) : new () => Readonly<{ attrib: number; }> || R:>(class {} as new () => Readonly<{ attrib: number }>) : Readonly<{ attrib: number; }>"
readonlyDefaultExport,24,"L:>foo.a : number || R:>foo.a : any"
readonlyMembers(target=es2015),19,"L:>x.a : number || R:>x.a : any"
readonlyPropertySubtypeRelationDirected,36,"L:>three.a : string || R:>three.a : any"
readonlyTupleAndArrayElaboration,10,"L:>[3, 4] : number[] || R:>[3, 4] : readonly [3, 4]"
reboundIdentifierOnImportAlias,20,"L:>Foo : number || R:>Foo : typeof F"
rectype,11,"L:>f : (p: I) => (p: I) => any || R:>f : (p: I) => typeof f"
recursiveArrayNotCircular,80,"L:>action : { type: ActionType.Baz; payload: boolean; } || R:>action : { type: ActionType.Baz; payload: false; } | { type: ActionType.Baz; payload: true; }"
recursiveBaseCheck,9,"L:>D : D || R:>D : typeof D"
recursiveBaseCheck2,11,"L:>b2Shape : b2Shape || R:>b2Shape : typeof b2Shape"
recursiveBaseCheck3,6,"L:>C : C<T> || R:>C : typeof C"
recursiveBaseCheck4,6,"L:>M : M<string> || R:>M : typeof M"
recursiveBaseCheck6,6,"L:>S18 : S18<{ S19: A; }> || R:>S18 : typeof S18"
recursiveBaseConstructorCreation3,20,"L:>bar : xyz || R:>bar : any"
recursiveClassBaseType,11,"L:>Base : <T>(val: T) => new () => T || R:>Base : <T>(val: T) => { new (): T; }"
recursiveClassReferenceTest,19,"L:>gar : (runner: (widget:Sample.Thing.IWidget)=>any) => any || R:>gar : (runner: (widget: Sample.Thing.IWidget) => any) => any"
recursiveCloduleReference,15,"L:>M.C : typeof C || R:>M.C : typeof M.C"
recursiveComplicatedClasses,40,"L:>Symbol : Symbol || R:>Symbol : SymbolConstructor"
recursiveConditionalCrash1,5,"L:>C1 : T extends string ? ... : never || R:>C1 : T extends string ? T extends infer T_1 ? T_1 extends T ? T_1 extends string ? T_1 extends infer T_2 ? T_2 extends T_1 ? T_2 extends string ? T_2 extends infer T_3 ? T_3 extends T_2 ? T_3 extends string ? T_3 extends infer T_4 ? T_4 extends T_3 ? T_4 extends string ? T_4 extends infer T_5 ? T_5 extends T_4 ? T_5 extends string ? T_5 extends infer T_6 ? T_6 extends T_5 ? T_6 extends string ? T_6 extends infer T_7 ? T_7 extends T_6 ? T_7 extends string ? T_7 extends infer T_8 ? T_8 extends T_7 ? T_8 extends string ? T_8 extends infer T_9 ? T_9 extends T_8 ? T_9 extends string ? T_9 extends infer T_10 ? T_10 extends T_9 ? T_10 extends string ? any : never : never : never : never : never : never : never : never : never : never : never : never : never : never : never : never : never : never : never : never : never : never : never : never : never : never : never : never : never : never : never"
recursiveConditionalCrash2,23,"L:>UseQueryOptions : UseQueryOptions<T> || R:>UseQueryOptions : T extends CanBeExpanded<any> ? T['value'] extends infer T_1 ? T_1 extends T['value'] ? T_1 extends CanBeExpanded<any> ? T_1['value'] extends infer T_2 ? T_2 extends T_1['value'] ? T_2 extends CanBeExpanded<any> ? T_2['value'] extends infer T_3 ? T_3 extends T_2['value'] ? T_3 extends CanBeExpanded<any> ? T_3['value'] extends infer T_4 ? T_4 extends T_3['value'] ? T_4 extends CanBeExpanded<any> ? T_4['value'] extends infer T_5 ? T_5 extends T_4['value'] ? T_5 extends CanBeExpanded<any> ? T_5['value'] extends infer T_6 ? T_6 extends T_5['value'] ? T_6 extends CanBeExpanded<any> ? T_6['value'] extends infer T_7 ? T_7 extends T_6['value'] ? T_7 extends CanBeExpanded<any> ? T_7['value'] extends infer T_8 ? T_8 extends T_7['value'] ? T_8 extends CanBeExpanded<any> ? T_8['value'] extends infer T_9 ? T_9 extends T_8['value'] ? T_9 extends CanBeExpanded<any> ? T_9['value'] extends infer T_10 ? T_10 extends T_9['value'] ? T_10 extends CanBeExpanded<any> ? any : T_10 : never : never : T_9 : never : never : T_8 : never : never : T_7 : never : never : T_6 : never : never : T_5 : never : never : T_4 : never : never : T_3 : never : never : T_2 : never : never : T_1 : never : never : T"
recursiveConditionalCrash3,159,"L:>y1 : X || R:>y1 : { id: string; name: string; user: string; role: string; roles: string; }"
recursiveConditionalEvaluationNonInfinite,10,"L:>x : { array: { notArray: number[]; }; } || R:>x : { array: { notArray: number; }; }"
recursiveConditionalTypes,17,"L:>then : <U>(f: ((value: T) => U | PromiseLike<U>) | null | undefined) => any || R:>then : <U>(f: ((value: T) => U | PromiseLike<U>) | null | undefined) => MyPromise<U>"
recursiveExcessPropertyChecks,12,"L:>NodeWithId : ITreeItem & { Id?: number | undefined; } || R:>NodeWithId : NodeWithId"
recursiveExportAssignmentAndFindAliasedType1,3,"L:=== recursiveExportAssignmentAndFindAliasedType1_moduleDef.d.ts === || R:=== recursiveExportAssignmentAndFindAliasedType1_moduleA.ts ==="
recursiveExportAssignmentAndFindAliasedType2,3,"L:=== recursiveExportAssignmentAndFindAliasedType2_moduleDef.d.ts === || R:=== recursiveExportAssignmentAndFindAliasedType2_moduleA.ts ==="
recursiveExportAssignmentAndFindAliasedType3,3,"L:=== recursiveExportAssignmentAndFindAliasedType3_moduleDef.d.ts === || R:=== recursiveExportAssignmentAndFindAliasedType3_moduleA.ts ==="
recursiveExportAssignmentAndFindAliasedType4,3,"L:=== recursiveExportAssignmentAndFindAliasedType4_moduleC.ts === || R:=== recursiveExportAssignmentAndFindAliasedType4_moduleA.ts ==="
recursiveExportAssignmentAndFindAliasedType5,3,"L:=== recursiveExportAssignmentAndFindAliasedType5_moduleC.ts === || R:=== recursiveExportAssignmentAndFindAliasedType5_moduleA.ts ==="
recursiveExportAssignmentAndFindAliasedType6,3,"L:=== recursiveExportAssignmentAndFindAliasedType6_moduleC.ts === || R:=== recursiveExportAssignmentAndFindAliasedType6_moduleA.ts ==="
recursiveExportAssignmentAndFindAliasedType7,3,"L:=== recursiveExportAssignmentAndFindAliasedType7_moduleC.ts === || R:=== recursiveExportAssignmentAndFindAliasedType7_moduleA.ts ==="
recursiveFieldSetting,17,"L:>parent : Window || R:>parent : Recursive1 | undefined"
recursiveFunctionTypes,5,"L:>fn : () => () => any || R:>fn : () => typeof fn"
recursiveFunctionTypes1,8,"L:>g : (t: (t: ...) => void) => void || R:>g : (t: typeof C.g) => void"
recursiveGenericMethodCall,8,"L:>func : Generator<T> || R:>func : Generator<T, any, any>"
recursiveGenericUnionType1,13,"L:>IStringContainer : string | { [i: string]: any; } || R:>IStringContainer : IStringContainer"
recursiveGenericUnionType2,13,"L:>IStringContainer : string | { [i: string]: any[]; } || R:>IStringContainer : IStringContainer"
recursiveIdenticalOverloadResolution,11,"L:>f : (p: I) => (p: I) => any || R:>f : (p: I) => typeof f"
recursiveIndexedAccessSimplification,14,"L:>l : (Recur<T>)[] || R:>l : Recur<T>[]"
recursiveInferenceBug,11,"L:>f : (x: number) => any || R:>f : (x: number) => number"
recursiveLetConst,16,"L:>x1 + 1 : any || R:>x1 : any"
recursiveReverseMappedType,14,"L:>l : (Recur<T>)[] || R:>l : Recur<T>[]"
recursiveTupleTypeInference,27,"L:>{ b: ['number', 'null'] } : { b: string[]; } || R:>{ b: ['number', 'null'] } : { b: ('null' | 'number')[]; }"
recursiveTypeAliasWithSpreadConditionalReturnNotCircular,7,"L:>zip1 : <O extends Option<any>[]>(...others: O) => Option<[T, ...UnzipOptionArray1<O>]> || R:>zip1 : <O extends Array<Option<any>>>(...others: O) => Option<[T, ...UnzipOptionArray1<O>]>"
recursiveTypeComparison2,22,"L:>slidingWindow : (max: number, min?: number | undefined) => Property<T[]> || R:>slidingWindow : (max: number, min?: number) => Property<T[]>"
recursiveTypeRelations,35,"L:>css : <S extends { [K in keyof S]: any; }>(styles: S, ...classNames: ClassNameArg<S>[]) => string || R:>css : <S extends { [K in keyof S]: string; }>(styles: S, ...classNames: ClassNameArg<S>[]) => string"
recursivelyExpandingUnionNoStackoverflow,8,"L:>M : number | { M: any; }['M'] || R:>M : any"
redeclareParameterInCatchBlock,25,"L:>[a, b] : any || R:>a : any"
reducibleIndexedAccessTypes,56,"L:>Payload : PayloadA | PayloadB | PayloadC || R:>Payload : Payload"
reexportWrittenCorrectlyInDeclaration,20,"L:>things : typeof import('Things') || R:>things : typeof things"
reexportedMissingAlias,10,"L:>Second : typeof import('second') || R:>Second : typeof Second"
referenceTypesPreferedToPathIfPossible,3,"L:=== /.src/node_modules/@types/node/index.d.ts === || R:=== usage.ts ==="
regexMatchAll-esnext,15,"L:>array : any[] || R:>array : RegExpExecArray[]"
regexMatchAll,15,"L:>array : any[] || R:>array : RegExpExecArray[]"
regexpExecAndMatchTypeUsages(strict=true),25,"L:>matchResult.index : number || R:>matchResult.index : number | undefined"
relatedViaDiscriminatedTypeNoError,12,"L:>DiscriminatedUnion : { flag: true; } | { flag: false; } || R:>DiscriminatedUnion : DiscriminatedUnion"
relatedViaDiscriminatedTypeNoError2,5,"L:>AObjOrBObj : { name: 'A'; } | { name: 'B'; } || R:>AObjOrBObj : AObjOrBObj"
relationComplexityError,7,"L:>Digits : '0' | '1' | '2' | '3' | '4' | '5' | '6' | '7' || R:>Digits : Digits"
renamingDestructuredPropertyInFunctionType,18,"L:>{ a: string } : any || R:>a : any"
renamingDestructuredPropertyInFunctionType2,16,"L:>{ a: string } : any || R:>a : any"
renamingDestructuredPropertyInFunctionType3,10,"L:>O : { [P in K]: any; } || R:>O : O"
requireOfAnEmptyFile1,5,"L:>fs : typeof import('requireOfAnEmptyFile1_b') || R:>fs : any"
requireTypesOnly,3,"L:=== t.ts === || R:=== main.js ==="
requiredInitializedParameter1,5,"L:>f1 : (a: any, b?: any, c: any) => void || R:>f1 : (a: any, b: number, c: any) => void"
requiredInitializedParameter2,13,"L:>method : (a?: any, b: any) => void || R:>method : (a: number, b: any) => void"
requiredInitializedParameter3,13,"L:>method : (a?: any, b?: any) => void || R:>method : (a?: number, b?: any) => void"
requiredInitializedParameter4,8,"L:>method : (a?: any, b: any) => void || R:>method : (a: number, b: any) => void"
requiredMappedTypeModifierTrumpsVariance,5,"L:>a : Required<{ a?: 1 | undefined; x: 1; }> || R:>a : Required<{ a?: 1; x: 1; }>"
reservedWords2,6,"L:> = require('dfdf') : any || R:>= require('dfdf') : any"
reservedWords3,5,"L:>f1 : () => void || R:>f1 : () => any"
resolveModuleNameWithSameLetDeclarationName1,12,"L:>foo : Bar || R:>foo : foo.Bar"
restElementAssignable,6,"L:>{ ...props } : any || R:>props : {}"
restElementWithNumberPropertyName(target=es2015),5,"L:>{ 0: a, ...b } : any || R:>a : number"
restIntersection,18,"L:>{x, ...rest1 } : any || R:>x : number"
restInvalidArgumentType,25,"L:>mapped_generic : { [P in keyof T]: any; } || R:>mapped_generic : { [P in keyof T]: T[P]; }"
restParamAsOptional,9,"L:>f2 : (...x?: any) => void || R:>f2 : (...x?: any[]) => void"
restParameterNotLast,5,"L:>f : (x: any[], ...y: any) => void || R:>f : (...x: any[], y: any) => void"
restParameterTypeInstantiation,15,"L:>removeF : <TX>(__0: TestGeneric<TX>) => { g: TX; } || R:>removeF : <TX>({ f, ...rest }: TestGeneric<TX>) => { g: TX; }"
restParameterWithBindingPattern1,5,"L:>a : (...__0: any[]) => void || R:>a : (...{ a, b }: { a: any; b: any; }) => void"
restParameterWithBindingPattern2,5,"L:>a : (...__0: any[]) => void || R:>a : (a: any, b: any) => void"
restParameterWithBindingPattern3,5,"L:>a : (...__0: string[]) => void || R:>a : (...[a, b]: string[]) => void"
restParameters,5,"L:>f18 : (a?: string | undefined, ...b: number[]) => void || R:>f18 : (a?: string, ...b: number[]) => void"
restParamsWithNonRestParams,22,"L:>foo3 : (a?: string | undefined, ...b: number[]) => void || R:>foo3 : (a?: string, ...b: number[]) => void"
restUnion,17,"L:>{a, ...rest1 } : any || R:>a : string | number"
restUnion2,13,"L:>{...rest2 } : any || R:>rest2 : { n: number; }"
restUnion3,11,"L:>{...rest4 } : any || R:>rest4 : {}"
returnConditionalExpressionJSDocCast,7,"L:>sources : Map<any, any> || R:>sources : Map<string, string>"
returnInConstructor1,108,"L:>super : F || R:>super : typeof F"
returnInfiniteIntersection,9,"L:><T>(subkey: T) => recursive() : any || R:><T>(subkey: T) => recursive() : <T>(subkey: T) => any & { p: any; }"
returnTypeInferenceContextualParameterTypesInGenerator1,13,"L:>f : () => Generator<Eff, AEff, any> || R:>f : () => Generator<Eff, AEff>"
returnTypeInferenceContextualTypeIgnoreAnyUnknown1,30,"L:>{  prop: inner1((arg) => arg),} : { prop: any; } || R:>{  prop: inner1((arg) => arg),} : { prop: (arg: string) => string; }"
returnTypeInferenceNotTooBroad,5,"L:>Signs : { kind: 'a'; a: 3; } | { kind: 'b'; b: 2; } | { kind: 'c'; c: 1; } || R:>Signs : Signs"
returnTypeParameterWithModules,8,"L:>reduce : <A>(ar: any, f: any, e?: any) => A[] || R:>reduce : <A>(ar: any, f: any, e?: any) => Array<A>"
returnTypeTypeArguments,33,"L:>A1 : () => any || R:>A1 : () => One"
reuseInnerModuleMember,3,"L:=== reuseInnerModuleMember_0.ts === || R:=== reuseInnerModuleMember_1.ts ==="
reverseInferenceInContextualInstantiation,15,"L:>x.sort : (compareFn?: ((a: number, b: number) => number) | undefined) => this || R:>x.sort : (compareFn?: ((a: number, b: number) => number) | undefined) => number[]"
reverseMappedContravariantInference,7,"L:>conforms : <T>(source: { [K in keyof T]: (val: T[K]) => boolean }) => (value: T) => boolean || R:>conforms : <T>(source: { [K in keyof T]: (val: T[K]) => boolean; }) => (value: T) => boolean"
reverseMappedIntersectionInference1,44,"L:>{  a: {    data: 'foo',    onSuccess: (dataArg) => {      dataArg;    },    error: 404,    onError: (errorArg) => {      errorArg;    },  },  b: {    data: true,    onSuccess: (dataArg) => {      dataArg;    },    error: 500,    onError: (errorArg) => {      errorArg;    },  },} : { a: { data: string; onSuccess: (dataArg: any) => void; error: number; onError: (errorArg: any) => void; }; b: { data: boolean; onSuccess: (dataArg: any) => void; error: number; onError: (errorArg: any) => void; }; } || R:>{  a: {    data: 'foo',    onSuccess: (dataArg) => {      dataArg;    },    error: 404,    onError: (errorArg) => {      errorArg;    },  },  b: {    data: true,    onSuccess: (dataArg) => {      dataArg;    },    error: 500,    onError: (errorArg) => {      errorArg;    },  },} : { a: { data: string; onSuccess: (dataArg: string) => void; error: number; onError: (errorArg: number) => void; }; b: { data: true; onSuccess: (dataArg: boolean) => void; error: number; onError: (errorArg: number) => void; }; }"
reverseMappedIntersectionInference2,34,"L:>0 : 0 || R:>0 : unknown"
reverseMappedPartiallyInferableTypes,37,"L:>validator : (PropValidatorFunction<T>) | undefined || R:>validator : PropValidatorFunction<T> | undefined"
reverseMappedTupleContext,7,"L:>test1 : <T>(arg: { || R:>test1 : <T>(arg: { [K in keyof T]: T[K]; }) => T"
reverseMappedTypeAssignableToIndex,41,"L:>Test1 : Test1 || R:>Test1 : true"
reverseMappedTypeContextualTypeNotCircular,9,"L:>createStructuredSelector : <S, T>(selectors: {[K in keyof T]: Selector<S, T[K]>}) => Selector<S, T> || R:>createStructuredSelector : <S, T>(selectors: { [K in keyof T]: Selector<S, T[K]>; }) => Selector<S, T>"
reverseMappedTypeInferenceSameSource1,34,"L:>reducer : (Reducer<S, A>) | ReducersMapObject<S, A> || R:>reducer : Reducer<S, A> | ReducersMapObject<S, A>"
reverseMappedTypeInferenceWidening1,46,"L:>{  booleanFlag: { type: Boolean },  booleanFlagDefault: {    type: Boolean,    default: false,  },} : { booleanFlag: { type: BooleanConstructor; }; booleanFlagDefault: { type: BooleanConstructor; default: boolean; }; } || R:>{  booleanFlag: { type: Boolean },  booleanFlagDefault: {    type: Boolean,    default: false,  },} : { booleanFlag: { type: BooleanConstructor; }; booleanFlagDefault: { type: BooleanConstructor; default: false; }; }"
reverseMappedTypeInferenceWidening2,5,"L:>test1 : <T extends Record<string, { prop: unknown; }>>(arg: { || R:>test1 : <T extends Record<string, { prop: unknown; }>>(arg: { [K in keyof T]: T[K]; }) => T"
reverseMappedTypeIntersectionConstraint,24,"L:>createMachine : <TConfig extends StateConfig<TAction>, TAction extends string>(config: { [K in keyof TConfig & keyof StateConfig<any>]: TConfig[K] }) => [TAction, TConfig] || R:>createMachine : <TConfig extends StateConfig<TAction>, TAction extends string = TConfig['entry'] extends string ? TConfig['entry'] : string>(config: { [K in keyof TConfig & keyof StateConfig<any>]: TConfig[K]; }) => [TAction, TConfig]"
reverseMappedTypeLimitedConstraint,9,"L:>foo_ : <T extends XNumber_>(props: {[K in keyof T & keyof XNumber_]: T[K]}) => T || R:>foo_ : <T extends XNumber_>(props: { [K in keyof T & keyof XNumber_]: T[K]; }) => T"
reverseMappedTypePrimitiveConstraintProperty,5,"L:>test : <T extends { prop: string; nested: { nestedProp: string; }; }>(obj: { [K in keyof T]: T[K] }) => T || R:>test : <T extends { prop: string; nested: { nestedProp: string; }; }>(obj: { [K in keyof T]: T[K]; }) => T"
reverseMappedTypeRecursiveInference,36,"L:>test(bar) : unknown || R:>test(bar) : { [x: string]: any; }"
reverseMappedUnionInference,16,"L:>matches : (node: unknown) => boolean || R:>matches : (node: unknown) => node is T"
satisfiesEmit,10,"L:>a satisfies bleh : any || R:>a satisfies bleh : bleh"
scopeTests,23,"L:>super : C || R:>super : typeof C"
selfInCallback,12,"L:>callback : (cb: ()=>void) => void || R:>callback : (cb: () => void) => void"
selfReference,9,"L:>asFunction(() => { return 1; }) : () => () => number || R:>asFunction(() => { return 1; }) : () => () => 1"
selfReferencingTypeReferenceInference,20,"L:>t1 : Box<string | Box<number | boolean>> || R:>t1 : t1"
selfReferentialFunctionType,5,"L:>f : <T>(args: <T>(args: typeof f) => T) => T || R:>f : <T>(args: typeof f<T>) => T"
setMethods,56,"L:>numberSet.union([]) : Set<number> || R:>numberSet.union([]) : Set<unknown>"
shadowedReservedCompilerDeclarationsWithNoEmit(target=es2015),15,"L:>super : Base || R:>super : typeof Base"
shadowingViaLocalValueOrBindingElement,18,"L:>{ x = 0 } : any || R:>x : number"
shebangBeforeReferences,3,"L:=== f.d.ts === || R:=== f.ts ==="
shebangError,9,"L:>#!/usr/bin/env : number || R:>/usr/bin/env : number"
shorthand-property-es5-es6(target=es2015),12,"L:>bar : { foo: any; baz: any; } || R:>bar : { foo: any; baz: number; }"
shorthand-property-es6-es6,12,"L:>bar : { foo: any; baz: any; } || R:>bar : { foo: any; baz: number; }"
shorthandOfExportedEntity01_targetES2015_CommonJS,12,"L:>x : { test: any; } || R:>x : { test: string; }"
shorthandOfExportedEntity02_targetES5_CommonJS(target=es2015),12,"L:>x : { test: any; } || R:>x : { test: string; }"
shorthandPropertyAssignmentInES6Module,20,"L:>test : { x: any; foo: any; } || R:>test : { x: number; foo: any; }"
shorthandPropertyAssignmentNoCrash,16,"L:>{ g = (x: any, y: any) => x + y } : { g: any; } || R:>{ g = (x: any, y: any) => x + y } : { g?: any; }"
shorthandPropertyAssignmentsInDestructuring(target=es2015),12,"L:>{ s0 = 5 } : { s0: any; } || R:>{ s0 = 5 } : { s0?: any; }"
shorthandPropertyAssignmentsInDestructuring_ES6,12,"L:>{ s0 = 5 } : { s0: any; } || R:>{ s0 = 5 } : { s0?: any; }"
shouldNotPrintNullEscapesIntoOctalLiterals,8,"L:>`\x001` : ' 1' || R:>`\x001` : '\x001'"
signatureCombiningRestParameters1,7,"L:>T1 : 'A' | 'B' || R:>T1 : T1"
signatureCombiningRestParameters2,6,"L:>log : { (message?: any, ...optionalParams: any[]): void; (...data: any[]): void; } || R:>log : { (...data: any[]): void; (message?: any, ...optionalParams: any[]): void; }"
signatureCombiningRestParameters3,20,"L:>extension : Mark<Options> || R:>extension : Mark<any>"
signatureCombiningRestParameters4,14,"L:>parent : Node<Options> | null || R:>parent : Node<any> | null"
signatureCombiningRestParameters5,14,"L:>test1(42, true) : any || R:>test1(42, true) : void"
signatureLengthMismatchWithOptionalParameters,11,"L:>arg : (n?: number | undefined) => void || R:>arg : (n?: number) => void"
silentNeverPropagation,40,"L:>breaks : ModuleWithState<{ a: number; } & MoreState> & ModuleWithState<{ a: number; }> & { foo(): boolean; } || R:>breaks : ModuleWithState<{ a: number; } & MoreState> & ModuleWithState<{ a: number; }> & { foo(): true; }"
simplifyingConditionalWithInteriorConditionalIsRelated,22,"L:>ConditionalOrUndefined : <T>() => ConditionalType<T> | undefined || R:>ConditionalOrUndefined : <T_1>() => ConditionalType<T_1> | undefined"
singletonLabeledTuple,5,"L:>AliasOptional : [p?: number] || R:>AliasOptional : AliasOptional"
sliceResultCast,10,"L:>x.slice : ((start?: number | undefined, end?: number | undefined) => (string | number)[]) | ((start?: number | undefined, end?: number | undefined) => (string | number)[]) || R:>x.slice : ((start?: number, end?: number) => (string | number)[]) | ((start?: number, end?: number) => (string | number)[])"
sourceMap-LineBreaks(target=es2015),4,"L:var endsWithlineSeparator = 10;  var endsWithParagraphSeparator = 10;  var endsWithNextLine = 1;var endsWithLineFeed = 1; || R:var endsWithlineSeparator = 10; "
sourceMapSample,34,"L:>foo : (greeting: string) => unresolved || R:>foo : (greeting: string) => Foo.Bar.Greeter"
sourceMapValidationDecorators(target=es2015),14,"L:>PropertyDecorator1 : (target: Object, key: string | symbol, descriptor?: PropertyDescriptor | undefined) => void || R:>PropertyDecorator1 : (target: Object, key: string | symbol, descriptor?: PropertyDescriptor) => void"
sourceMapValidationDestructuringForArrayBindingPattern(target=es2015),12,"L:>Robot : [number, string, string] || R:>Robot : Robot"
sourceMapValidationDestructuringForArrayBindingPattern2(target=es2015),12,"L:>Robot : [number, string, string] || R:>Robot : Robot"
sourceMapValidationDestructuringForArrayBindingPatternDefaultValues2(target=es2015),12,"L:>Robot : [number, string, string] || R:>Robot : Robot"
sourceMapValidationDestructuringForObjectBindingPattern,69,"L:>{name: nameA } : any || R:>name : any"
sourceMapValidationDestructuringForObjectBindingPattern2,254,"L:>{ name } : { name: any; } || R:>{ name } : { name: string; }"
sourceMapValidationDestructuringForObjectBindingPatternDefaultValues,24,"L:>skills : { primary?: string | undefined; secondary?: string | undefined; } || R:>skills : { primary?: string; secondary?: string; }"
sourceMapValidationDestructuringForObjectBindingPatternDefaultValues2,24,"L:>skills : { primary?: string | undefined; secondary?: string | undefined; } || R:>skills : { primary?: string; secondary?: string; }"
sourceMapValidationDestructuringForOfArrayBindingPattern(target=es2015),12,"L:>Robot : [number, string, string] || R:>Robot : Robot"
sourceMapValidationDestructuringForOfArrayBindingPattern2(target=es2015),12,"L:>Robot : [number, string, string] || R:>Robot : Robot"
sourceMapValidationDestructuringForOfArrayBindingPatternDefaultValues(target=es2015),12,"L:>Robot : [number, string, string] || R:>Robot : Robot"
sourceMapValidationDestructuringForOfArrayBindingPatternDefaultValues2(target=es2015),12,"L:>Robot : [number, string, string] || R:>Robot : Robot"
sourceMapValidationDestructuringForOfObjectBindingPattern(target=es2015),88,"L:>{name: nameA } : any || R:>name : any"
sourceMapValidationDestructuringForOfObjectBindingPattern2(target=es2015),223,"L:>{name } : { name: any; } || R:>{name } : { name: string; }"
sourceMapValidationDestructuringForOfObjectBindingPatternDefaultValues(target=es2015),24,"L:>skills : { primary?: string | undefined; secondary?: string | undefined; } || R:>skills : { primary?: string; secondary?: string; }"
sourceMapValidationDestructuringForOfObjectBindingPatternDefaultValues2(target=es2015),101,"L:>{name: nameA = 'noName' } : { name: string; } || R:>{name: nameA = 'noName' } : { name?: string; }"
sourceMapValidationDestructuringParameterNestedObjectBindingPattern,39,"L:>foo1 : (__0: Robot) => void || R:>foo1 : ({ skills: { primary: primaryA, secondary: secondaryA } }: Robot) => void"
sourceMapValidationDestructuringParameterNestedObjectBindingPatternDefaultValues,16,"L:>skills : { primary?: string | undefined; secondary?: string | undefined; } || R:>skills : { primary?: string; secondary?: string; }"
sourceMapValidationDestructuringParameterObjectBindingPattern,31,"L:>foo1 : (__0: Robot) => void || R:>foo1 : ({ name: nameA }: Robot) => void"
sourceMapValidationDestructuringParameterObjectBindingPatternDefaultValues,31,"L:>foo1 : (__0?: Robot) => void || R:>foo1 : ({ name: nameA }?: Robot) => void"
sourceMapValidationDestructuringParametertArrayBindingPattern(target=es2015),12,"L:>Robot : [number, string, string] || R:>Robot : Robot"
sourceMapValidationDestructuringParametertArrayBindingPattern2(target=es2015),12,"L:>Robot : [string, [string, string]] || R:>Robot : Robot"
sourceMapValidationDestructuringParametertArrayBindingPatternDefaultValues(target=es2015),12,"L:>Robot : [number, string, string] || R:>Robot : Robot"
sourceMapValidationDestructuringParametertArrayBindingPatternDefaultValues2(target=es2015),12,"L:>Robot : [string, string[]] || R:>Robot : Robot"
sourceMapValidationDestructuringVariableStatement,39,"L:>{ name: nameA } : any || R:>name : any"
sourceMapValidationDestructuringVariableStatement1,40,"L:>{ name: nameA } : any || R:>name : any"
sourceMapValidationDestructuringVariableStatementArrayBindingPattern(target=es2015),12,"L:>Robot : [number, string, string] || R:>Robot : Robot"
sourceMapValidationDestructuringVariableStatementArrayBindingPattern2(target=es2015),12,"L:>MultiSkilledRobot : [string, [string, string]] || R:>MultiSkilledRobot : MultiSkilledRobot"
sourceMapValidationDestructuringVariableStatementArrayBindingPattern3(target=es2015),12,"L:>Robot : [number, string, string] || R:>Robot : Robot"
sourceMapValidationDestructuringVariableStatementArrayBindingPattern4,6,"L:>x : number || R:>[1, 2] : [number, number]"
sourceMapValidationDestructuringVariableStatementArrayBindingPattern5,6,"L:>x : number || R:>[1, 2] : [number, number]"
sourceMapValidationDestructuringVariableStatementArrayBindingPattern6,5,"L:>[x = 20] : any || R:>x : number"
sourceMapValidationDestructuringVariableStatementArrayBindingPattern7,5,"L:>[x = 20, j] : any || R:>x : number"
sourceMapValidationDestructuringVariableStatementArrayBindingPatternDefaultValues(target=es2015),12,"L:>Robot : [number, string, string] || R:>Robot : Robot"
sourceMapValidationDestructuringVariableStatementArrayBindingPatternDefaultValues3(target=es2015),12,"L:>Robot : [number, string, string] || R:>Robot : Robot"
sourceMapValidationDestructuringVariableStatementDefaultValues,39,"L:>{ name: nameA = '<NoName>' } : any || R:>name : any"
sourceMapValidationDestructuringVariableStatementNestedObjectBindingPattern,51,"L:>{ skills: { primary: primaryA, secondary: secondaryA } } : any || R:>skills : any"
sourceMapValidationDestructuringVariableStatementNestedObjectBindingPatternWithDefaultValues,16,"L:>skills : { primary?: string | undefined; secondary?: string | undefined; } || R:>skills : { primary?: string; secondary?: string; }"
sourceMapValidationDestructuringVariableStatementObjectBindingPattern1,6,"L:>x : number || R:>{ x: 20 } : { x: number; }"
sourceMapValidationDestructuringVariableStatementObjectBindingPattern2,6,"L:>x : number || R:>{ x: 20 } : { x: number; }"
sourceMapValidationDestructuringVariableStatementObjectBindingPattern3,5,"L:>{x = 500} : any || R:>x : number"
sourceMapValidationDestructuringVariableStatementObjectBindingPattern4,5,"L:>{x = 500,     y} : any || R:>x : number"
sourceMapValidationEnums,14,"L:>x : 2 || R:>x : e.x"
sourceMapValidationFor,16,"L:>WScript : { Echo(s: any): void; StdErr: TextStreamWriter; StdOut: TextStreamWriter; Arguments: { length: number; Item(n: number): string; }; ScriptFullName: string; Quit(exitCode: number | undefined): number; BuildVersion: number; FullName: string; Interactive: boolean; Name: string; Path: string; ScriptName: string; StdIn: TextStreamReader; Version: string; ConnectObject(objEventSource: any, strPrefix: string): void; CreateObject(strProgID: string, strPrefix: string | undefined): any; DisconnectObject(obj: any): void; GetObject(strPathname: string, strProgID: string | undefined, strPrefix: string | undefined): any; Sleep(intTime: number): void; } || R:>WScript : { Echo(s: any): void; StdErr: TextStreamWriter; StdOut: TextStreamWriter; Arguments: { length: number; Item(n: number): string; }; ScriptFullName: string; Quit(exitCode?: number): number; BuildVersion: number; FullName: string; Interactive: boolean; Name: string; Path: string; ScriptName: string; StdIn: TextStreamReader; Version: string; ConnectObject(objEventSource: any, strPrefix: string): void; CreateObject(strProgID: string, strPrefix?: string): any; DisconnectObject(obj: any): void; GetObject(strPathname: string, strProgID?: string, strPrefix?: string): any; Sleep(intTime: number): void; }"
sourceMapValidationForIn,11,"L:>WScript : { Echo(s: any): void; StdErr: TextStreamWriter; StdOut: TextStreamWriter; Arguments: { length: number; Item(n: number): string; }; ScriptFullName: string; Quit(exitCode: number | undefined): number; BuildVersion: number; FullName: string; Interactive: boolean; Name: string; Path: string; ScriptName: string; StdIn: TextStreamReader; Version: string; ConnectObject(objEventSource: any, strPrefix: string): void; CreateObject(strProgID: string, strPrefix: string | undefined): any; DisconnectObject(obj: any): void; GetObject(strPathname: string, strProgID: string | undefined, strPrefix: string | undefined): any; Sleep(intTime: number): void; } || R:>WScript : { Echo(s: any): void; StdErr: TextStreamWriter; StdOut: TextStreamWriter; Arguments: { length: number; Item(n: number): string; }; ScriptFullName: string; Quit(exitCode?: number): number; BuildVersion: number; FullName: string; Interactive: boolean; Name: string; Path: string; ScriptName: string; StdIn: TextStreamReader; Version: string; ConnectObject(objEventSource: any, strPrefix: string): void; CreateObject(strProgID: string, strPrefix?: string): any; DisconnectObject(obj: any): void; GetObject(strPathname: string, strProgID?: string, strPrefix?: string): any; Sleep(intTime: number): void; }"
sourceMapValidationFunctions,20,"L:>greet2 : (greeting: string, n?: any, x?: string | undefined, ...restParams: string[]) => number || R:>greet2 : (greeting: string, n?: number, x?: string, ...restParams: string[]) => number"
sourceMapValidationImport,22,"L:>x : m.c || R:>x : a"
sourceMapValidationStatements,153,"L:>i = 2 : 2 || R:>i = 2 : any"
specedNoStackBlown,11,"L:>spected : <ROOTINPUT, SPEC extends SpecValue<ROOTINPUT, ROOTINPUT>>(spec: SPEC, input: ROOTINPUT) => Result<ROOTINPUT, SPEC> || R:>spected : <ROOTINPUT, SPEC extends SpecValue<ROOTINPUT, ROOTINPUT> = SpecValue<ROOTINPUT, ROOTINPUT>>(spec: SPEC, input: ROOTINPUT) => Result<ROOTINPUT, SPEC>"
specialIntersectionsInMappedTypes,7,"L:>Alignment : 'center' | 'left' | 'right' | string & {} || R:>Alignment : Alignment"
specializationError,6,"L:>then : { <U>(value: T): void; <TResult1, TResult2>(onfulfilled?: ((value: T) => TResult1 | PromiseLike<TResult1>) | null | undefined, onrejected?: ((reason: any) => TResult2 | PromiseLike<TResult2>) | null | undefined): Promise<TResult1 | TResult2>; } || R:>then : { <TResult1 = T, TResult2 = never>(onfulfilled?: ((value: T) => TResult1 | PromiseLike<TResult1>) | undefined | null, onrejected?: ((reason: any) => TResult2 | PromiseLike<TResult2>) | undefined | null): Promise<TResult1 | TResult2>; <U>(value: T): void; }"
specializedOverloadWithRestParameters,14,"L:>f : { (tagName: 'span', ...args: any[]): Derived1; (tagName: number, ...args: any[]): Base; } || R:>f : { (tagName: 'span', ...args: any[]): Derived1; (tagName: number, ...args: any[]): Base; }"
spellingSuggestionGlobal1,6,"L:>global : { x: any; } || R:>global : typeof global"
spellingSuggestionGlobal2,6,"L:>global : { x: any; } || R:>global : typeof global"
spellingSuggestionGlobal4,6,"L:>global : { x: any; } || R:>global : typeof global"
spliceTuples,11,"L:>k1 = [1, ...sb] : [number, ...[string, boolean]] || R:>k1 = [1, ...sb] : [number, string, boolean]"
spreadBooleanRespectsFreshness,5,"L:>Foo : (FooBase)[] | FooBase || R:>Foo : Foo"
spreadExpressionContainingObjectExpressionContextualType,7,"L:>{ value } : any || R:>value : string"
spreadExpressionContextualTypeWithNamespace,28,"L:>stuff : typeof import('spreadExpressionContextualTypeWithNamespace_0') || R:>stuff : typeof stuff"
spreadIdenticalTypesRemoved,22,"L:>clonePet : (pet: Animal, fullCopy?: boolean | undefined) => { name: string; kind: string; age: number; location: string; owner: object; } || R:>clonePet : (pet: Animal, fullCopy?: boolean) => { age?: number | undefined; location?: string | undefined; owner?: object | undefined; name: string; kind: string; }"
spreadIntersection,30,"L:>intersection : { a: number; } & { b: string; } || R:>c : boolean"
spreadInvalidArgumentType,25,"L:>mapped_generic : { [P in keyof T]: any; } || R:>mapped_generic : { [P in keyof T]: T[P]; }"
spreadObjectNoCircular1,19,"L:>foo : { content: any; } || R:>foo : { content: Foo | Box; }"
spreadObjectPermutations(exactoptionalpropertytypes=false),9,"L:>b : { x?: string | number | undefined; } || R:>b : { x?: string | number; }"
spreadObjectPermutations(exactoptionalpropertytypes=true),10,"L:>x : string | number || R:>x : string | number | undefined"
spreadObjectWithIndexDoesNotAddUndefinedToLocalIndex,11,"L:>{ ...m, ['a' + 'b']: '' } : { [k: string]: string; } || R:>{ ...m, ['a' + 'b']: '' } : { [x: string]: string; }"
spreadOfObjectLiteralAssignableToIndexSignature,14,"L:>recordOfRecords.propA = {...(foo !== undefined ? {foo} : {})} : { foo: any; } || R:>recordOfRecords.propA = {...(foo !== undefined ? {foo} : {})} : { foo?: Record<never, never> | undefined; }"
spreadParameterTupleType,5,"L:>f1 : () => (s: string, s: string) => void || R:>f1 : () => (s: string, s_1: string) => void"
spreadTupleAccessedByTypeParameter,5,"L:>test : <N extends number>(singletons: ['a'][], i: N) => never[] || R:>test : <N extends number>(singletons: ['a'][], i: N) => []"
spreadUnionPropOverride,21,"L:>find : (id: string) => Thing | undefined || R:>find : (id: string) => undefined | Thing"
spreadsAndContextualTupleTypes,5,"L:>fx1 : <T extends [string, string, string, 'a' | 'b']>(x: T) => T || R:>fx1 : <T extends [string, string, string, 'a' | 'b']>(x: T) => T"
spuriousCircularityOnTypeImport,20,"L:>value2 : { sliceSelectors: <FuncMap extends unknown>(selectorsBySlice: FuncMap) => { [P in keyof FuncMap]: any; }; } || R:>value2 : { sliceSelectors: <FuncMap extends import('./types').SelectorMap<FuncMap>>(selectorsBySlice: FuncMap) => { [P in keyof FuncMap]: Parameters<FuncMap[P]>; }; }"
spyComparisonChecking,43,"L:>createSpyObj : <T>(name: string, names: Array<keyof T>) => SpyObj<T> || R:>createSpyObj : <T_1>(name: string, names: Array<keyof T_1>) => SpyObj<T_1>"
stableTypeOrdering(stabletypeordering=false),34,"L:>mixedUnion : (x: string | number[] | { a: number }) => string | number[] | { a: number; } || R:>mixedUnion : (x: string | number[] | { a: number; }) => string | number[] | { a: number; }"
stableTypeOrdering(stabletypeordering=true),34,"L:>mixedUnion : (x: string | number[] | { a: number }) => string | number[] | { a: number; } || R:>mixedUnion : (x: string | number[] | { a: number; }) => string | number[] | { a: number; }"
stackDepthLimitCastingType,5,"L:>global : { Model: typeof Model; Collection: typeof Collection; } || R:>global : typeof global"
staticAnonymousTypeNotReferencingTypeParameter,24,"L:>outer(5) : outer<number> || R:>outer(5) : typeof Inner"
staticInstanceResolution3,3,"L:=== staticInstanceResolution3_0.ts === || R:=== staticInstanceResolution3_1.ts ==="
staticInstanceResolution5,3,"L:=== staticInstanceResolution5_0.ts === || R:=== staticInstanceResolution5_1.ts ==="
staticMemberWithStringAndNumberNames,12,"L:>0 : 0 || R:>0 : number"
staticPropSuper,23,"L:>super : A || R:>super : typeof A"
staticPrototypeProperty,8,"L:>prototype : C || R:>prototype : () => void"
staticVisibility2,17,"L:>sideLength : number || R:>sideLength : any"
statics,47,"L:>f : () => string || R:>f : (n: number) => string"
strictBestCommonSupertype,16,"L:>store : Store<T> || R:>store : Store<object>"
strictFunctionTypes1,66,"L:>x3 : string | 'def' || R:>x3 : 'abc' | 'def'"
strictFunctionTypesErrors,433,"L:>f1 : (cb: (x: Animal) => Animal) => void || R:>f1 : (x: Animal) => Animal"
strictModeEnumMemberNameReserved,15,"L:>x1 : E.static || R:>x1 : E"
strictModeInConstructor,24,"L:>super : A || R:>super : typeof A"
strictModeReservedWord,43,"L:>barn : (cb: (private, public, package) => void) => void || R:>barn : (cb: (private: any, public: any, package: any) => void) => void"
strictModeReservedWord2,15,"L:>package :  || R:>package : package"
strictModeReservedWordInDestructuring,9,"L:>public : number || R:>[1] : [number]"
strictModeUseContextualKeyword,32,"L:>as : number || R:>{ as: 1 } : { as: number; }"
strictNullEmptyDestructuring(target=es2015),13,"L:>({} = null) : null || R:>({} = null) : any"
strictNullLogicalAndOr,18,"L:>sinOrCos && Math.sin : (x: number) => number || R:>sinOrCos && Math.sin : false | ((x: number) => number)"
strictNullNotNullIndexTypeNoLib,49,"L:>{ foo = 42 } : any || R:>foo : number"
strictNullNotNullIndexTypeShouldWork,27,"L:>name : void || R:>name : string"
strictOptionalProperties1,7,"L:>a : string || R:>a : string | undefined"
strictOptionalProperties2,8,"L:>0 : 0 || R:>0 : string | undefined"
strictSubtypeAndNarrowing,97,"L:>isFunction : <T>(x: unknown) => boolean || R:>isFunction : <T>(x: unknown) => x is T"
strictTypeofUnionNarrowing,5,"L:>stringify1 : (anything: { toString(): string } | undefined) => string || R:>stringify1 : (anything: { toString(): string; } | undefined) => string"
stringIncludes,11,"L:>'abcde'.includes : (searchString: string, position?: number | undefined) => boolean || R:>'abcde'.includes : (searchString: string, position?: number) => boolean"
stringLiteralObjectLiteralDeclaration1,8,"L:>n : { 'foo bar': number; } || R:>n : { 'foo bar': number; }"
stringLiteralsErrors,7,"L:>'line 1 : ''line 1' || R:>'line 1 : 'line 1'"
stringMappingSpecialCasing,11,"L:>{	['i̇spanyol']: 'spanish',	['ος']: 'greek-final-sigma',} : { 'i̇spanyol': string; ος: string; } || R:>{	['i̇spanyol']: 'spanish',	['ος']: 'greek-final-sigma',} : { i̇spanyol: string; ος: string; }"
stringMatchAll,13,"L:>array : any[] || R:>array : RegExpExecArray[]"
stringPropCodeGen,28,"L:>a.bar.toString : (radix?: number | undefined) => string || R:>a.bar.toString : (radix?: number) => string"
stripMembersOptionality(exactoptionalpropertytypes=false),10,"L:>fn : (key: string) => string | null || R:>fn : ((key: string) => string | null) | undefined"
stripMembersOptionality(exactoptionalpropertytypes=true),10,"L:>fn : (key: string) => string | null || R:>fn : ((key: string) => string | null) | undefined"
stripMembersOptionality2(exactoptionalpropertytypes=false),7,"L:>WithObject1 : WithObject1 || R:>WithObject1 : Required<{ a?: string | undefined; }>"
stripMembersOptionality2(exactoptionalpropertytypes=true),7,"L:>WithObject1 : WithObject1 || R:>WithObject1 : Required<{ a?: string | undefined; }>"
subclassUint8Array,6,"L:>Uint8Array : Uint8Array<ArrayBuffer | SharedArrayBuffer> || R:>Uint8Array : Uint8Array<ArrayBuffer>"
subclassWithPolymorphicThisIsAssignable,20,"L:>this.test : <Z extends Document>() => void || R:>this.test : <Z_1 extends Document>() => void"
subpathImportDeclarationEmit,3,"L:=== /src/subpath.ts === || R:=== /src/main.ts ==="
substitutionTypesCompareCorrectlyInRestrictiveInstances,14,"L:>Q : 'a' | 'b' || R:>Q : Q"
substitutionTypesInIndexedAccessTypes,18,"L:>withBoundary : <T extends UserArgs>(args?: Subset<T, UserArgs> | undefined) => T || R:>withBoundary : <T extends UserArgs>(args?: Subset<T, UserArgs>) => T"
subtypeReductionUnionConstraints,13,"L:>children : any[] || R:>children : Node[]"
subtypeReductionWithAnyFunctionType,17,"L:>useMemo(() => {        if (alwaysTrue) {            return () => true;        }        return x => x.length > 0;    }) : (() => true) | ((x: string) => boolean) || R:>useMemo(() => {        if (alwaysTrue) {            return () => true;        }        return x => x.length > 0;    }) : (x: any) => boolean"
subtypeReductionWithAnyFunctionType_promoted,17,"L:>useMemo(() => {        if (alwaysTrue) {            return () => true;        }        return x => x.length > 0;    }) : (() => true) | ((x: string) => boolean) || R:>useMemo(() => {        if (alwaysTrue) {            return () => true;        }        return x => x.length > 0;    }) : (x: any) => boolean"
superAccess2,20,"L:> super : any || R:>super : any"
superAccessCastedCall,21,"L:>super : Foo || R:>super : typeof Foo"
superCallArgsMustMatch,27,"L:>super : T5<T> || R:>super : typeof T5"
superCallAssignResult,19,"L:>super : E || R:>super : typeof E"
superCallFromClassThatDerivesFromGenericType1,21,"L:>super : B<T> || R:>super : typeof B"
superCallFromClassThatDerivesFromGenericType2,18,"L:>super : B<T> || R:>super : typeof B"
superCallFromClassThatDerivesFromGenericTypeButWithIncorrectNumberOfTypeArguments1,20,"L:>super : A<T1, T2> || R:>super : any"
superCallFromClassThatDerivesFromGenericTypeButWithNoTypeArguments1,20,"L:>super : A<T1, T2> || R:>super : any"
superCallFromClassThatDerivesNonGenericTypeButWithTypeArguments1,20,"L:>super : A || R:>super : any"
superCallInNonStaticMethod,99,"L:>super : Doing || R:>super : typeof Doing"
superCallInStaticMethod,98,"L:>initializerInAStaticMethod : (a?: any) => void || R:>initializerInAStaticMethod : (a?: void) => void"
superCallInsideClassDeclaration,25,"L:>super : C || R:>super : typeof C"
superCallInsideObjectLiteralExpression,24,"L:>super : A || R:>super : typeof A"
superCallOutsideConstructor,18,"L:>super : C || R:>super : any"
superCallWithCommentEmit01,21,"L:>super : A || R:>super : typeof A"
superCallsInConstructor,35,"L:>super() : void || R:>super() : any"
superElementAccess,54,"L:>super['m1'].bind : (this: Function, thisArg: any, ...argArray: any[]) => any || R:>super['m1'].bind : { <T>(this: T, thisArg: ThisParameterType<T>): OmitThisParameter<T>; <T, A extends any[], B extends any[], R>(this: (this: T, ...args: [...A, ...B]) => R, thisArg: T, ...args: A): (...args: B) => R; }"
superErrors,10,"L:> super : any || R:>super : any"
superInConstructorParam1,21,"L:>super.foo() : number || R:>super.foo() : any"
superInLambdas(target=es2015),29,"L:>super : User || R:>super : typeof User"
superNewCall1,20,"L:>new super(value => String(value)) : any || R:>new super(value => String(value)) : void"
superPropertyAccess(target=es2015),54,"L:>super.m1.bind : (this: Function, thisArg: any, ...argArray: any[]) => any || R:>super.m1.bind : { <T>(this: T, thisArg: ThisParameterType<T>): OmitThisParameter<T>; <T, A extends any[], B extends any[], R>(this: (this: T, ...args: [...A, ...B]) => R, thisArg: T, ...args: A): (...args: B) => R; }"
superPropertyAccess1(target=es2015),43,"L:>super : C || R:>super : typeof C"
superPropertyAccess2(target=es2015),43,"L:>super : C || R:>super : typeof C"
superPropertyAccessInSuperCall01,22,"L:>super : A || R:>super : typeof A"
superPropertyAccess_ES5(target=es2015),23,"L:>super : MyBase || R:>super : typeof MyBase"
superPropertyAccess_ES6,23,"L:>super : MyBase || R:>super : typeof MyBase"
superPropertyElementNoUnusedLexicalThisCapture,15,"L:>super : A || R:>super : typeof A"
superWithGenericSpecialization,21,"L:>super : C<T> || R:>super : typeof C"
superWithGenerics,21,"L:>super : B<T> || R:>super : typeof B"
superWithTypeArgument,14,"L:>        super<T>() : any || R:        super<T>();"
superWithTypeArgument2,17,"L:>        super<T>(x) : any || R:"
superWithTypeArgument3,20,"L:>        super<T>() : any || R:        super<T>();"
super_inside-object-literal-getters-and-setters(target=es2015),71,"L:>test : { readonly F: any; } || R:>test : any"
switchCaseCircularRefeference,7,"L:>f : (x: {a: 'A', b} | {a: 'C', e}) => void || R:>f : (x: { a: 'A'; b: any; } | { a: 'C'; e: any; }) => void"
switchCaseNarrowsMatchingClausesEvenWhenNonMatchingClausesExist,5,"L:>narrowToLiterals : (str: string) => string || R:>narrowToLiterals : (str: string) => 'abc' | 'defaultValue'"
switchComparableCompatForBrands,12,"L:>test : (strInput: string & MyBrand) => 1 | 0 || R:>test : (strInput: string & MyBrand) => 0 | 1"
switchExhaustiveNarrowing,19,"L:>source?.type : 'client' | 'service' || R:>source?.type : 'client' | 'service' | undefined"
symbolLinkDeclarationEmitModuleNames,19,"L:>BindingKey.create<ControllerClass>(null as any) : any || R:>BindingKey.create<ControllerClass>(null as any) : BindingKey<ControllerClass>"
symbolLinkDeclarationEmitModuleNamesRootDir,3,"L:=== /monorepo/context/src/value-promise.d.ts === || R:=== /monorepo/core/src/application.ts ==="
symbolLinkDeclarationEmitModuleNamesRootDir_promoted,3,"L:=== /monorepo/context/src/value-promise.d.ts === || R:=== /monorepo/core/src/application.ts ==="
symbolObserverMismatchingPolyfillsWorkTogether,6,"L:>observer : symbol || R:>observer : unique symbol"
symbolToNodeBoundaryNoStackOverflow,37,"L:>() => {    const node = createNode();    return wrapNode<typeof node.getNextNode<any>>(node.getNextNode);} : () => () => CustomNode<<T>() => CustomNode<T>> || R:>() => {    const node = createNode();    return wrapNode<typeof node.getNextNode<any>>(node.getNextNode);} : () => () => CustomNode<any>"
symlinkedWorkspaceDependenciesNoDirectLinkGeneratesDeepNonrelativeName,19,"L:>create : () => Foo || R:>create : () => import('package-a/cls').Foo"
symlinkedWorkspaceDependenciesNoDirectLinkGeneratesNonrelativeName,19,"L:>pkg : typeof import('index') || R:>pkg : typeof pkg"
symlinkedWorkspaceDependenciesNoDirectLinkOptionalGeneratesNonrelativeName,19,"L:>pkg : typeof import('index') || R:>pkg : typeof pkg"
symlinkedWorkspaceDependenciesNoDirectLinkPeerGeneratesNonrelativeName,19,"L:>pkg : typeof import('index') || R:>pkg : typeof pkg"
syntheticProtectedProperties,14,"L:>Public : Dummy | Base || R:>Public : Public"
taggedPrimitiveNarrowing,5,"L:>Hash : string & { __hash: true; } || R:>Hash : Hash"
taggedTemplateNestedInvalidEscape,17,"L:>`\u` : '' || R:>`\u` : '\\u'"
taggedTemplateStringsWithCurriedFunction(target=es2015),19,"L:>...{ x: 0 } : any || R:>{ x: 0 } : { x: number; }"
taggedTemplateStringsWithMultilineTemplate,12,"L:>`\` : ' || R:>`\` : '\n\n'"
taggedTemplateStringsWithMultilineTemplateES6,12,"L:>`\` : ' || R:>`\` : '\n\n'"
taggedTemplateStringsWithWhitespaceEscapes,12,"L:>`\t\n\v\f\r\\` : '	 || R:>`\t\n\v\f\r\\` : '\t\n\v\f\r\\'"
taggedTemplateStringsWithWhitespaceEscapesES6,12,"L:>`\t\n\v\f\r\\` : '	 || R:>`\t\n\v\f\r\\` : '\t\n\v\f\r\\'"
taggedTemplateWithoutDeclaredHelper(target=es2015),13,"L:>result : T || R:>result : TemplateStringsArray"
taggedTemplatesInModuleAndGlobal(target=es2015),16,"L:>templateObjectFactory : () => T || R:>templateObjectFactory : () => TemplateStringsArray"
taggedTemplatesWithIncompleteNoSubstitutionTemplate1,15,"L:>`123qdawdrqw : '`123qdawdrqw' || R:>`123qdawdrqw : '123qdawdrqw'"
taggedTemplatesWithIncompleteNoSubstitutionTemplate2,15,"L:>` : '`' || R:>` : ''"
tailRecursiveConditionalTypes,26,"L:>T20 : 'A' || R:>T20 : '0' | '1' | '2' | '3' | '4' | '5' | '6' | '7' | '8' | '9' | 'A' | 'B' | 'C' | 'D' | 'E' | 'F' | 'G' | 'H' | 'I' | 'J' | 'K' | 'L' | 'M' | 'N' | 'O' | 'P' | 'Q' | 'R' | 'S' | 'T' | 'U' | 'V' | 'W' | 'X' | 'Y' | 'Z' | 'a' | 'b' | 'c' | 'd' | 'e' | 'f' | 'g' | 'h' | 'i' | 'j' | 'k' | 'l' | 'm' | 'n' | 'o' | 'p' | 'q' | 'r' | 's' | 't' | 'u' | 'v' | 'w' | 'x' | 'y' | 'z'"
targetTypeArgs,36,"L:>['hello'].every : { <S extends string>(predicate: (value: string, index: number, array: string[]) => boolean, thisArg?: any): boolean; (predicate: (value: string, index: number, array: string[]) => unknown, thisArg?: any): boolean; } || R:>['hello'].every : { <S extends string>(predicate: (value: string, index: number, array: string[]) => value is S, thisArg?: any): this is S[]; (predicate: (value: string, index: number, array: string[]) => unknown, thisArg?: any): boolean; }"
targetTypeTest1,75,"L:>origin : string || R:>origin : Point"
targetTypeVoidFunc,5,"L:>f1 : () => new () => number || R:>f1 : () => { new (): number; }"
templateExpressionAsPossiblyDiscriminantValue,29,"L:>ClickableDiscriminatedUnion : BiomeButtonProps | BiomePlainLinkProps || R:>ClickableDiscriminatedUnion : ClickableDiscriminatedUnion"
templateExpressionNoInlininingOfConstantBindingWithInitializer,16,"L:>{ value = '123' } : any || R:>value : string | number"
templateLiteralEscapeSequence,10,"L:>`\u` : '' || R:>`\u` : '\\u'"
templateLiteralIntersection,14,"L:>MixA : 'a' & { foo: string; } || R:>MixA : MixA"
templateLiteralIntersection2,5,"L:>Path : string & { _pathBrand: any; } || R:>Path : Path"
templateLiteralIntersection3,5,"L:>Path : string & { _pathBrand: any; } || R:>Path : Path"
templateLiteralIntersection4,27,"L:>{ Provider, useUsername, useAge, useStore } : any || R:>Provider : unknown"
templateLiteralTypeTooComplex,6,"L:>N : 0 | 1 | 2 | 3 || R:>N : N"
temporal,27,"L:>Temporal.Instant.from : (item: InstantLike) => Temporal.Instant || R:>Temporal.Instant.from : (item: Temporal.InstantLike) => Temporal.Instant"
thisBinding2,45,"L:>x : number || R:>x : any"
thisConditionalOnMethodReturnOfGenericInstance,8,"L:>unmeasurableUsage : { [K in keyof T]: any; } || R:>unmeasurableUsage : { [K in keyof T]-?: T[K]; }"
thisExpressionInCallExpressionWithTypeArguments,9,"L:>[1,2,3].map<any,any>((x) => { return this; }) : this[] || R:>[1,2,3].map<any,any>((x) => { return this; }) : any[]"
thisInConstructorParameter2,21,"L:>(p = this) => this : (p?: any) => this || R:>(p = this) => this : (p?: this) => this"
thisInFunctionCall,27,"L:>this.data.find : { <S extends number>(predicate: (value: number, index: number, obj: number[]) => boolean, thisArg?: any): S | undefined; (predicate: (value: number, index: number, obj: number[]) => unknown, thisArg?: any): number | undefined; } || R:>this.data.find : { <S extends number>(predicate: (value: number, index: number, obj: number[]) => value is S, thisArg?: any): S | undefined; (predicate: (value: number, index: number, obj: number[]) => unknown, thisArg?: any): number | undefined; }"
thisInGenericStaticMembers,24,"L:>this.one : <T>(source: T, value: number) => T || R:>this.one : <T_1>(source: T_1, value: number) => T_1"
thisInPropertyBoundDeclarations,83,"L:>prop4 : { a: () => {}; } || R:>prop4 : { a: () => any; }"
thisInSuperCall,18,"L:>super : Base || R:>super : typeof Base"
thisInSuperCall1,20,"L:>super : Base || R:>super : typeof Base"
thisInSuperCall2,21,"L:>super : Base || R:>super : typeof Base"
thisInSuperCall3,22,"L:>super : Base || R:>super : typeof Base"
thisInTupleTypeParameterConstraints,16,"L:>map : { <U>(arg: this): void; <U>(callbackfn: (value: T, index: number, array: T[]) => U, thisArg?: any): U[]; } || R:>map : { <U_1>(callbackfn: (value: T, index: number, array: T[]) => U_1, thisArg?: any): U_1[]; <U>(arg: this): void; }"
thisInTypeQuery,7,"L:>assert : (condition: unknown) => void || R:>assert : (condition: unknown) => asserts condition"
thisIndexOnExistingReadonlyFieldIsNotNever,20,"L:>AnchorType : Component<P, S> || R:>AnchorType : AnchorType<P>"
thisPredicateInObjectLiteral,6,"L:>foo2 : { isNumber(): boolean; } || R:>foo2 : { isNumber(): this is { b: string; }; }"
this_inside-enum-should-not-be-allowed,5,"L:>TopLevelEnum :  || R:>TopLevelEnum : TopLevelEnum"
thislessFunctionsNotContextSensitive1,7,"L:>TestConfig : <TConfig extends { a?: any; b?: any; c?: any; }>(config: TConfig, test: keyof Omit<TConfig, 'a' | 'b'> extends never ? true : false) => void || R:>TestConfig : <const TConfig extends { a?: any; b?: any; c?: any; }>(config: TConfig, test: keyof Omit<TConfig, 'a' | 'b'> extends never ? true : false) => void"
thislessFunctionsNotContextSensitive2,27,"L:>result1 : [{ tag: string; value: number; }, any] || R:>result1 : [{ tag: string; value: number; }, number]"
thislessFunctionsNotContextSensitive3,19,"L:>ParentConfig : ParentConfig<T> || R:>ParentConfig : Partial<{ [P in keyof T]: Required<T>[P] extends (...args: any) => any ? (...args: Parameters<Required<T>[P]>) => ReturnType<Required<T>[P]> : T[P]; }>"
throwWithoutNewLine2,7,"L:a; || R:<EOF>"
toStringOnPrimitives,17,"L:>aBool : boolean || R:>aBool : false"
tooFewArgumentsInGenericFunctionTypedArgument,20,"L:>map : { <T, U, V>(c: Collection<T, U>, f: (x: T, y: U) => V): Collection<T, V>; <T, U>(c: Collection<T, U>, f: (x: T, y: U) => any): Collection<any, any>; } || R:>map : { <T, U, V>(c: Collection<T, U>, f: (x: T, y: U) => V): Collection<T, V>; <T_1, U_1>(c: Collection<T_1, U_1>, f: (x: T_1, y: U_1) => any): Collection<any, any>; }"
tooManyTypeParameters1,23,"L:>c : C<unknown> || R:>c : C<Date>"
topLevel,99,"L:>origin : string || R:>origin : Point"
topLevelAwaitReparseWithTypedef,20,"L:>Foo : Foo || R: * @property {string} name"
topLevelLambda,12,"L:>window : never || R:>window : any"
topLevelLambda2,11,"L:>()=>this.window : () => never || R:>()=>this.window : () => Window & typeof globalThis"
topLevelLambda3,7,"L:>this.window : never || R:>this.window : Window & typeof globalThis"
topLevelLambda4,5,"L:>x : () => never || R:>x : () => any"
trackedSymbolsNoCrash,608,"L:>Node : Node0 | Node1 | Node10 | Node11 | Node12 | Node13 | Node14 | Node15 | Node16 | Node17 | Node18 | Node19 | Node2 | Node20 | Node21 | Node22 | Node23 | Node24 | Node25 | Node26 | Node27 | Node28 | Node29 | Node3 | Node30 | Node31 | Node32 | Node33 | Node34 | Node35 | Node36 | Node37 | Node38 | Node39 | Node4 | Node40 | Node41 | Node42 | Node43 | Node44 | Node45 | Node46 | Node47 | Node48 | Node49 | Node5 | Node50 | Node51 | Node52 | Node53 | Node54 | Node55 | Node56 | Node57 | Node58 | Node59 | Node6 | Node60 | Node61 | Node62 | Node63 | Node64 | Node65 | Node66 | Node67 | Node68 | Node69 | Node7 | Node70 | Node71 | Node72 | Node73 | Node74 | Node75 | Node76 | Node77 | Node78 | Node79 | Node8 | Node80 | Node81 | Node82 | Node83 | Node84 | Node85 | Node86 | Node87 | Node88 | Node89 | Node9 | Node90 | Node91 | Node92 | Node93 | Node94 | Node95 | Node96 | Node97 | Node98 | Node99 || R:>Node : Node"
trailingCommasES5(target=es2015),52,"L:>a5 : any[] || R:>a5 : number[]"
transformNestedGeneratorsWithTry(target=es2015),6,"L:>Bluebird : typeof import('bluebird') || R:>Bluebird : { all<T>(values: Iterable<T | PromiseLike<T>>): Promise<Awaited<T>[]>; all<T extends readonly unknown[] | []>(values: T): Promise<{ -readonly [P in keyof T]: Awaited<T[P]>; }>; race<T>(values: Iterable<T | PromiseLike<T>>): Promise<Awaited<T>>; race<T extends readonly unknown[] | []>(values: T): Promise<Awaited<T[number]>>; prototype: Promise<any>; reject<T = never>(reason?: any): Promise<T>; resolve(): Promise<void>; resolve<T>(value: T): Promise<Awaited<T>>; resolve<T>(value: T | PromiseLike<T>): Promise<Awaited<T>>; [Symbol.species]: PromiseConstructor; default: PromiseConstructor; }"
transformParenthesizesConditionalSubexpression(target=es2015),9,"L:>a : { p: { [x: string]: string; } | null; } || R:>a : { p: { [K]: string; } | null; }"
tripleSlashReferenceAbsoluteWindowsPath,3,"L:=== C:\a\b\c.ts === || R:=== C:/a/b/d.ts ==="
trivialSubtypeReductionNoStructuralCheck(target=es2015),11,"L:>steps : WizardStepProps || R:>steps : any"
trivialSubtypeReductionNoStructuralCheck2(target=es2015),15,"L:>{      wizard: this as Wizard,      ...props,    } : { wizard: Wizard | undefined; } || R:>{      wizard: this as Wizard,      ...props,    } : { wizard: Wizard; }"
truthinessCallExpressionCoercion,5,"L:>onlyErrorsWhenTestingNonNullableFunctionType : (required: () => boolean, optional?: (() => boolean) | undefined) => void || R:>onlyErrorsWhenTestingNonNullableFunctionType : (required: () => boolean, optional?: () => boolean) => void"
truthinessCallExpressionCoercion1,5,"L:>onlyErrorsWhenTestingNonNullableFunctionType : (required: () => boolean, optional?: (() => boolean) | undefined) => void || R:>onlyErrorsWhenTestingNonNullableFunctionType : (required: () => boolean, optional?: () => boolean) => void"
truthinessCallExpressionCoercion2,19,"L:>test : (required1: () => boolean, required2: () => boolean, b: boolean, optional?: (() => boolean) | undefined) => void || R:>test : (required1: () => boolean, required2: () => boolean, b: boolean, optional?: () => boolean) => void"
truthinessPromiseCoercion,24,"L:>!!p : boolean || R:>!!p : true"
tryCatchFinallyControlFlow,7,"L:>f1 : () => number | undefined || R:>f1 : () => number"
tslibMissingHelper,16,"L:<EOF> || R:=== /node_modules/tslib/tslib.d.ts ==="
tslibMultipleMissingHelper,17,"L:>spread : (__0: { a: number; b: number; }) => { b: number; c: string; } || R:>spread : ({ a, ...rest }: { a: number; b: number; }) => { b: number; c: string; }"
tslibNotFoundDifferentModules,16,"L:<EOF> || R:=== /package1/node_modules/tslib/tslib.d.ts ==="
tslibReExportHelpers2,5,"L:>__classPrivateFieldGet : { <T extends object, V>(receiver: T, state: { has(o: T): boolean; get(o: T): V | undefined; }, kind?: 'f' | undefined): V; <T extends new (...args: any[]) => unknown, V>(receiver: T, state: T, kind: 'f', f: { value: V; }): V; } || R:>__classPrivateFieldGet : { <T extends object, V>(receiver: T, state: { has(o: T): boolean; get(o: T): V | undefined; }, kind?: 'f'): V; <T_1 extends new (...args: any[]) => unknown, V_1>(receiver: T_1, state: T_1, kind: 'f', f: { value: V_1; }): V_1; }"
tsxAttributeQuickinfoTypesSameAsObjectLiteral,16,"L:>Foo : (props: { foo: 'A' | 'B' | 'C'; }) => any || R:>Foo : (props: { foo: 'A' | 'B' | 'C'; }) => JSX.Element"
tsxAttributesHasInferrableIndex,5,"L:>AttributeValue : string | number | boolean | Date || R:>AttributeValue : AttributeValue"
tsxDeepAttributeAssignabilityError,4,"L:/// <reference path='/.lib/react.d.ts' /> || R:/// <reference path='react.d.ts' />"
tsxDiscriminantPropertyInference,34,"L:>Props : DiscriminatorFalse | DiscriminatorTrue || R:>Props : Props"
tsxInferenceShouldNotYieldAnyOnUnions,23,"L:>ShouldInferFromData : <T>(props: Props<T>) => Element || R:>ShouldInferFromData : <T>(props: Props<T>) => JSX.Element"
tsxResolveExternalModuleExportsTypes,3,"L:=== /node_modules/@types/a/index.d.ts === || R:=== foo.tsx ==="
tsxSpreadDoesNotReportExcessProps,4,"L:/// <reference path='/.lib/react16.d.ts' /> || R:/// <reference path='react16.d.ts' />"
tsxTypeArgumentPartialDefinitionStillErrors,7,"L:>render : () => string | false | Element || R:>render : () => Element | string | false"
tsxUnionMemberChecksFilterDataProps,4,"L:/// <reference path='/.lib/react16.d.ts' /> || R:/// <reference path='react16.d.ts' />"
tsxUnionSpread,18,"L:>AnimalInfo : CatInfo | DogInfo || R:>AnimalInfo : AnimalInfo"
tupleTypeInference,9,"L:>all : { <T1, T2, T3>(x: [IPromise<T1>, IPromise<T2>, IPromise<T3>]): IPromise<[T1, T2, T3]>; <T1, T2>(x: [IPromise<T1>, IPromise<T2>]): IPromise<[T1, T2]>; <T1>(x: [IPromise<T1>]): IPromise<[T1]>; } || R:>all : { <T1, T2, T3>(x: [IPromise<T1>, IPromise<T2>, IPromise<T3>]): IPromise<[T1, T2, T3]>; <T1_1, T2_1>(x: [IPromise<T1_1>, IPromise<T2_1>]): IPromise<[T1_1, T2_1]>; <T1_1>(x: [IPromise<T1_1>]): IPromise<[T1_1]>; }"
tupleTypeInference2,18,"L:>'' : '' || R:>undefined : undefined"
tupleTypes,174,"L: || R:>undefined : undefined"
twiceNestedKeyofIndexInference,19,"L:>set : { <T, K1 extends keyof T>(source: T, path: [K1], value: T[K1]): Set1<T, K1>; <T, K1 extends keyof T, K2 extends keyof T[K1]>(source: T, path: [K1, K2], value: T[K1][K2]): Set2<T, K1, K2>; } || R:>set : { <T, K1 extends keyof T>(source: T, path: [K1], value: T[K1]): Set1<T, K1>; <T_1, K1_1 extends keyof T_1, K2 extends keyof T_1[K1_1]>(source: T_1, path: [K1_1, K2], value: T_1[K1_1][K2]): Set2<T_1, K1_1, K2>; }"
typeAliasDoesntMakeModuleInstantiated,7,"L:>Selector : string | string[] | Function || R:>Selector : Selector"
typeAliasExport,8,"L:  export var a; || R:>undefined : undefined"
typeAliasFunctionTypeSharedSymbol,7,"L:>Mixin : <TBase extends new (...args: any[]) => {}>(Base: TBase) => typeof (Anonymous class) || R:>Mixin : <TBase extends { new (...args: any[]): {}; }>(Base: TBase) => { new (...args: any[]): (Anonymous class); prototype: Mixin.(Anonymous class); } & TBase"
typeArgInference,6,"L:>f : <T, U>(a1: { a: T; b: U }[], a2: { a: T; b: U }[]) => { c: T; d: U; } || R:>f : <T, U>(a1: { a: T; b: U; }[], a2: { a: T; b: U; }[]) => { c: T; d: U; }"
typeArgInference2,10,"L:>foo : <T extends Item>(x?: T | undefined, y?: T | undefined) => T || R:>foo : <T extends Item>(x?: T, y?: T) => T"
typeArgInference2WithError,10,"L:>foo : <T extends Item>(x?: T | undefined, y?: T | undefined) => T || R:>foo : <T extends Item>(x?: T, y?: T) => T"
typeArgInferenceWithNull,38,"L:>y => { } : (y: { x: any; }) => void || R:>y => { } : (y: { x: string; }) => void"
typeArgumentArityErrorSkipsTrivia,9,"L:>f<   string, number>('a') : 'a' || R:>f<   string, number>('a') : string"
typeArgumentConstraintResolution1,5,"L:>foo1 : { <T extends Date>(test: T): any; <T extends Number>(test: string): any; } || R:>foo1 : { <T extends Date>(test: T): any; <T_1 extends Number>(test: string): any; }"
typeArgumentDefaultUsesConstraintOnCircularDefault,9,"L:>zz : Test<T> || R:>zz : Test<any>"
typeArgumentInferenceWithRecursivelyReferencedTypeAliasToTypeLiteral01,22,"L:>n => n.name : (n: { name: string; parent: ...; }) => string || R:>n => n.name : (n: TreeNode) => string"
typeArgumentInferenceWithRecursivelyReferencedTypeAliasToTypeLiteral02,32,"L:>n => n.name : (n: { name: string; parent: { name: string; parent: ...; }; }) => string || R:>n => n.name : (n: TreeNodeMiddleman) => string"
typeCheckObjectCreationExpressionWithUndefinedCallResolutionData,3,"L:=== file1.ts === || R:=== file2.ts ==="
typeCheckTypeArgument,5,"L:>f : <T extends unknown>() => void || R:>f : <T extends UNKNOWN>() => void"
typeGuardConstructorClassAndNumber,23,"L:>var1 : number | C1 || R:>var1 : C1"
typeGuardConstructorDerivedClass,31,"L:>var1 : string | C2 || R:>var1 : never"
typeGuardConstructorNarrowPrimitivesInUnion,6,"L:>var1 : number | 'hello' | 'world' | false | true | string[] | number[] || R:>var1 : number | 'hello' | 'world' | boolean | string[] | number[]"
typeGuardConstructorPrimitiveTypes,6,"L:>var1 : string | number | bigint | boolean | symbol | any[] || R:>var1 : string | number | bigint | symbol | boolean | any[]"
typeGuardNarrowByMutableUntypedField,5,"L:>hasOwnProperty : <P extends PropertyKey>(target: {}, property: P) => boolean || R:>hasOwnProperty : <P extends PropertyKey>(target: {}, property: P) => target is { [K in P]: unknown; }"
typeGuardNarrowByUntypedField,5,"L:>hasOwnProperty : <P extends PropertyKey>(target: {}, property: P) => boolean || R:>hasOwnProperty : <P extends PropertyKey>(target: {}, property: P) => target is { readonly [K in P]: unknown; }"
typeGuardNarrowsIndexedAccessOfKnownProperty1,33,"L:>Shape : Circle | Rectangle | Square || R:>Shape : Shape"
typeGuardNarrowsIndexedAccessOfKnownProperty10,26,"L:>bar : { [id: string]: number; } || R:>bar : any"
typeGuardNarrowsIndexedAccessOfKnownProperty11,10,"L:>m : { 0: string | null; 1: string | null; } || R:>m : { [E.A]: string | null; [E.B]: string | null; }"
typeGuardNarrowsIndexedAccessOfKnownProperty12,17,"L:>m : { A: string | null; B: string | null; } || R:>m : { [E.A]: string | null; [E.B]: string | null; }"
typeGuardNarrowsIndexedAccessOfKnownProperty2,5,"L:>foo : { key?: number | undefined; } || R:>foo : { key?: number; }"
typeGuardNarrowsIndexedAccessOfKnownProperty3,5,"L:>Foo : (number | undefined)[] | undefined || R:>Foo : Foo"
typeGuardNarrowsIndexedAccessOfKnownProperty4,33,"L:>this[key] : number | undefined || R:>this[key] : number"
typeGuardNarrowsIndexedAccessOfKnownProperty5,5,"L:>a : { key?: { x?: number | undefined; } | undefined; } || R:>a : { key?: { x?: number; }; }"
typeGuardNarrowsIndexedAccessOfKnownProperty6,8,"L:>a : { key?: { x?: number | undefined; } | undefined; } || R:>a : { key?: { x?: number; }; }"
typeGuardNarrowsIndexedAccessOfKnownProperty8,3,"L:=== ./a.ts === || R:=== a.ts ==="
typeGuardNarrowsIndexedAccessOfKnownProperty9,24,"L:>getValue : (key: 'a' | 'b') => any || R:>getValue : (key: 'a' | 'b') => string"
typeGuardOnContainerTypeNoHang,8,"L:>IsObject : (value: any) => boolean || R:>IsObject : (value: any) => value is { [index: string]: any; }"
typeInferenceCacheInvalidation,29,"L:>(foo, bar) => ({    t: () => {        let s: string = bar;    }}) : (foo: number, bar: unknown) => { t: () => void; } || R:>(foo, bar) => ({    t: () => {        let s: string = bar;    }}) : (foo: number, bar: string) => { t: () => void; }"
typeInferenceConflictingCandidates,12,"L:>g('', 3, a => a) : string || R:>g('', 3, a => a) : ''"
typeInferenceFBoundedTypeParams,71,"L:>['', ''] : string[] || R:>['', ''] : [string, string]"
typeInferenceFixEarly,10,"L:>f(n => 3) : number || R:>f(n => 3) : unknown"
typeInferenceLiteralUnion,9,"L:>Primitive : string | number | boolean | Date || R:>Primitive : Primitive"
typeInferenceTypePredicate,6,"L:>predicate : (x: {}) => boolean || R:>predicate : (x: {}) => x is T"
typeInferenceTypePredicate2,8,"L:>[true, true, false, null]    .filter : { <S extends boolean | null>(predicate: (value: boolean | null, index: number, array: (boolean | null)[]) => boolean, thisArg?: any): S[]; (predicate: (value: boolean | null, index: number, array: (boolean | null)[]) => unknown, thisArg?: any): (boolean | null)[]; } || R:>[true, true, false, null]    .filter : { <S extends boolean | null>(predicate: (value: boolean | null, index: number, array: (boolean | null)[]) => value is S, thisArg?: any): S[]; (predicate: (value: boolean | null, index: number, array: (boolean | null)[]) => unknown, thisArg?: any): (boolean | null)[]; }"
typeInferenceWithExcessPropertiesJsx,4,"L:/// <reference path='/.lib/react16.d.ts' /> || R:/// <reference path='react16.d.ts' />"
typeInterfaceDeclarationsInBlockStatements1,36,"L:>'' as s : unresolved || R:>'' as s : s"
typeLiteralCallback,19,"L:>fail2 : (func: (arg: T) => void) => void || R:>fail2 : (func: { (arg: T): void; }) => void"
typeMatch1,11,"L:>x1 : { z: number; f: { (n: number): string; (s: string): number; }; } || R:>x1 : { z: number; f(n: number): string; f(s: string): number; }"
typeName1,19,"L:>x1 : { f: { (s: string): number; (n: number): string; }; } || R:>x1 : { f(s: string): number; f(n: number): string; }"
typeNamedUndefined1,26,"L:>x : (p: ns.undefined) => unique symbol || R:>x : (p: ns.undefined) => symbol"
typeNamedUndefined2,30,"L:>x : (p: ns.undefined.undefined) => unique symbol || R:>x : (p: ns.undefined.undefined) => symbol"
typeOfOnTypeArg,6,"L:>{ '': 3 } : any || R:>{ '': 3 } : { '': number; }"
typeOfSuperCall,16,"L:>super : C || R:>super : typeof C"
typeOfYieldWithUnionInContextualReturnType,13,"L:>SequenceFactory : (AsyncSequenceFactory) | (SyncSequenceFactory) || R:>SequenceFactory : SequenceFactory"
typeParameterAndArgumentOfSameName1,11,"L:>A.toExponential : (fractionDigits?: number | undefined) => string || R:>A.toExponential : (fractionDigits?: number) => string"
typeParameterConstraints1,25,"L:>foo6 : <T extends unknown>(test: T) => void || R:>foo6 : <T extends hm>(test: T) => void"
typeParameterDiamond3,11,"L:>diamondBottom : <Bottom extends T | Top | U>() => void || R:>diamondBottom : <Bottom extends Top | T | U>() => void"
typeParameterDiamond4,11,"L:>diamondBottom : <Bottom extends T | Top | U>() => void || R:>diamondBottom : <Bottom extends Top | T | U>() => void"
typeParameterExplicitlyExtendsAny,72,"L:>children : any[] || R:>children : Tree<T>[]"
typeParameterExtendingUnion1,26,"L:>run : (a: Animal) => void || R:>run : () => void"
typeParameterExtendingUnion2,24,"L:>a.run : () => void || R:>a.run : (() => void) | (() => void)"
typeParameterExtendsPrimitive,12,"L:>v : {} || R:>v : { [x: number]: number; }"
typeParameterFixingWithConstraints,26,"L:>foo : IFoo || R:>foo : <TBar extends IBar>(bar: TBar, bar1: (bar: TBar) => TBar, bar2: (bar: TBar) => TBar) => TBar"
typeParameterFixingWithContextSensitiveArguments,31,"L:>x => x.a : (x: B) => A || R:>x => x.a : (x: A) => A"
typeParameterFixingWithContextSensitiveArguments5,29,"L:>d : [A, B] || R:>d : [any, B]"
typeParameterLeak,10,"L:>BoxTypes : Box<{ x: string; }> | Box<{ y: string; }> || R:>BoxTypes : BoxTypes"
typeParametersInStaticMethods,8,"L:>M : (x: (x: T) => { x: { y: T } }) => void || R:>M : (x: (x: T) => { x: { y: T; }; }) => void"
typePartameterConstraintInstantiatedWithDefaultWhenCheckingDefault,42,"L:>test1 : Test1<number, Identity<V>> || R:>test1 : Test1<number, Identity<number>>"
typePredicateAcceptingPartialOfRefinedType,8,"L:>testy : string || R:>testy : string | undefined"
typePredicateFreshLiteralWidening,5,"L:>Narrowable : string | number | bigint | boolean || R:>Narrowable : Narrowable"
typePredicateInLoop,17,"L:>guard : (arg: Type) => boolean || R:>guard : (arg: Type) => arg is TypeExt"
typePredicateInherit,6,"L:>method1 : () => boolean || R:>method1 : () => this is { a: 1; }"
typePredicateParameterMismatch,16,"L:>UnionType : TypeA | TypeB || R:>UnionType : UnionType"
typePredicateStructuralMatch,7,"L:>getResults1([]) : Result[] || R:>getResults1([]) : Results"
typePredicateTopLevelTypeParameter,20,"L:>admins : (string | undefined)[] || R:>admins : ('admin' | undefined)[]"
typePredicateWithThisParameter,16,"L:>isFoo1 : (object: {}) => boolean || R:>isFoo1 : (object: {}) => object is Foo"
typePredicatesCanNarrowByDiscriminant,6,"L:>fruit : { kind: 'apple'; } | { kind: 'banana'; } | { kind: 'cherry'; } || R:>fruit : { kind: 'apple'; } | { kind: 'banana'; } | { kind: 'cherry'; }"
typePredicatesInUnion,6,"L:>pred : (x: {}) => boolean || R:>pred : (x: {}) => x is boolean"
typePredicatesInUnion2,5,"L:>isString : (x: any) => boolean || R:>isString : (x: any) => x is string"
typePredicatesInUnion3,33,"L:>p : (P1) | (P2) || R:>p : P1 | P2"
typePredicatesInUnion_noMatch,6,"L:>pred : (x: {}, y: {}) => boolean || R:>pred : (x: {}, y: {}) => x is boolean"
typePredicatesOptionalChaining1,8,"L:>y : { z?: string | undefined; } | undefined || R:>y : { z?: string; } | undefined"
typePredicatesOptionalChaining2,17,"L:>person?.name : string || R:>person?.name : string | undefined"
typePredicatesOptionalChaining3,14,"L:>isNil : (value: unknown) => boolean || R:>isNil : (value: unknown) => value is undefined | null"
typeReferenceDirectiveScopedPackageCustomTypeRoot,3,"L:=== /types/@scoped/typescache/index.d.ts === || R:=== /a.ts ==="
typeReferenceDirectiveWithTypeAsFile,3,"L:=== /node_modules/phaser/types/phaser.d.ts === || R:=== /a.ts ==="
typeReferenceDirectives1,3,"L:=== /types/lib/index.d.ts === || R:=== /app.ts ==="
typeReferenceDirectives10,3,"L:=== /ref.d.ts === || R:=== /app.ts ==="
typeReferenceDirectives13,3,"L:=== /ref.d.ts === || R:=== /app.ts ==="
typeReferenceDirectives2,3,"L:=== /types/lib/index.d.ts === || R:=== /app.ts ==="
typeReferenceDirectives3,3,"L:=== /ref.d.ts === || R:=== /app.ts ==="
typeReferenceDirectives4,3,"L:=== /ref.d.ts === || R:=== /app.ts ==="
typeReferenceDirectives5,3,"L:=== /ref.d.ts === || R:=== /app.ts ==="
typeReferenceDirectives6,3,"L:=== /ref.d.ts === || R:=== /app.ts ==="
typeReferenceDirectives7,3,"L:=== /types/lib/index.d.ts === || R:=== /app.ts ==="
typeReferenceDirectives8,3,"L:=== /types/lib/index.d.ts === || R:=== /mod2.ts ==="
typeReferenceDirectives9,3,"L:=== /types/lib/index.d.ts === || R:=== /mod2.ts ==="
typeRootsFromMultipleNodeModulesDirectories,3,"L:=== /node_modules/@types/dopey/index.d.ts === || R:=== /foo/bar/a.ts ==="
typeRootsFromNodeModulesInParentDirectory,3,"L:=== /node_modules/@types/foo/index.d.ts === || R:=== /src/a.ts ==="
typeUsedAsTypeLiteralIndex,5,"L:>K : string | number || R:>K : K"
typeUsedAsValueError2,3,"L:=== helloInterface.ts === || R:=== world.ts ==="
typeVal,19,"L:>I : I || R:>I : number"
typeVariableConstraintIntersections,8,"L:>T01 : T01<K> || R:>T01 : never"
typeVariableConstraintedToAliasNotAssignableToUnion,12,"L:>Table : TableClass<S> || R:>Table : Table"
typeVariableTypeGuards,21,"L:>this.props.foo && this.props.foo() : any || R:>this.props.foo && this.props.foo() : void | undefined"
typedArrays,5,"L:>CreateTypedArrayTypes : () => (Float32ArrayConstructor | Float64ArrayConstructor | Int16ArrayConstructor | Int32ArrayConstructor | Int8ArrayConstructor | Uint16ArrayConstructor | Uint32ArrayConstructor | Uint8ArrayConstructor | Uint8ClampedArrayConstructor)[] || R:>CreateTypedArrayTypes : () => any[]"
typeofAmbientExternalModules,3,"L:=== typeofAmbientExternalModules_0.ts === || R:=== typeofAmbientExternalModules_2.ts ==="
typeofEnum,21,"L:>e1 : typeof E || R:>e1 : E.e1"
typeofExternalModules,3,"L:=== typeofExternalModules_external.ts === || R:=== typeofExternalModules_core.ts ==="
typeofImportInstantiationExpression,17,"L:>myFunction : <T, U extends Record<string, any>>(arg: Arg<T, U>) => U || R:>myFunction : <T = any, U extends Record<string, any> = Record<string, any>>(arg: Arg<T, U>) => U"
typeofInObjectLiteralType,5,"L:>a : { b: number; c: any; } || R:>a : { b: number; c: typeof b; }"
typeofInternalModules,29,"L:>x1 : typeof Outer.instantiated.C || R:>x1 : typeof importInst.C"
typeofObjectInference,9,"L:>decorateA : <O extends unknown>(fn: (first: {value: typeof val}) => O) => () => O || R:>decorateA : <O extends unknown>(fn: (first: { value: typeof val; }) => O) => () => O"
typeofStripsFreshness,36,"L:>Both : 'all' | 'another' || R:>Both : Both"
typeofThisInMethodSignature,14,"L:>a : (x: number) => void || R:>a : (x: typeof this.x) => void"
typeofUsedBeforeBlockScoped,5,"L:>T : typeof C & number & { n: number; } || R:>T : T"
umdGlobalAugmentationNoCrash,5,"L:>global : { React: typeof import('module'); } || R:>global : typeof global"
umdGlobalConflict,19,"L:>v1 : typeof import('index') || R:>v1 : typeof v1"
umdNamespaceMergedWithGlobalAugmentationIsNotCircular,5,"L:>global : { React: typeof React; } || R:>global : typeof global"
unaryOperatorsInStrictMode,9,"L:>eval : (x: string) => any || R:>eval : any"
uncalledFunctionChecksInConditional,73,"L:>x || isFoo : boolean | (() => boolean) || R:>x || isFoo : true | (() => boolean)"
uncalledFunctionChecksInConditional2,8,"L:>window : never || R:>window : Window & typeof globalThis"
uncalledFunctionChecksInConditionalPerf,8,"L:>((((((((((((((((((((((((((b) && b) && b) && b) && b) && b) && b) && b) && b) && b) && b) && b) && b) && b) && b) && b) && b) && b) && b) && b) && b) && b) && b) && b) && b) && b) : true || R:>((((((((((((((((((((((((((b) && b) && b) && b) && b) && b) && b) && b) && b) && b) && b) && b) && b) && b) && b) && b) && b) && b) && b) && b) && b) && b) && b) && b) && b) && b) : boolean"
uncaughtCompilerError1,11,"L:>f : () => { appendText: string; advanceCount: number; } | { appendText: string; advanceCount: number; } || R:>f : () => { appendText: string; advanceCount: number; }"
uncaughtCompilerError2,12,"L:>toString : () => string || R:>toString : any"
undeclaredModuleError,16,"L:>results : { name: string; stat: any; }[] || R:>results : { name: string; stat: fs.Stats; }[]"
undefinedArgumentInference,20,"L:>y : undefined || R:>undefined : undefined"
undefinedAsDiscriminantWithUnknown(strictnullchecks=false),5,"L:>S : { type: 'string'; value: string; } | { type: 'number'; value: number; } | { type: 'unknown'; value: unknown; } | { value: undefined; } || R:>S : S"
undefinedAsDiscriminantWithUnknown(strictnullchecks=true),5,"L:>S : { type: 'string'; value: string; } | { type: 'number'; value: number; } | { type: 'unknown'; value: unknown; } | { value: undefined; } || R:>S : S"
undefinedTypeArgument1,5,"L:>cats : unresolved[] || R:>cats : WAWA[]"
undefinedTypeArgument2,7,"L:>selectMany : { <U>(selector: (item: T) => U[]): Query<U>; <U>(arraySelector: (item: T) => U[], resultSelector: (outer: T, inner: U) => unresolved): Query<unresolved>; } || R:>selectMany : { <U>(selector: (item: T) => U[]): Query<U>; <U_1>(arraySelector: (item: T) => U_1[], resultSelector: (outer: T, inner: U_1) => R): Query<R>; }"
undefinedTypeAssignment1,8,"L:>p : (undefined?: any) => undefined || R:>p : (undefined?: string) => string"
undefinedTypeAssignment2,5,"L:>undefined : undefined || R:>undefined : any"
underscoreMapFirst,93,"L:>_.pluck : <T extends {}>(list: Collection<T>, propertyName: string) => any[] || R:>_.pluck : <T extends {}>(list: _.Collection<T>, propertyName: string) => any[]"
underscoreTest1,3,"L:=== underscoreTest1_underscore.ts === || R:=== underscoreTest1_underscoreTests.ts ==="
underscoreThisInDerivedClass01,42,"L:>super : C || R:>super : typeof C"
underscoreThisInDerivedClass02,26,"L:>super : C || R:>super : typeof C"
unicodeEscapesInNames01(target=es2015),236,"L:>this : this || R:>this.#\u0078 : number"
unicodeEscapesInNames01(target=esnext),236,"L:>this : this || R:>this.#\u0078 : number"
unicodeEscapesInNames02(target=es2015),74,"L:>\uD800 : string || R:> : string"
unicodeEscapesInNames03(target=es2015),89,"L:>foo : { x: any; } || R:>foo : { x: number; }"
unicodeEscapesInNames03(target=esnext),89,"L:>foo : { x: any; } || R:>foo : { x: number; }"
unicodeLineSeparatorInMultilineComment,4,"L:/* a b */ const x = 1; || R:/* a"
unicodeStringLiteral,6,"L:>'Ü­ਲĭ' : 'Ü­ਲĭ' || R:>'Ü­ਲĭ' : 'Ü­ਲ\u000Eĭ'"
unionCallMixedTypeParameterPresence,23,"L:>e.f((e) => e) : any || R:>e.f((e) => e) : Err<2> | Err<0 | 1 | 2>"
unionErrorMessageOnMatchingDiscriminant,39,"L:>Union : A | B | C || R:>Union : Union"
unionExcessPropsWithPartialMember,27,"L:>ab = {...a, y: (null as any as string | undefined)} : { unused?: string | undefined; x: string; y: string | undefined; } || R:>ab = {...a, y: (null as any as string | undefined)} : { unused?: string; x: string; y: string | undefined; }"
unionOfArraysFilterCall,21,"L:>([] as Fizz[] | Buzz[]).filter(item => item.id < 5) : any || R:>([] as Fizz[] | Buzz[]).filter(item => item.id < 5) : (Buzz | Fizz)[]"
unionOfClassCalls,54,"L:>arr.map((a: number | string, index: number) => {     return index}) : any || R:>arr.map((a: number | string, index: number) => {     return index}) : number[]"
unionOfEnumInference,23,"L:>x : Interface<Enum.A | Enum.B> | Interface<Enum.C> || R:>x : Interface<Enum.C> | Interface<Enum.A | Enum.B>"
unionOfFunctionAndSignatureIsCallable,34,"L:>typeof fetcherParams === 'function'        ? fetcherParams()        : fetcherParams : any || R:>typeof fetcherParams === 'function'        ? fetcherParams()        : fetcherParams : error"
unionPropertyExistence,35,"L:>AB : A | B || R:>AB : AB"
unionPropertyOfProtectedAndIntersectionProperty,36,"L:>_4 : number || R:>_4 : any"
unionReductionMutualSubtypes,20,"L:>run : (options: { something?(b: string | undefined): void; }) => void || R:>run : (options: { something?(b?: string): void; }) => void"
unionReductionWithStringMappingAndIdenticalBaseTypeExistsNoCrash,90,"L:>global : {} || R:>global : any"
unionSignaturesWithThisParameter,7,"L:>x : <T>(ctor: { || R:>x : <T>(ctor: { (this: {}, v: T): void; new (v: T): void; } | { (v: T): void; new (v: T): void; }, t: T) => void"
unionTypeParameterInference,20,"L:>lift : <U>(value: U | Foo<U>) => Foo<U> || R:>lift : <U_1>(value: U_1 | Foo<U_1>) => Foo<U_1>"
unionTypeWithIndexAndMethodSignature,19,"L:>{    m(x) { },} : { m(x: any): void; } || R:>{    m(x) { },} : { m(x: number): void; }"
unionTypeWithIndexAndTuple,18,"L:>['a'] : [string] || R:>['a'] : ['a']"
unionTypeWithIndexedLiteralType,15,"L:>{ x: 'lit' } : { x: string; } || R:>{ x: 'lit' } : { x: 'lit'; }"
unionTypeWithLeadingOperator,8,"L:>B : { type: 'INCREMENT'; } | { type: 'DECREMENT'; } || R:>B : B"
unionTypeWithRecursiveSubtypeReduction1,15,"L:>members : any[] || R:>members : (Class | Property)[]"
unionTypeWithRecursiveSubtypeReduction2,15,"L:>members : any[] || R:>members : (Class | Property)[]"
unionTypeWithRecursiveSubtypeReduction3,5,"L:>a27 : { prop: number; } | { prop: ...; } || R:>a27 : { prop: number; } | { prop: T27; }"
unionWithIndexSignature,21,"L:>arr : T & NumList | StrList || R:>arr : T & (NumList | StrList)"
uniqueSymbolAllowsIndexInObjectWithIndexSignature,22,"L:>{[SYM]: 'sym'} : { [x: symbol]: 'sym'; } || R:>{[SYM]: 'sym'} : { [SYM]: 'sym'; }"
uniqueSymbolAssignmentOnGlobalAugmentationSuceeds,11,"L:>global : {} || R:>global : any"
unknownLikeUnionObjectFlagsNotPropagated,7,"L:>MyType : {} | null | undefined || R:>MyType : MyType"
unknownSymbolInGenericReturnType,10,"L:>func : (v: T) => unresolved || R:>func : (v: T) => A"
unknownSymbols1,9,"L:>y : unresolved || R:>y : asdf"
unknownSymbols2,8,"L:>x : unresolved || R:>x : asdf"
unknownTypeErrors,5,"L:>foo : unresolved || R:>foo : Unknown"
unparenthesizedConstructorTypeInUnionOrIntersection,5,"L:>U1 : string | (new () => void) || R:>U1 : U1"
unparenthesizedFunctionTypeInUnionOrIntersection,5,"L:>U1 : string | (() => void) || R:>U1 : U1"
unreachableDeclarations(preserveconstenums=false),16,"L:>EnumA.Value : EnumA.Value || R:>EnumA.Value : EnumA"
unreachableDeclarations(preserveconstenums=true),16,"L:>EnumA.Value : EnumA.Value || R:>EnumA.Value : EnumA"
unreachableFlowAfterFinally,5,"L:>f : () => number | undefined || R:>f : () => number"
unreachableFlowAfterThrowingForHead1(allowunreachablecode=false),13,"L:>(function* () { throw '2'; })() : Generator<never, void, unknown> || R:>(function* () { throw '2'; })() : Generator<never, never, unknown>"
unreachableFlowAfterThrowingForHead1(allowunreachablecode=true),13,"L:>(function* () { throw '2'; })() : Generator<never, void, unknown> || R:>(function* () { throw '2'; })() : Generator<never, never, unknown>"
unresolvableSelfReferencingAwaitedUnion,31,"L:>await param : any || R:>await param : 1 | T1[]"
unresolvedTypeAssertionSymbol,9,"L:>y : unresolved || R:>y : asdf"
unspecializedConstraints,95,"L:>thisProp : typeof Property || R:>thisProp : Property"
unterminatedStringLiteralWithBackslash1,5,"L:>'\ : ''\' || R:>'\ : ''"
untypedModuleImport_withAugmentation2,3,"L:=== /node_modules/augmenter/index.d.ts === || R:=== /a.ts ==="
unusedDestructuring,9,"L:>{ a, b } : any || R:>a : any"
unusedDestructuringParameters,5,"L:>f : (__0: any) => void || R:>f : ([a]: [any]) => void"
unusedImportDeclaration,3,"L:=== unusedImportDeclaration_testerB.ts === || R:=== unusedImportDeclaration_testerA.ts ==="
unusedImportWithSpread,19,"L:>({    // @ts-ignore    ...b1,    a}) : any || R:>({    // @ts-ignore    ...b1,    a}) : error"
unusedImports11,3,"L:=== b.ts === || R:=== a.ts ==="
unusedImports12,3,"L:=== b.ts === || R:=== a.ts ==="
unusedImports13,28,"L:>global : {} || R:>global : any"
unusedImports14,28,"L:>global : {} || R:>global : any"
unusedImports15,28,"L:>global : {} || R:>global : any"
unusedImports16,28,"L:>global : {} || R:>global : any"
unusedImports7,23,"L:>n : typeof import('file1') || R:>n : typeof n"
unusedImports8,24,"L:>calc : typeof Calculator || R:>calc : typeof calc"
unusedImports9,3,"L:=== file1.ts === || R:=== file2.ts ==="
unusedImports_entireImportDeclaration,16,"L:>d1 : number || R:>d1 : 0"
unusedInvalidTypeArguments,11,"L:>Z : number || R:>Z : any"
unusedLocalProperty,20,"L:>{ species } : any || R:>species : string"
unusedLocalsAndObjectSpread,22,"L:>{a, ...bar} : any || R:>a : number"
unusedLocalsAndObjectSpread2,8,"L:>{    children, // here!    active: _a, // here!  ...rest} : any || R:    children, // here!"
unusedLocalsAndParametersTypeAliases,31,"L:>handler5 : (handler4) | (() => number) || R:>handler5 : handler5"
unusedLocalsAndParametersTypeAliases2,13,"L:>handler2 : handler2 || R:>handler2 : () => void"
unusedLocalsInForInOrOf1,99,"L:>{ x } : any || R:>x : number"
unusedLocalsInMethod4,262,"L:>x.toString : (radix?: number | undefined) => string || R:>x.toString : (radix?: number) => string"
unusedLocalsStartingWithUnderscore,5,"L:>_ : typeof import('a') || R:>_ : typeof _"
unusedParameterUsedInTypeOf(target=es2015),5,"L:>f1 : (a: number, b: number) => number || R:>f1 : (a: number, b: typeof a) => number"
unusedParametersWithUnderscore,17,"L:>f2 : (__0: any) => void || R:>f2 : ({ _a, __b }: { __b: any; _a: any; }) => void"
unusedPrivateMembers(target=es2015),70,"L:>x : Test3 || R:>x : number"
unusedTypeParametersCheckedByNoUnusedParameters,8,"L:>T : T<T> || R:>T : globalThis.T<T>"
unusedTypeParametersNotCheckedByNoUnusedLocals,8,"L:>T : T<T> || R:>T : globalThis.T<T>"
unusedVariablesWithUnderscoreInBindingElement,8,"L:>[_a1, b1] : any || R:>_a1 : number"
unusedVariablesWithUnderscoreInForOfLoop,8,"L:>[_a, b] : any || R:>_a : string | number"
unwitnessedTypeParameterVariance,8,"L:>read : (origin: O) => CalcObj<O> || R:>read : (origin: O) => CalcValue<O>"
useBeforeDeclaration_destructuring,8,"L:>{a, b = a} : any || R:>a : string"
useBeforeDeclaration_jsx,14,"L:>C.z : () => any || R:>C.z : () => JSX.Element"
useUnknownInCatchVariables01,52,"L:>e.stack?.toUpperCase() : string || R:>e.stack?.toUpperCase() : string | undefined"
usingModuleWithExportImportInValuePosition,38,"L:>a : string || R:>a : typeof A"
validUseOfThisInSuper,18,"L:>super : Base || R:>super : typeof Base"
valueOfTypedArray,6,"L:>typedArray0 : Int8Array<ArrayBuffer | SharedArrayBuffer> || R:>typedArray0 : Int8Array<ArrayBufferLike>"
varArgParamTypeCheck,5,"L:>sequence : (...sequences: {():void;}[]) => void || R:>sequence : (...sequences: { (): void; }[]) => void"
vardecl,69,"L:>c : { new?(): any; } || R:>c : { 'new'?(): any; }"
variableDeclaratorResolvedDuringContextualTyping,100,"L:>then : { <U>(success?: (value: V) => TPromise<U>, error?: (err: any) => TPromise<U>, progress?: ProgressCallback): TPromise<U>; <U>(success?: (value: V) => TPromise<U>, error?: (err: any) => U, progress?: ProgressCallback): TPromise<U>; <U>(success?: (value: V) => U, error?: (err: any) => TPromise<U>, progress?: ProgressCallback): TPromise<U>; <U>(success?: (value: V) => U, error?: (err: any) => U, progress?: ProgressCallback): TPromise<U>; } || R:>then : { <U>(success?: (value: V) => TPromise<U>, error?: (err: any) => TPromise<U>, progress?: ProgressCallback): TPromise<U>; <U_1>(success?: (value: V) => TPromise<U_1>, error?: (err: any) => U_1, progress?: ProgressCallback): TPromise<U_1>; <U_1>(success?: (value: V) => U_1, error?: (err: any) => TPromise<U_1>, progress?: ProgressCallback): TPromise<U_1>; <U_1>(success?: (value: V) => U_1, error?: (err: any) => U_1, progress?: ProgressCallback): TPromise<U_1>; }"
varianceComputationNoCrash,5,"L:>Whitespace : '	' | ' || R:>Whitespace : Whitespace"
varianceMeasurement,67,"L:>f30 : Foo3<(arg: string) => void> || R:>f30 : Foo3<string>"
varianceProblingAndZeroOrderIndexSignatureRelationsAlign,25,"L:>map : <B>(f: (a: A) => B) => any || R:>map : <B>(f: (a: A) => B) => Either<L, B>"
varianceProblingAndZeroOrderIndexSignatureRelationsAlign2,25,"L:>map : <B>(f: (a: A) => B) => any || R:>map : <B>(f: (a: A) => B) => Either<L, B>"
varianceReferences,8,"L:>VarianceConstrainedNumber : VarianceConstrainedNumber<Value> || R:>VarianceConstrainedNumber : Value"
varianceRepeatedlyPropegatesWithUnreliableFlag,13,"L:>X : { [K in keyof T]: any; } & Record<string, void>[keyof T] || R:>X : X<T>"
verbatim-declarations-parameters,5,"L:>Map : {} & { [P in string]: any; } || R:>Map : { [x: string]: any; }"
visibilityOfCrossModuleTypeUsage,3,"L:=== visibilityOfCrossModuleTypeUsage_commands.ts === || R:=== visibilityOfCrossModuleTypeUsage_fs.ts ==="
voidAsNonAmbiguousReturnType,3,"L:=== voidAsNonAmbiguousReturnType_0.ts === || R:=== voidAsNonAmbiguousReturnType_1.ts ==="
voidAsOperator,6,"L:>!void 0 : boolean || R:>!void 0 : true"
voidFunctionAssignmentCompat,25,"L:>execAny : (callback: (val:any)=>any) => any || R:>execAny : (callback: (val: any) => any) => any"
voidIsInitialized,27,"L:>y : void || R:>y : never"
voidOperator1,15,"L:>z : undefined || R:>z : any"
voidReturnIndexUnionInference,31,"L:>onFoo : (value: string) => boolean || R:>onFoo : ((value: string) => boolean) | undefined"
voidReturnLambdaValue,5,"L:>foo : (arg1: any, arg2: any, callback: (v1,v2,v3) => void) => void || R:>foo : (arg1: any, arg2: any, callback: (v1: any, v2: any, v3: any) => void) => void"
voidUndefinedReduction,7,"L:>isDefined : <T>(value: T | undefined | null | void) => boolean || R:>isDefined : <T>(value: T | undefined | null | void) => value is T"
vueLikeDataAndPropsInference,11,"L:>this : typeof globalThis || R:>this : Readonly<Props> & Instance"
vueLikeDataAndPropsInference2,11,"L:>this : typeof globalThis || R:>this : Readonly<Props> & Instance"
weakType,9,"L:>onError : () => void || R:>onError : (() => void) | undefined"
weakTypeAndPrimitiveNarrowing,5,"L:>LiteralsAndWeakTypes : 'A' | 'B' | { optional?: true | undefined; } | { toLowerCase?(): string; } | { toUpperCase?(): string; otherOptionalProp?: number | undefined; } || R:>LiteralsAndWeakTypes : LiteralsAndWeakTypes"
webworkerIterable,21,"L:>element.length : number || R:>element.length : 2"
widenToAny1,18,"L:>y : string || R:>undefined : undefined"
widenToAny2,15,"L:>'def' : 'def' || R:>undefined : undefined"
widenedThisPropertyAssignment,23,"L:>this.stuffs = { ...stuffs, ...this.stuffs } : any || R:>this.stuffs = { ...stuffs, ...this.stuffs } : { constructor: Function; toString(): string; toLocaleString(): string; valueOf(): Object; hasOwnProperty(v: PropertyKey): boolean; isPrototypeOf(v: Object): boolean; propertyIsEnumerable(v: PropertyKey): boolean; }"
widenedTypes,41,"L:>x : undefined || R:>x : any"
widenedTypes1,17,"L:>[{x: null}] : { x: any; }[] || R:>[{x: null}] : { x: null; }[]"
wideningWithTopLevelTypeParameter,43,"L:>c1 : [7] || R:>c1 : [number]"
withStatement,25,"L:>bing = true : true || R:>bing = true : any"
withStatementErrors,25,"L:>bing = true : true || R:>bing = true : any"
withStatementNestedScope,12,"L:>f : (a: number) => number || R:>f : any"
yieldExpression1,5,"L:>a : () => Generator<number | undefined, void, unknown> || R:>a : () => Generator<0 | undefined, void, unknown>"
yieldExpressionInFlowLoop,5,"L:>f : () => Generator<any, void, unknown> || R:>f : () => Generator<any, void, any>"
yieldStarContextualType,11,"L:>x1 : never || R:>x1 : unknown"
