测试用例文件路径,原结果,rust 结果,rust 当前处理方式,配置
_submodules/TypeScript/tests/cases/compiler/allowSyntheticDefaultImports9.ts,"b.d.ts(1,17): error TS7010: 'foo', which lacks return-type annotation, implicitly has an 'any' return type.
b.d.ts(3,17): error TS7010: 'bar', which lacks return-type annotation, implicitly has an 'any' return type.",,,default
_submodules/TypeScript/tests/cases/compiler/argumentsSpreadRestIterables.tsx,,"argumentsSpreadRestIterables.tsx(3,12): error TS7019: Rest parameter 'rest' implicitly has an 'any[]' type.
argumentsSpreadRestIterables.tsx(4,12): error TS7006: Parameter 'a' implicitly has an 'any' type.
argumentsSpreadRestIterables.tsx(4,15): error TS7019: Rest parameter 'rest' implicitly has an 'any[]' type.
argumentsSpreadRestIterables.tsx(5,12): error TS7006: Parameter 'a' implicitly has an 'any' type.
argumentsSpreadRestIterables.tsx(5,15): error TS7019: Rest parameter 'rest' implicitly has an 'any[]' type.
",,target=esnext
_submodules/TypeScript/tests/cases/compiler/arrayDestructuringInSwitch1.ts,,"arrayDestructuringInSwitch1.ts(9,32): error TS7006: Parameter 'child' implicitly has an 'any' type.
",,default
_submodules/TypeScript/tests/cases/compiler/arrayFind.ts,,"arrayFind.ts(7,7): error TS2322: Type 'string | undefined' is not assignable to type 'number | undefined'.
  Type 'string' is not assignable to type 'number | undefined'.
arrayFind.ts(10,7): error TS2322: Type 'string | undefined' is not assignable to type 'number | undefined'.
  Type 'string' is not assignable to type 'number | undefined'.
",,default
_submodules/TypeScript/tests/cases/compiler/arrayFromAsync.ts,,"arrayFromAsync.ts(28,40): error TS2345: Argument of type 'void' is not assignable to parameter of type 'AsyncIterable<unknown> | Iterable<unknown | PromiseLike<unknown>> | ArrayLike<unknown | PromiseLike<unknown>>'.
arrayFromAsync.ts(29,40): error TS2345: Argument of type 'void' is not assignable to parameter of type 'AsyncIterable<unknown> | Iterable<unknown | PromiseLike<unknown>> | ArrayLike<unknown | PromiseLike<unknown>>'.
arrayFromAsync.ts(35,39): error TS2345: Argument of type 'void' is not assignable to parameter of type 'AsyncIterable<unknown> | Iterable<unknown> | ArrayLike<unknown>'.
arrayFromAsync.ts(35,57): error TS2362: The left-hand side of an arithmetic operation must be of type 'any', 'number', 'bigint' or an enum type.
arrayFromAsync.ts(36,71): error TS2362: The left-hand side of an arithmetic operation must be of type 'any', 'number', 'bigint' or an enum type.
arrayFromAsync.ts(37,55): error TS2362: The left-hand side of an arithmetic operation must be of type 'any', 'number', 'bigint' or an enum type.
",,default
_submodules/TypeScript/tests/cases/compiler/arrayIterationLibES5TargetDifferent.ts,"error TS5053: Option 'lib' cannot be specified with option 'noLib'.
error TS2318: Cannot find global type 'Array'.
error TS2318: Cannot find global type 'Boolean'.
error TS2318: Cannot find global type 'CallableFunction'.
error TS2318: Cannot find global type 'Function'.
error TS2318: Cannot find global type 'IArguments'.
error TS2318: Cannot find global type 'NewableFunction'.
error TS2318: Cannot find global type 'Number'.
error TS2318: Cannot find global type 'Object'.
error TS2318: Cannot find global type 'RegExp'.
error TS2318: Cannot find global type 'String'.


!!! error TS5053: Option 'lib' cannot be specified with option 'noLib'.
!!! error TS2318: Cannot find global type 'Array'.
!!! error TS2318: Cannot find global type 'Boolean'.
!!! error TS2318: Cannot find global type 'CallableFunction'.
!!! error TS2318: Cannot find global type 'Function'.
!!! error TS2318: Cannot find global type 'IArguments'.
!!! error TS2318: Cannot find global type 'NewableFunction'.
!!! error TS2318: Cannot find global type 'Number'.
!!! error TS2318: Cannot find global type 'Object'.
!!! error TS2318: Cannot find global type 'RegExp'.
!!! error TS2318: Cannot find global type 'String'.",,已修复：TS5053 lib/noLib 冲突诊断 + checker 初始化 TS2318 缺失全局类型上报 + 诊断桶排序（program 桶先于 checker 桶）,"nolib=true,target=es2015"
_submodules/TypeScript/tests/cases/compiler/arrayIterationLibES5TargetDifferent.ts,"error TS5053: Option 'lib' cannot be specified with option 'noLib'.
error TS2318: Cannot find global type 'Array'.
error TS2318: Cannot find global type 'Boolean'.
error TS2318: Cannot find global type 'CallableFunction'.
error TS2318: Cannot find global type 'Function'.
error TS2318: Cannot find global type 'IArguments'.
error TS2318: Cannot find global type 'NewableFunction'.
error TS2318: Cannot find global type 'Number'.
error TS2318: Cannot find global type 'Object'.
error TS2318: Cannot find global type 'RegExp'.
error TS2318: Cannot find global type 'String'.


!!! error TS5053: Option 'lib' cannot be specified with option 'noLib'.
!!! error TS2318: Cannot find global type 'Array'.
!!! error TS2318: Cannot find global type 'Boolean'.
!!! error TS2318: Cannot find global type 'CallableFunction'.
!!! error TS2318: Cannot find global type 'Function'.
!!! error TS2318: Cannot find global type 'IArguments'.
!!! error TS2318: Cannot find global type 'NewableFunction'.
!!! error TS2318: Cannot find global type 'Number'.
!!! error TS2318: Cannot find global type 'Object'.
!!! error TS2318: Cannot find global type 'RegExp'.
!!! error TS2318: Cannot find global type 'String'.",,已修复：同上（nolib 族）,"nolib=true,target=esnext"
_submodules/TypeScript/tests/cases/compiler/arrayToLocaleStringES2020.ts,,"arrayToLocaleStringES2020.ts(15,8): error TS2352: Conversion of type '(number | Date)[]' to type 'ReadonlyArray<number | Date>' may be a mistake because neither type sufficiently overlaps with the other. If this was intentional, convert the expression to 'unknown' first.
",,default
_submodules/TypeScript/tests/cases/compiler/arrowFunctionParsingGenericInObject.ts,,"arrowFunctionParsingGenericInObject.ts(7,58): error TS2322: Type 'T' is not assignable to type 'Promise<T>'.
arrowFunctionParsingGenericInObject.ts(17,46): error TS2322: Type 'T' is not assignable to type 'Promise<T>'.
arrowFunctionParsingGenericInObject.ts(28,58): error TS2322: Type 'T' is not assignable to type 'Promise<T>'.
arrowFunctionParsingGenericInObject.ts(38,58): error TS2322: Type 'T' is not assignable to type 'Promise<T>'.
",,default
_submodules/TypeScript/tests/cases/compiler/assertionFunctionsCanNarrowByDiscriminant.ts,,"assertionFunctionsCanNarrowByDiscriminant.ts(18,8): error TS2339: Property 'canMeow' does not exist on type 'Cat | Dog'.
assertionFunctionsCanNarrowByDiscriminant.ts(23,1): error TS18048: 'animalOrUndef' is possibly 'undefined'.
assertionFunctionsCanNarrowByDiscriminant.ts(23,15): error TS2339: Property 'canMeow' does not exist on type 'Cat | Dog'.
",,default
_submodules/TypeScript/tests/cases/compiler/assignmentCompatability10.ts,,"assignmentCompatability10.ts(9,1): error TS2322: Type 'interfaceWithPublicAndOptional<number, string>' is not assignable to type 'classWithPublicAndOptional<number, string>'.
  Types of property 'two' are incompatible.
    Type 'string | undefined' is not assignable to type 'string'.
      Type 'undefined' is not assignable to type 'string'.
",,default
_submodules/TypeScript/tests/cases/compiler/assignmentCompatability8.ts,,"assignmentCompatability8.ts(6,134): error TS2345: Argument of type '1' is not assignable to parameter of type 'T'.
  'T' could be instantiated with an arbitrary type which could be unrelated to '1'.
",,default
_submodules/TypeScript/tests/cases/compiler/asyncFunctionContextuallyTypedReturns.ts,,"asyncFunctionContextuallyTypedReturns.ts(11,13): error TS7006: Parameter 'abc' implicitly has an 'any' type.
asyncFunctionContextuallyTypedReturns.ts(12,19): error TS7006: Parameter 'def' implicitly has an 'any' type.
asyncFunctionContextuallyTypedReturns.ts(19,10): error TS7006: Parameter 'a' implicitly has an 'any' type.
asyncFunctionContextuallyTypedReturns.ts(28,10): error TS7006: Parameter 'a' implicitly has an 'any' type.
",,default
_submodules/TypeScript/tests/cases/compiler/asyncFunctionReturnType.ts,,"asyncFunctionReturnType.ts(22,5): error TS2322: Type 'Promise<T extends object & { then: (onfulfilled: F, args: _) => any; } ? F extends (value: V, args: _) => any ? V extends null | undefined ? T : T extends object & { then: (onfulfilled: F, args: _) => any; } ? ... : T : never : T>' is not assignable to type 'string'.
asyncFunctionReturnType.ts(26,5): error TS2322: Type 'Promise<T extends object & { then: (onfulfilled: F, args: _) => any; } ? F extends (value: V, args: _) => any ? V extends null | undefined ? T : T extends object & { then: (onfulfilled: F, args: _) => any; } ? ... : T : never : T>' is not assignable to type 'string'.
asyncFunctionReturnType.ts(46,5): error TS2322: Type 'Promise<T | T extends object & { then: (onfulfilled: F, args: _) => any; } ? F extends (value: V, args: _) => any ? V extends null | undefined ? T : T extends object & { then: (onfulfilled: F, args: _) => any; } ? ... : T : never : T>' is not assignable to type 'TObj[""stringProp""]'.
  'TObj[""stringProp""]' could be instantiated with an arbitrary type which could be unrelated to 'Promise<T | T extends object & { then: (onfulfilled: F, args: _) => any; } ? F extends (value: V, args: _) => any ? V extends null | undefined ? T : T extends object & { then: (onfulfilled: F, args: _) => any; } ? ... : T : never : T>'.
asyncFunctionReturnType.ts(50,5): error TS2322: Type 'Promise<T | T extends object & { then: (onfulfilled: F, args: _) => any; } ? F extends (value: V, args: _) => any ? V extends null | undefined ? T : T extends object & { then: (onfulfilled: F, args: _) => any; } ? ... : T : never : T>' is not assignable to type 'TObj[""stringProp""]'.
  'TObj[""stringProp""]' could be instantiated with an arbitrary type which could be unrelated to 'Promise<T | T extends object & { then: (onfulfilled: F, args: _) => any; } ? F extends (value: V, args: _) => any ? V extends null | undefined ? T : T extends object & { then: (onfulfilled: F, args: _) => any; } ? ... : T : never : T>'.
",,default
_submodules/TypeScript/tests/cases/compiler/asyncYieldStarContextualType.ts,,"asyncYieldStarContextualType.ts(17,44): error TS2345: Argument of type '<T>(result: Result<T, ""NOT_FOUND_AUTHOR"">) => Result<T, ""NOT_FOUND_AUTHOR"">' is not assignable to parameter of type '((value: IteratorYieldResult<""NOT_FOUND_AUTHOR"" | ""NOT_FOUND_BOOK""> | IteratorReturnResult<{ id: string; title: string; authorId: string; } & { author: { id: string; name: string; }; }>) => T | PromiseLike<T>) | null'.
  Type '<T>(result: Result<T, ""NOT_FOUND_AUTHOR"">) => Result<T, ""NOT_FOUND_AUTHOR"">' is not assignable to type '(value: IteratorYieldResult<""NOT_FOUND_AUTHOR"" | ""NOT_FOUND_BOOK""> | IteratorReturnResult<{ id: string; title: string; authorId: string; } & { author: { id: string; name: string; }; }>) => T | PromiseLike<T>'.
    Types of parameters 'result' and 'value' are incompatible.
      Type 'IteratorYieldResult<""NOT_FOUND_AUTHOR"" | ""NOT_FOUND_BOOK""> | IteratorReturnResult<{ id: string; title: string; authorId: string; } & { author: { id: string; name: string; }; }>' is not assignable to type 'Result<unknown, ""NOT_FOUND_AUTHOR"">'.
        Property '[Symbol.iterator]' is missing in type 'IteratorYieldResult<""NOT_FOUND_AUTHOR"" | ""NOT_FOUND_BOOK"">' but required in type 'Result<unknown, ""NOT_FOUND_AUTHOR"">'.
asyncYieldStarContextualType.ts(22,51): error TS2345: Argument of type '<T>(result: Result<T, ""NOT_FOUND_AUTHOR"">) => Result<T, ""NOT_FOUND_AUTHOR"">' is not assignable to parameter of type '((value: IteratorYieldResult<""NOT_FOUND_AUTHOR"" | ""NOT_FOUND_BOOK""> | IteratorReturnResult<{ id: string; title: string; authorId: string; } & { author: { id: string; name: string; }; }>) => T | PromiseLike<T>) | null'.
  Type '<T>(result: Result<T, ""NOT_FOUND_AUTHOR"">) => Result<T, ""NOT_FOUND_AUTHOR"">' is not assignable to type '(value: IteratorYieldResult<""NOT_FOUND_AUTHOR"" | ""NOT_FOUND_BOOK""> | IteratorReturnResult<{ id: string; title: string; authorId: string; } & { author: { id: string; name: string; }; }>) => T | PromiseLike<T>'.
    Types of parameters 'result' and 'value' are incompatible.
      Type 'IteratorYieldResult<""NOT_FOUND_AUTHOR"" | ""NOT_FOUND_BOOK""> | IteratorReturnResult<{ id: string; title: string; authorId: string; } & { author: { id: string; name: string; }; }>' is not assignable to type 'Result<unknown, ""NOT_FOUND_AUTHOR"">'.
        Property '[Symbol.iterator]' is missing in type 'IteratorYieldResult<""NOT_FOUND_AUTHOR"" | ""NOT_FOUND_BOOK"">' but required in type 'Result<unknown, ""NOT_FOUND_AUTHOR"">'.
",,default
_submodules/TypeScript/tests/cases/compiler/augmentExportEquals3.ts,,"file2.ts(2,3): error TS2339: Property 'b' does not exist on type 'typeof foo'.
file3.ts(3,10): error TS2694: Namespace 'file1.ts' has no exported member 'A'.
",,default
_submodules/TypeScript/tests/cases/compiler/augmentExportEquals4.ts,,"file2.ts(2,3): error TS2339: Property 'b' does not exist on type 'typeof foo'.
file3.ts(3,10): error TS2694: Namespace 'file1.ts' has no exported member 'A'.
",,default
_submodules/TypeScript/tests/cases/compiler/augmentExportEquals6.ts,,"file3.ts(3,10): error TS2694: Namespace 'file1.ts' has no exported member 'A'.
",,default
_submodules/TypeScript/tests/cases/compiler/awaitedTypeCrash.ts,,"awaitedTypeCrash.ts(2,48): error TS2355: A function whose declared type is neither 'undefined', 'void', nor 'any' must return a value.
",,default
_submodules/TypeScript/tests/cases/compiler/awaitedTypeNoLib.ts,"error TS2318: Cannot find global type 'Array'.
error TS2318: Cannot find global type 'Awaited'.
error TS2318: Cannot find global type 'Boolean'.
error TS2318: Cannot find global type 'CallableFunction'.
error TS2318: Cannot find global type 'Function'.
error TS2318: Cannot find global type 'IArguments'.
error TS2318: Cannot find global type 'NewableFunction'.
error TS2318: Cannot find global type 'Number'.
error TS2318: Cannot find global type 'Object'.
error TS2318: Cannot find global type 'RegExp'.
error TS2318: Cannot find global type 'String'.
awaitedTypeNoLib.ts(3,15): error TS2304: Cannot find name 'PromiseLike'.
awaitedTypeNoLib.ts(18,27): error TS2345: Argument of type 'Thenable<NotPromise<TResult>> | NotPromise<TResult>' is not assignable to parameter of type 'Thenable<TResult>'.
  Type 'NotPromise<TResult>' is not assignable to type 'Thenable<TResult>'.
    Type 'TResult | (TResult extends PromiseLike<unknown> ? never : TResult)' is not assignable to type 'Thenable<TResult>'.
      Type 'Thenable<unknown> & TResult' is not assignable to type 'Thenable<TResult>'.
        Type 'unknown' is not assignable to type 'TResult'.
          'TResult' could be instantiated with an arbitrary type which could be unrelated to 'unknown'.


!!! error TS2318: Cannot find global type 'Array'.
!!! error TS2318: Cannot find global type 'Awaited'.
!!! error TS2318: Cannot find global type 'Boolean'.
!!! error TS2318: Cannot find global type 'CallableFunction'.
!!! error TS2318: Cannot find global type 'Function'.
!!! error TS2318: Cannot find global type 'IArguments'.
!!! error TS2318: Cannot find global type 'NewableFunction'.
!!! error TS2318: Cannot find global type 'Number'.
!!! error TS2318: Cannot find global type 'Object'.
!!! error TS2318: Cannot find global type 'RegExp'.
!!! error TS2318: Cannot find global type 'String'.",,,default
_submodules/TypeScript/tests/cases/compiler/badInferenceLowerPriorityThanGoodInference.ts,,"badInferenceLowerPriorityThanGoodInference.ts(10,32): error TS2345: Argument of type '() => { a: { BLAH: 33; }; b: (x: A) => void; }' is not assignable to parameter of type '() => Foo<A>'.
  Type '{ a: { BLAH: 33; }; b: (x: A) => void; }' is not assignable to type 'Foo<A>'.
    Types of property 'a' are incompatible.
      Type '{ BLAH: 33; }' is not assignable to type 'A'.
",,default
_submodules/TypeScript/tests/cases/compiler/bestChoiceType.ts,,"bestChoiceType.ts(3,27): error TS7006: Parameter 's' implicitly has an 'any' type.
bestChoiceType.ts(10,19): error TS7006: Parameter 's' implicitly has an 'any' type.
bestChoiceType.ts(16,26): error TS2339: Property 'toLowerCase' does not exist on type 'never'.
",,default
_submodules/TypeScript/tests/cases/compiler/cachedContextualTypes.ts,,"cachedContextualTypes.ts(19,13): error TS7006: Parameter 'bar' implicitly has an 'any' type.
",,default
_submodules/TypeScript/tests/cases/compiler/callOfConditionalTypeWithConcreteBranches.ts,,"callOfConditionalTypeWithConcreteBranches.ts(8,21): error TS7006: Parameter 'm' implicitly has an 'any' type.
callOfConditionalTypeWithConcreteBranches.ts(8,21): error TS2345: Argument of type '(m: any) => any' is not assignable to parameter of type 'number extends T ? (n: number) => void : never'.
callOfConditionalTypeWithConcreteBranches.ts(9,12): error TS7006: Parameter 'm' implicitly has an 'any' type.
callOfConditionalTypeWithConcreteBranches.ts(9,12): error TS2345: Argument of type '(m: any) => any' is not assignable to parameter of type 'number extends T ? (n: number) => void : never'.
callOfConditionalTypeWithConcreteBranches.ts(25,7): error TS7006: Parameter 'arg' implicitly has an 'any' type.
callOfConditionalTypeWithConcreteBranches.ts(28,22): error TS7006: Parameter 'm' implicitly has an 'any' type.
callOfConditionalTypeWithConcreteBranches.ts(28,22): error TS2345: Argument of type '(m: any) => any' is not assignable to parameter of type 'number extends T ? (cb: (n: number) => void) => void : never'.
callOfConditionalTypeWithConcreteBranches.ts(29,13): error TS7006: Parameter 'm' implicitly has an 'any' type.
callOfConditionalTypeWithConcreteBranches.ts(29,13): error TS2345: Argument of type '(m: any) => any' is not assignable to parameter of type 'number extends T ? (cb: (n: number) => void) => void : never'.
",,default
_submodules/TypeScript/tests/cases/compiler/classFieldSuperAccessible.ts,,"classFieldSuperAccessible.ts(3,27): error TS2339: Property 'name' does not exist on type 'typeof A'.
classFieldSuperAccessible.ts(8,27): error TS2339: Property 'EPSILON' does not exist on type 'typeof B'.
classFieldSuperAccessible.ts(11,17): error TS2314: Generic type 'Array<T>' requires 1 type argument(s).
classFieldSuperAccessible.ts(13,27): error TS2339: Property 'length' does not exist on type 'C'.
",,default
_submodules/TypeScript/tests/cases/compiler/classFunctionMerging.ts,,"classFunctionMerging.ts(11,15): error TS2708: Cannot use namespace 'Foo' as a value.
classFunctionMerging.ts(12,11): error TS2348: Value of type 'typeof Foo' is not callable. Did you mean to include 'new'?
classFunctionMerging.ts(12,11): error TS2708: Cannot use namespace 'Foo' as a value.
",,default
_submodules/TypeScript/tests/cases/compiler/classVarianceResolveCircularity2.ts,"classVarianceResolveCircularity2.ts(7,5): error TS7022: 'Value' implicitly has type 'any' because it does not have a type annotation and is referenced directly or indirectly in its own initializer.",,,default
_submodules/TypeScript/tests/cases/compiler/coAndContraVariantInferences.ts,,"coAndContraVariantInferences.ts(11,5): error TS2345: Argument of type '{ kind: ""a""; }' is not assignable to parameter of type '{ kind: T; }'.
  Types of property 'kind' are incompatible.
    Type '""a""' is not assignable to type 'T'.
coAndContraVariantInferences.ts(12,5): error TS2345: Argument of type '{ kind: ""b""; }' is not assignable to parameter of type '{ kind: T; }'.
  Types of property 'kind' are incompatible.
    Type '""b""' is not assignable to type 'T'.
",,default
_submodules/TypeScript/tests/cases/compiler/coAndContraVariantInferences7.ts,,"coAndContraVariantInferences7.ts(21,11): error TS2322: Type 'TSchema[""query""]' is not assignable to type 'string'.
  Type 'undefined' is not assignable to type 'string'.
",,default
_submodules/TypeScript/tests/cases/compiler/collisionExportsRequireAndAlias.ts,"collisionExportsRequireAndAlias_file2.ts(1,8): error TS2441: Duplicate identifier 'require'. Compiler reserves name 'require' in top level scope of a module.
collisionExportsRequireAndAlias_file2.ts(2,8): error TS2441: Duplicate identifier 'exports'. Compiler reserves name 'exports' in top level scope of a module.",,,default
_submodules/TypeScript/tests/cases/compiler/commentOnArrayElement10.ts,,"commentOnArrayElement10.ts(1,16): error TS1109: Expression expected.
commentOnArrayElement10.ts(1,17): error TS1109: Expression expected.
","已修复：数组字面量省略元素 [,,] 未实现（parse_array_literal_element 缺 CommaToken→OmittedExpression 分支）",default
_submodules/TypeScript/tests/cases/compiler/commentOnArrayElement11.ts,,"commentOnArrayElement11.ts(2,5): error TS1109: Expression expected.
",,default
_submodules/TypeScript/tests/cases/compiler/commentOnArrayElement12.ts,,"commentOnArrayElement12.ts(2,5): error TS1109: Expression expected.
commentOnArrayElement12.ts(2,6): error TS1109: Expression expected.
",,default
_submodules/TypeScript/tests/cases/compiler/commentOnArrayElement3.ts,,"commentOnArrayElement3.ts(6,29): error TS1109: Expression expected.
",,default
_submodules/TypeScript/tests/cases/compiler/commentsTypeParameters.ts,,"commentsTypeParameters.ts(1,8): error TS1005: '{' expected.
commentsTypeParameters.ts(1,10): error TS1068: Unexpected token. A constructor, method, accessor, or property was expected.
commentsTypeParameters.ts(1,12): error TS1434: Unexpected keyword or identifier.
commentsTypeParameters.ts(1,23): error TS1068: Unexpected token. A constructor, method, accessor, or property was expected.
commentsTypeParameters.ts(1,27): error TS1005: '(' expected.
commentsTypeParameters.ts(1,27): error TS2304: Cannot find name 'type'.
commentsTypeParameters.ts(1,32): error TS1005: ';' expected.
commentsTypeParameters.ts(1,42): error TS1161: Unterminated regular expression literal.
commentsTypeParameters.ts(2,5): error TS1005: ';' expected.
commentsTypeParameters.ts(2,5): error TS2304: Cannot find name 'method'.
commentsTypeParameters.ts(2,11): error TS1005: ')' expected.
commentsTypeParameters.ts(2,13): error TS1128: Declaration or statement expected.
commentsTypeParameters.ts(2,15): error TS1434: Unexpected keyword or identifier.
commentsTypeParameters.ts(2,15): error TS2552: Cannot find name 'docComment'. Did you mean 'Comment'?
commentsTypeParameters.ts(2,26): error TS1434: Unexpected keyword or identifier.
commentsTypeParameters.ts(2,26): error TS2304: Cannot find name 'of'.
commentsTypeParameters.ts(2,29): error TS1434: Unexpected keyword or identifier.
commentsTypeParameters.ts(2,29): error TS2304: Cannot find name 'method'.
commentsTypeParameters.ts(2,41): error TS2300: Duplicate identifier 'parameter'.
commentsTypeParameters.ts(2,51): error TS1005: '=' expected.
commentsTypeParameters.ts(2,51): error TS2304: Cannot find name '*'.
commentsTypeParameters.ts(2,52): error TS1005: ';' expected.
commentsTypeParameters.ts(3,5): error TS1128: Declaration or statement expected.
commentsTypeParameters.ts(4,5): error TS1435: Unknown keyword or identifier. Did you mean 'static'?
commentsTypeParameters.ts(4,5): error TS2304: Cannot find name 'static'.
commentsTypeParameters.ts(4,12): error TS1434: Unexpected keyword or identifier.
commentsTypeParameters.ts(4,12): error TS2304: Cannot find name 'staticmethod'.
commentsTypeParameters.ts(4,24): error TS1128: Declaration or statement expected.
commentsTypeParameters.ts(4,26): error TS1128: Declaration or statement expected.
commentsTypeParameters.ts(4,28): error TS1434: Unexpected keyword or identifier.
commentsTypeParameters.ts(4,28): error TS2552: Cannot find name 'docComment'. Did you mean 'Comment'?
commentsTypeParameters.ts(4,39): error TS1434: Unexpected keyword or identifier.
commentsTypeParameters.ts(4,39): error TS2304: Cannot find name 'of'.
commentsTypeParameters.ts(4,42): error TS1434: Unexpected keyword or identifier.
commentsTypeParameters.ts(4,42): error TS2304: Cannot find name 'method'.
commentsTypeParameters.ts(4,54): error TS2300: Duplicate identifier 'parameter'.
commentsTypeParameters.ts(4,64): error TS1005: '=' expected.
commentsTypeParameters.ts(4,64): error TS2304: Cannot find name '*'.
commentsTypeParameters.ts(4,65): error TS1005: ';' expected.
commentsTypeParameters.ts(5,5): error TS1128: Declaration or statement expected.
commentsTypeParameters.ts(7,5): error TS1435: Unknown keyword or identifier. Did you mean 'private'?
commentsTypeParameters.ts(7,5): error TS2304: Cannot find name 'private'.
commentsTypeParameters.ts(7,13): error TS1434: Unexpected keyword or identifier.
commentsTypeParameters.ts(7,13): error TS2304: Cannot find name 'privatemethod'.
commentsTypeParameters.ts(7,26): error TS1128: Declaration or statement expected.
commentsTypeParameters.ts(7,28): error TS1128: Declaration or statement expected.
commentsTypeParameters.ts(7,30): error TS1434: Unexpected keyword or identifier.
commentsTypeParameters.ts(7,30): error TS2552: Cannot find name 'docComment'. Did you mean 'Comment'?
commentsTypeParameters.ts(7,41): error TS1434: Unexpected keyword or identifier.
commentsTypeParameters.ts(7,41): error TS2304: Cannot find name 'of'.
commentsTypeParameters.ts(7,44): error TS1434: Unexpected keyword or identifier.
commentsTypeParameters.ts(7,44): error TS2304: Cannot find name 'method'.
commentsTypeParameters.ts(7,56): error TS2300: Duplicate identifier 'parameter'.
commentsTypeParameters.ts(7,66): error TS1005: '=' expected.
commentsTypeParameters.ts(7,66): error TS2304: Cannot find name '*'.
commentsTypeParameters.ts(7,67): error TS1005: ';' expected.
commentsTypeParameters.ts(8,5): error TS1128: Declaration or statement expected.
commentsTypeParameters.ts(9,5): error TS1435: Unknown keyword or identifier. Did you mean 'private'?
commentsTypeParameters.ts(9,5): error TS2304: Cannot find name 'private'.
commentsTypeParameters.ts(9,13): error TS1435: Unknown keyword or identifier. Did you mean 'static'?
commentsTypeParameters.ts(9,13): error TS2304: Cannot find name 'static'.
commentsTypeParameters.ts(9,20): error TS1434: Unexpected keyword or identifier.
commentsTypeParameters.ts(9,20): error TS2304: Cannot find name 'privatestaticmethod'.
commentsTypeParameters.ts(9,39): error TS1128: Declaration or statement expected.
commentsTypeParameters.ts(9,41): error TS1128: Declaration or statement expected.
commentsTypeParameters.ts(9,43): error TS1434: Unexpected keyword or identifier.
commentsTypeParameters.ts(9,43): error TS2552: Cannot find name 'docComment'. Did you mean 'Comment'?
commentsTypeParameters.ts(9,54): error TS1434: Unexpected keyword or identifier.
commentsTypeParameters.ts(9,54): error TS2304: Cannot find name 'of'.
commentsTypeParameters.ts(9,57): error TS1434: Unexpected keyword or identifier.
commentsTypeParameters.ts(9,57): error TS2304: Cannot find name 'method'.
commentsTypeParameters.ts(9,69): error TS2300: Duplicate identifier 'parameter'.
commentsTypeParameters.ts(9,79): error TS1005: '=' expected.
commentsTypeParameters.ts(9,79): error TS2304: Cannot find name '*'.
commentsTypeParameters.ts(9,80): error TS1005: ';' expected.
commentsTypeParameters.ts(10,5): error TS1128: Declaration or statement expected.
commentsTypeParameters.ts(11,1): error TS1128: Declaration or statement expected.
commentsTypeParameters.ts(13,10): error TS2391: Function implementation is missing or not immediately following the declaration.
commentsTypeParameters.ts(13,10): error TS7010: 'compare', which lacks return-type annotation, implicitly has an 'any' return type.
commentsTypeParameters.ts(13,17): error TS1005: '(' expected.
commentsTypeParameters.ts(13,19): error TS1138: Parameter declaration expected.
commentsTypeParameters.ts(13,21): error TS7006: Parameter 'type' implicitly has an 'any' type.
commentsTypeParameters.ts(13,25): error TS1005: ',' expected.
commentsTypeParameters.ts(13,26): error TS1138: Parameter declaration expected.
commentsTypeParameters.ts(14,5): error TS1108: A 'return' statement can only be used within a function body.
commentsTypeParameters.ts(14,12): error TS2304: Cannot find name 'a'.
commentsTypeParameters.ts(14,18): error TS2304: Cannot find name 'b'.
commentsTypeParameters.ts(15,1): error TS1128: Declaration or statement expected.
",已修复：scanner `</` 无条件扫成 LessThanSlashToken（tsgo 仅 JSX 变体产出）；现按 languageVariant 条件化,default
_submodules/TypeScript/tests/cases/compiler/commonSourceDir2.ts,"error TS5009: Cannot find the common subdirectory path for the input files.


!!! error TS5009: Cannot find the common subdirectory path for the input files.",,,default
_submodules/TypeScript/tests/cases/compiler/complicatedIndexesOfIntersectionsAreInferencable.ts,,"complicatedIndexesOfIntersectionsAreInferencable.ts(18,15): error TS7006: Parameter 'props' implicitly has an 'any' type.
",,default
_submodules/TypeScript/tests/cases/compiler/conditionalTypeClassMembers.ts,,"conditionalTypeClassMembers.ts(2,13): error TS7010: 'a', which lacks return-type annotation, implicitly has an 'any' return type.
",,default
_submodules/TypeScript/tests/cases/compiler/conditionalTypeRelaxingConstraintAssignability.ts,,"conditionalTypeRelaxingConstraintAssignability.ts(20,10): error TS2345: Argument of type 'undefined' is not assignable to parameter of type 'C extends string ? string : C'.
conditionalTypeRelaxingConstraintAssignability.ts(21,10): error TS2345: Argument of type 'string' is not assignable to parameter of type 'C extends string ? string : C'.
conditionalTypeRelaxingConstraintAssignability.ts(22,10): error TS2345: Argument of type 'string | undefined' is not assignable to parameter of type 'C extends string ? string : C'.
  Type 'undefined' is not assignable to type 'C extends string ? string : C'.
conditionalTypeRelaxingConstraintAssignability.ts(23,10): error TS2345: Argument of type 'string | undefined' is not assignable to parameter of type 'C extends string ? string : C'.
  Type 'undefined' is not assignable to type 'C extends string ? string : C'.
",,default
_submodules/TypeScript/tests/cases/compiler/conditionalTypesASI.ts,,"conditionalTypesASI.ts(5,10): error TS1003: Identifier expected.
conditionalTypesASI.ts(5,10): error TS2304: Cannot find name '?'.
conditionalTypesASI.ts(5,11): error TS1005: '?' expected.
conditionalTypesASI.ts(5,11): error TS2304: Cannot find name ':'.
conditionalTypesASI.ts(5,13): error TS1005: ':' expected.
",,default
_submodules/TypeScript/tests/cases/compiler/conditionalTypesSimplifyWhenTrivial.ts,,"conditionalTypesSimplifyWhenTrivial.ts(3,14): error TS2322: Type '{ [P in K]: Params[P]; }' is not assignable to type 'Params'.
conditionalTypesSimplifyWhenTrivial.ts(6,9): error TS2322: Type 'T extends never ? never : T' is not assignable to type 'T'.
  'T' could be instantiated with an arbitrary type which could be unrelated to 'T extends never ? never : T'.
conditionalTypesSimplifyWhenTrivial.ts(7,5): error TS2322: Type 'T' is not assignable to type 'T extends never ? never : T'.
conditionalTypesSimplifyWhenTrivial.ts(12,14): error TS2322: Type '{ [P in K]: Params[P]; }' is not assignable to type 'Params'.
conditionalTypesSimplifyWhenTrivial.ts(15,9): error TS2322: Type 'T extends T ? T : never' is not assignable to type 'T'.
  'T' could be instantiated with an arbitrary type which could be unrelated to 'T extends T ? T : never'.
conditionalTypesSimplifyWhenTrivial.ts(16,5): error TS2322: Type 'T' is not assignable to type 'T extends T ? T : never'.
conditionalTypesSimplifyWhenTrivial.ts(27,14): error TS2322: Type '{ [P in K]: Params[P]; }' is not assignable to type 'Params'.
conditionalTypesSimplifyWhenTrivial.ts(30,9): error TS2322: Type 'T extends never ? D : T' is not assignable to type 'T'.
  'T' could be instantiated with an arbitrary type which could be unrelated to 'T extends never ? D : T'.
conditionalTypesSimplifyWhenTrivial.ts(31,5): error TS2322: Type 'T' is not assignable to type 'T extends never ? D : T'.
conditionalTypesSimplifyWhenTrivial.ts(36,14): error TS2322: Type '{ [P in K]: Params[P]; }' is not assignable to type 'Params'.
conditionalTypesSimplifyWhenTrivial.ts(39,9): error TS2322: Type 'T extends T ? T : D' is not assignable to type 'T'.
  'T' could be instantiated with an arbitrary type which could be unrelated to 'T extends T ? T : D'.
conditionalTypesSimplifyWhenTrivial.ts(40,5): error TS2322: Type 'T' is not assignable to type 'T extends T ? T : D'.
conditionalTypesSimplifyWhenTrivial.ts(47,14): error TS2322: Type '{ [P in K]: Params[P]; }' is not assignable to type 'Params'.
conditionalTypesSimplifyWhenTrivial.ts(56,14): error TS2322: Type '{ [P in K]: Params[P]; }' is not assignable to type 'Params'.
",,default
_submodules/TypeScript/tests/cases/compiler/constructorWithParameterPropertiesAndPrivateFields.es2015.ts,,"constructorWithParameterPropertiesAndPrivateFields.es2015.ts(4,12): error TS2564: Property '#privateField' has no initializer and is not definitely assigned in the constructor.
constructorWithParameterPropertiesAndPrivateFields.es2015.ts(17,12): error TS2564: Property '#privateField' has no initializer and is not definitely assigned in the constructor.
",,default
_submodules/TypeScript/tests/cases/compiler/contextualComputedNonBindablePropertyType.ts,,"contextualComputedNonBindablePropertyType.ts(34,3): error TS2353: Object literal may only specify known properties, and '[propSelector('bar')]' does not exist in type '{ foo: (arg: number) => ""expects a string literal""; baz: (arg: number) => boolean; bar: (arg: number) => number; }'.
contextualComputedNonBindablePropertyType.ts(34,27): error TS7006: Parameter 'arg' implicitly has an 'any' type.
",,default
_submodules/TypeScript/tests/cases/compiler/contextualExpressionTypecheckingDoesntBlowStack.ts,,"contextualExpressionTypecheckingDoesntBlowStack.ts(16,26): error TS2531: Object is possibly 'null'.
",,target=es2015
_submodules/TypeScript/tests/cases/compiler/contextualOuterTypeParameters.ts,,"contextualOuterTypeParameters.ts(21,7): error TS7006: Parameter 't' implicitly has an 'any' type.
",,default
_submodules/TypeScript/tests/cases/compiler/contextualOverloadListFromArrayUnion.ts,,"three.ts(31,18): error TS2345: Argument of type '(error: null, result: T[]) => void' is not assignable to parameter of type 'Callback<T>'.
  Types of parameters 'error' and 'error' are incompatible.
    Type 'Error' is not assignable to type 'null'.
three.ts(37,34): error TS2345: Argument of type 'T[]' is not assignable to parameter of type 'T'.
  'T' could be instantiated with an arbitrary type which could be unrelated to 'T[]'.
three.ts(47,37): error TS2769: No overload matches this call.
  Overload 1 of 2, '(error: null, result: T[]): unknown', gave the following error.
    Argument of type 'number' is not assignable to parameter of type 'T[]'.
  Overload 2 of 2, '(error: Error, result: null): unknown', gave the following error.
    Argument of type 'null' is not assignable to parameter of type 'Error'.
three.ts(48,37): error TS2769: No overload matches this call.
  Overload 1 of 2, '(error: null, result: T[]): unknown', gave the following error.
    Argument of type 'number' is not assignable to parameter of type 'T[]'.
  Overload 2 of 2, '(error: Error, result: null): unknown', gave the following error.
    Argument of type 'null' is not assignable to parameter of type 'Error'.
three.ts(49,37): error TS2769: No overload matches this call.
  Overload 1 of 2, '(error: null, result: T[]): unknown', gave the following error.
    Argument of type 'number' is not assignable to parameter of type 'T[]'.
  Overload 2 of 2, '(error: Error, result: null): unknown', gave the following error.
    Argument of type 'null' is not assignable to parameter of type 'Error'.
three.ts(50,4): error TS2345: Argument of type '(error: null, results: T[]) => void' is not assignable to parameter of type 'Callback<unknown[]>'.
  Types of parameters 'error' and 'error' are incompatible.
    Type 'Error' is not assignable to type 'null'.
",,default
_submodules/TypeScript/tests/cases/compiler/contextualParamTypeVsNestedReturnTypeInference2.ts,,"contextualParamTypeVsNestedReturnTypeInference2.ts(80,3): error TS2345: Argument of type 'typeof Foo' is not assignable to parameter of type 'Tag<unknown, unknown>'.
  Type 'typeof Foo' is missing the following properties from type 'Tag<unknown, unknown>': _op, Service, Identifier
contextualParamTypeVsNestedReturnTypeInference2.ts(81,13): error TS2345: Argument of type '() => { fn: (args: Array<any>) => Effect<unknown, never, never>; }' is not assignable to parameter of type '() => Generator<Effect<any, any, any>, unknown, never>'.
  Type '{ fn: (args: Array<any>) => Effect<unknown, never, never>; }' is not assignable to type 'Generator<Effect<any, any, any>, unknown, never>'.
    Type '{ fn: (args: Array<any>) => Effect<unknown, never, never>; }' is missing the following properties from type 'Generator<Effect<any, any, any>, unknown, never>': next, return, throw, [Symbol.iterator], and 13 more.
contextualParamTypeVsNestedReturnTypeInference2.ts(83,20): error TS2345: Argument of type '(a: Array<any>) => void' is not assignable to parameter of type '(args: Array<any>) => Generator<Effect<any, any, any>, unknown, never>'.
  Type 'void' is not assignable to type 'Generator<Effect<any, any, any>, unknown, never>'.
",,default
_submodules/TypeScript/tests/cases/compiler/contextualParamTypeVsNestedReturnTypeInference3.ts,,"contextualParamTypeVsNestedReturnTypeInference3.ts(64,3): error TS2345: Argument of type 'typeof Foo' is not assignable to parameter of type 'Tag<unknown, unknown>'.
  Type 'typeof Foo' is missing the following properties from type 'Tag<unknown, unknown>': _op, Service, Identifier
contextualParamTypeVsNestedReturnTypeInference3.ts(65,13): error TS2345: Argument of type '() => { fn: (args: Array<any>) => Effect<unknown, never, never>; }' is not assignable to parameter of type '() => Generator<Effect<any, any, any>, unknown, never>'.
  Type '{ fn: (args: Array<any>) => Effect<unknown, never, never>; }' is not assignable to type 'Generator<Effect<any, any, any>, unknown, never>'.
    Type '{ fn: (args: Array<any>) => Effect<unknown, never, never>; }' is missing the following properties from type 'Generator<Effect<any, any, any>, unknown, never>': next, return, throw, [Symbol.iterator], and 13 more.
contextualParamTypeVsNestedReturnTypeInference3.ts(67,20): error TS2345: Argument of type '(a: Array<any>) => void' is not assignable to parameter of type '(args: Array<any>) => Generator<Effect<any, any, any>, unknown, never>'.
  Type 'void' is not assignable to type 'Generator<Effect<any, any, any>, unknown, never>'.
",,default
_submodules/TypeScript/tests/cases/compiler/contextualParamTypeVsNestedReturnTypeInference4.ts,,"contextualParamTypeVsNestedReturnTypeInference4.ts(50,3): error TS2345: Argument of type 'typeof Foo' is not assignable to parameter of type 'Tag<unknown, unknown>'.
  Type 'typeof Foo' is missing the following properties from type 'Tag<unknown, unknown>': _op, Service, Identifier
contextualParamTypeVsNestedReturnTypeInference4.ts(51,13): error TS2345: Argument of type '() => { fn: (args: Array<any>) => Effect<unknown, unknown, unknown>; }' is not assignable to parameter of type '() => Generator<Effect<unknown, unknown, unknown>, unknown, never>'.
  Type '{ fn: (args: Array<any>) => Effect<unknown, unknown, unknown>; }' is not assignable to type 'Generator<Effect<unknown, unknown, unknown>, unknown, never>'.
    Type '{ fn: (args: Array<any>) => Effect<unknown, unknown, unknown>; }' is missing the following properties from type 'Generator<Effect<unknown, unknown, unknown>, unknown, never>': next, return, throw, [Symbol.iterator], and 13 more.
contextualParamTypeVsNestedReturnTypeInference4.ts(53,20): error TS2345: Argument of type '(a: Array<any>) => void' is not assignable to parameter of type '(args: Array<any>) => Generator<Effect<unknown, unknown, unknown>, unknown, never>'.
  Type 'void' is not assignable to type 'Generator<Effect<unknown, unknown, unknown>, unknown, never>'.
",,default
_submodules/TypeScript/tests/cases/compiler/contextualParameterAndSelfReferentialConstraint1.ts,,"contextualParameterAndSelfReferentialConstraint1.ts(25,10): error TS2345: Argument of type '{ until: (x: A) => A; }' is not assignable to parameter of type 'RepeatOptions<A> & { [K in Exclude<keyof U, keyof T>]: never; }'.
  Types of property 'until' are incompatible.
    Type '(x: A) => A' is not assignable to type '((_: A) => boolean) | undefined'.
      Type '(x: A) => A' is not assignable to type '(_: A) => boolean'.
        Type 'A' is not assignable to type 'boolean'.
",,default
_submodules/TypeScript/tests/cases/compiler/contextualPropertyOfGenericMappedType.ts,,"contextualPropertyOfGenericMappedType.ts(4,23): error TS7006: Parameter 'value' implicitly has an 'any' type.
contextualPropertyOfGenericMappedType.ts(4,30): error TS7006: Parameter 'key' implicitly has an 'any' type.
",,default
_submodules/TypeScript/tests/cases/compiler/contextualReturnTypeOfIIFE3.ts,,"contextualReturnTypeOfIIFE3.ts(10,20): error TS7006: Parameter 'arg' implicitly has an 'any' type.
",,default
_submodules/TypeScript/tests/cases/compiler/contextualSignatureInstantiation1.ts,,"contextualSignatureInstantiation1.ts(3,15): error TS2345: Argument of type '<K>(x: string, y: K | undefined) => any' is not assignable to parameter of type '(x: unknown) => any'.
  Types of parameters 'x' and 'x' are incompatible.
    Type 'unknown' is not assignable to type 'string'.
contextualSignatureInstantiation1.ts(7,17): error TS2345: Argument of type '<K>(x: string, y: K | undefined) => any' is not assignable to parameter of type '(x: { length: number; }) => any'.
  Types of parameters 'x' and 'x' are incompatible.
    Type '{ length: number; }' is not assignable to type 'string'.
",,default
_submodules/TypeScript/tests/cases/compiler/contextualSignatureInstantiation3.ts,,"contextualSignatureInstantiation3.ts(21,17): error TS2345: Argument of type '<T>(x: T) => T[]' is not assignable to parameter of type '(value: number, index: number, array: number[]) => T[]'.
  Type 'number[]' is not assignable to type 'T[]'.
contextualSignatureInstantiation3.ts(22,18): error TS2345: Argument of type '<T>(x: T) => T[]' is not assignable to parameter of type '(x: number) => T[]'.
  Type 'number[]' is not assignable to type 'T[]'.
",,default
_submodules/TypeScript/tests/cases/compiler/contextualTypeAppliedToVarArgs.ts,,"contextualTypeAppliedToVarArgs.ts(9,42): error TS7006: Parameter 'args2' implicitly has an 'any' type.
contextualTypeAppliedToVarArgs.ts(11,28): error TS2339: Property 'node' does not exist on type 'any[]'.
",,default
_submodules/TypeScript/tests/cases/compiler/contextualTypeBasedOnIntersectionWithAnyInTheMix1.ts,,"contextualTypeBasedOnIntersectionWithAnyInTheMix1.ts(33,36): error TS2345: Argument of type '(props: BaseProps) => null' is not assignable to parameter of type '(p: P) => any'.
  Types of parameters 'props' and 'p' are incompatible.
    Type 'P' is not assignable to type 'BaseProps'.
",,default
_submodules/TypeScript/tests/cases/compiler/contextualTypeBasedOnIntersectionWithAnyInTheMix2.ts,,"contextualTypeBasedOnIntersectionWithAnyInTheMix2.ts(28,7): error TS7006: Parameter 'props' implicitly has an 'any' type.
contextualTypeBasedOnIntersectionWithAnyInTheMix2.ts(31,9): error TS7006: Parameter 'props' implicitly has an 'any' type.
",,default
_submodules/TypeScript/tests/cases/compiler/contextualTypeBasedOnIntersectionWithAnyInTheMix3.ts,,"contextualTypeBasedOnIntersectionWithAnyInTheMix3.ts(10,22): error TS2345: Argument of type '{ num: number[]; str: string[]; bool: boolean[]; }' is not assignable to parameter of type '{ str: (""a"" | ""b"" | ""c"")[]; num: (1 | 2 | 3)[]; } & { [k: string]: any[]; }'.
  Types of property 'str' are incompatible.
    Type 'string[]' is not assignable to type '(""a"" | ""b"" | ""c"")[]'.
contextualTypeBasedOnIntersectionWithAnyInTheMix3.ts(24,7): error TS2322: Type 'number[]' is not assignable to type 'any[] & 1[]'.
",,default
_submodules/TypeScript/tests/cases/compiler/contextualTypeCaching.ts,,"contextualTypeCaching.ts(18,16): error TS7006: Parameter 'r' implicitly has an 'any' type.
contextualTypeCaching.ts(20,26): error TS7006: Parameter 'r' implicitly has an 'any' type.
contextualTypeCaching.ts(43,15): error TS7006: Parameter 'compiler' implicitly has an 'any' type.
",,default
_submodules/TypeScript/tests/cases/compiler/contextualTypeOfIndexedAccessParameter.ts,,"contextualTypeOfIndexedAccessParameter.ts(8,9): error TS7006: Parameter 'p' implicitly has an 'any' type.
contextualTypeOfIndexedAccessParameter.ts(13,5): error TS2322: Type 'string' is not assignable to type '{ a: string; } & { b: string; }[K]'.
",,default
_submodules/TypeScript/tests/cases/compiler/contextualTypeOnYield1.ts,,"contextualTypeOnYield1.ts(3,7): error TS2322: Type '() => void' is not assignable to type '() => number | Generator<(arg: number) => void, any, void>'.
  Type 'void' is not assignable to type 'number | Generator<(arg: number) => void, any, void>'.
contextualTypeOnYield1.ts(4,10): error TS7006: Parameter 'num' implicitly has an 'any' type.
",,default
_submodules/TypeScript/tests/cases/compiler/contextualTypeOnYield2.ts,,"contextualTypeOnYield2.ts(3,13): error TS7006: Parameter 'num' implicitly has an 'any' type.
",,default
_submodules/TypeScript/tests/cases/compiler/contextualTypeSelfReferencing.ts,,"contextualTypeSelfReferencing.ts(13,22): error TS2345: Argument of type '{ a: string; }[]' is not assignable to parameter of type 'def extends [unknown, unknown[][]] ? def : { [k in keyof def]: def[k] extends string ? def : def extends [unknown, unknown[][]] ? def : ...; }'.
",,default
_submodules/TypeScript/tests/cases/compiler/contextualTypesNegatedTypeLikeConstraintInGenericMappedType3.ts,,"contextualTypesNegatedTypeLikeConstraintInGenericMappedType3.ts(43,14): error TS7006: Parameter 'index' implicitly has an 'any' type.
",,default
_submodules/TypeScript/tests/cases/compiler/contextualTypingOfLambdaWithMultipleSignatures.ts,,"contextualTypingOfLambdaWithMultipleSignatures.ts(7,1): error TS2322: Type '(bar: number) => void' is not assignable to type '(n: number) => void'.
  Types of parameters 'bar' and 's' are incompatible.
    Type 'string' is not assignable to type 'number'.
",,default
_submodules/TypeScript/tests/cases/compiler/contextualTypingOfLambdaWithMultipleSignatures2.ts,,"contextualTypingOfLambdaWithMultipleSignatures2.ts(6,1): error TS2322: Type '(a: string) => any' is not assignable to type '(x: string) => string'.
  Types of parameters 'a' and 'x' are incompatible.
    Type 'number' is not assignable to type 'string'.
contextualTypingOfLambdaWithMultipleSignatures2.ts(6,23): error TS2339: Property 'asdf' does not exist on type 'string'.
",,default
_submodules/TypeScript/tests/cases/compiler/contextualTypingOfOptionalMembers.tsx,,"index.tsx(16,14): error TS7006: Parameter 's' implicitly has an 'any' type.
index.tsx(29,9): error TS7006: Parameter 'x' implicitly has an 'any' type.
index.tsx(44,14): error TS7006: Parameter 's' implicitly has an 'any' type.
index.tsx(57,9): error TS7006: Parameter 's' implicitly has an 'any' type.
index.tsx(73,34): error TS7006: Parameter 's' implicitly has an 'any' type.
",,default
_submodules/TypeScript/tests/cases/compiler/contextualTypingReturnStatementWithReturnTypeAnnotation.ts,,"contextualTypingReturnStatementWithReturnTypeAnnotation.ts(14,3): error TS2322: Type '""not-array"" | ""no-prop"" | unknown[]' is not assignable to type '""not-array"" | ""no-prop"" | string[]'.
  Type 'unknown[]' is not assignable to type '""not-array"" | ""no-prop"" | string[]'.
",,default
_submodules/TypeScript/tests/cases/compiler/contextuallyTypedBooleanLiterals.ts,,"contextuallyTypedBooleanLiterals.ts(26,7): error TS2719: Type 'Observable<boolean>' is not assignable to type 'Observable<boolean>'. Two different types with this name exist, but they are unrelated.
  Target signature provides too few arguments. Expected 1 or more, but got 0.
    Type 'T' is not assignable to type 'boolean'.
",,default
_submodules/TypeScript/tests/cases/compiler/contextuallyTypedByDiscriminableUnion.ts,,"contextuallyTypedByDiscriminableUnion.ts(21,12): error TS7006: Parameter 'a' implicitly has an 'any' type.
contextuallyTypedByDiscriminableUnion.ts(29,12): error TS7006: Parameter 'a' implicitly has an 'any' type.
",,default
_submodules/TypeScript/tests/cases/compiler/contextuallyTypedByDiscriminableUnion2.ts,,"contextuallyTypedByDiscriminableUnion2.ts(44,13): error TS2345: Argument of type '{ enableD: boolean; value: string | null; setItem: (item: I) => void; }' is not assignable to parameter of type 'EnableA | DisableA & EnableB | DisableB & DisableD<I> | EnableD<I>'.
  Types of property 'setItem' are incompatible.
    Type '(item: I) => void' is not assignable to type '(item: I | null) => void'.
      Types of parameters 'item' and 'item' are incompatible.
        Type 'I | null' is not assignable to type 'I'.
          'I' could be instantiated with an arbitrary type which could be unrelated to 'I | null'.
",,default
_submodules/TypeScript/tests/cases/compiler/contextuallyTypedJsxAttribute.ts,,"index.tsx(11,14): error TS7006: Parameter 'value' implicitly has an 'any' type.
index.tsx(16,3): error TS2353: Object literal may only specify known properties, and 'callback' does not exist in type '{ as?: C | undefined; } & Elements[""foo"" | ""bar""]'.
index.tsx(16,14): error TS7006: Parameter 'value' implicitly has an 'any' type.
index.tsx(21,14): error TS7006: Parameter 'value' implicitly has an 'any' type.
index.tsx(23,1): error TS1005: '</' expected.
",,default
_submodules/TypeScript/tests/cases/compiler/contextuallyTypedOptionalProperty.ts,,"contextuallyTypedOptionalProperty.ts(6,5): error TS2345: Argument of type '{ y: unknown; }' is not assignable to parameter of type '{ x?: number | undefined; y?: number | undefined; }'.
  Types of property 'y' are incompatible.
    Type 'unknown' is not assignable to type 'number | undefined'.
",,exactoptionalpropertytypes=true
_submodules/TypeScript/tests/cases/compiler/contextuallyTypedSymbolNamedProperties.ts,,"contextuallyTypedSymbolNamedProperties.ts(15,10): error TS7006: Parameter 'ap' implicitly has an 'any' type.
contextuallyTypedSymbolNamedProperties.ts(16,10): error TS7006: Parameter 'bp' implicitly has an 'any' type.
contextuallyTypedSymbolNamedProperties.ts(19,58): error TS7006: Parameter 's' implicitly has an 'any' type.
",,default
_submodules/TypeScript/tests/cases/compiler/contravariantOnlyInferenceWithAnnotatedOptionalParameter.ts,,"contravariantOnlyInferenceWithAnnotatedOptionalParameter.ts(4,18): error TS2345: Argument of type '(pose: number | undefined) => boolean' is not assignable to parameter of type '(value: unknown, index: number) => boolean'.
  Types of parameters 'pose' and 'value' are incompatible.
    Type 'unknown' is not assignable to type 'number | undefined'.
contravariantOnlyInferenceWithAnnotatedOptionalParameter.ts(5,18): error TS2345: Argument of type '(pose: number | undefined, _: number | undefined) => boolean' is not assignable to parameter of type '(value: unknown, index: number) => boolean'.
  Types of parameters 'pose' and 'value' are incompatible.
    Type 'unknown' is not assignable to type 'number | undefined'.
",,default
_submodules/TypeScript/tests/cases/compiler/contravariantTypeAliasInference.ts,,"contravariantTypeAliasInference.ts(16,5): error TS2345: Argument of type '(x: T) => void' is not assignable to parameter of type '((x: unknown) => void) | undefined'.
  Type '(x: T) => void' is not assignable to type '(x: unknown) => void'.
    Types of parameters 'x' and 'x' are incompatible.
      Type 'unknown' is not assignable to type 'T'.
        'T' could be instantiated with an arbitrary type which could be unrelated to 'unknown'.
",,default
_submodules/TypeScript/tests/cases/compiler/controlFlowForCatchAndFinally.ts,,"controlFlowForCatchAndFinally.ts(5,24): error TS2366: Function lacks ending return statement and return type does not include 'undefined'.
controlFlowForCatchAndFinally.ts(11,37): error TS7027: Unreachable code detected.
",,default
_submodules/TypeScript/tests/cases/compiler/controlFlowManyCallExpressionStatementsPerf.ts,,"controlFlowManyCallExpressionStatementsPerf.ts(6,21): error TS1005: ',' expected.
controlFlowManyCallExpressionStatementsPerf.ts(6,24): error TS2554: Expected 1 arguments, but got 2.
controlFlowManyCallExpressionStatementsPerf.ts(7,21): error TS1005: ',' expected.
controlFlowManyCallExpressionStatementsPerf.ts(7,24): error TS2554: Expected 1 arguments, but got 2.
controlFlowManyCallExpressionStatementsPerf.ts(8,21): error TS1005: ',' expected.
controlFlowManyCallExpressionStatementsPerf.ts(8,24): error TS2554: Expected 1 arguments, but got 2.
controlFlowManyCallExpressionStatementsPerf.ts(9,21): error TS1005: ',' expected.
controlFlowManyCallExpressionStatementsPerf.ts(9,24): error TS2554: Expected 1 arguments, but got 2.
controlFlowManyCallExpressionStatementsPerf.ts(10,21): error TS1005: ',' expected.
controlFlowManyCallExpressionStatementsPerf.ts(10,24): error TS2554: Expected 1 arguments, but got 2.
controlFlowManyCallExpressionStatementsPerf.ts(11,21): error TS1005: ',' expected.
controlFlowManyCallExpressionStatementsPerf.ts(11,24): error TS2554: Expected 1 arguments, but got 2.
controlFlowManyCallExpressionStatementsPerf.ts(12,21): error TS1005: ',' expected.
controlFlowManyCallExpressionStatementsPerf.ts(12,24): error TS2554: Expected 1 arguments, but got 2.
controlFlowManyCallExpressionStatementsPerf.ts(13,21): error TS1005: ',' expected.
controlFlowManyCallExpressionStatementsPerf.ts(13,24): error TS2554: Expected 1 arguments, but got 2.
controlFlowManyCallExpressionStatementsPerf.ts(14,21): error TS1005: ',' expected.
controlFlowManyCallExpressionStatementsPerf.ts(14,24): error TS2554: Expected 1 arguments, but got 2.
controlFlowManyCallExpressionStatementsPerf.ts(15,21): error TS1005: ',' expected.
controlFlowManyCallExpressionStatementsPerf.ts(15,24): error TS2554: Expected 1 arguments, but got 2.
controlFlowManyCallExpressionStatementsPerf.ts(16,21): error TS1005: ',' expected.
controlFlowManyCallExpressionStatementsPerf.ts(16,24): error TS2554: Expected 1 arguments, but got 2.
controlFlowManyCallExpressionStatementsPerf.ts(17,21): error TS1005: ',' expected.
controlFlowManyCallExpressionStatementsPerf.ts(17,24): error TS2554: Expected 1 arguments, but got 2.
controlFlowManyCallExpressionStatementsPerf.ts(18,21): error TS1005: ',' expected.
controlFlowManyCallExpressionStatementsPerf.ts(18,24): error TS2554: Expected 1 arguments, but got 2.
controlFlowManyCallExpressionStatementsPerf.ts(19,21): error TS1005: ',' expected.
controlFlowManyCallExpressionStatementsPerf.ts(19,24): error TS2554: Expected 1 arguments, but got 2.
controlFlowManyCallExpressionStatementsPerf.ts(20,21): error TS1005: ',' expected.
controlFlowManyCallExpressionStatementsPerf.ts(20,24): error TS2554: Expected 1 arguments, but got 2.
controlFlowManyCallExpressionStatementsPerf.ts(21,21): error TS1005: ',' expected.
controlFlowManyCallExpressionStatementsPerf.ts(21,24): error TS2554: Expected 1 arguments, but got 2.
controlFlowManyCallExpressionStatementsPerf.ts(22,21): error TS1005: ',' expected.
controlFlowManyCallExpressionStatementsPerf.ts(22,24): error TS2554: Expected 1 arguments, but got 2.
controlFlowManyCallExpressionStatementsPerf.ts(23,21): error TS1005: ',' expected.
controlFlowManyCallExpressionStatementsPerf.ts(23,24): error TS2554: Expected 1 arguments, but got 2.
controlFlowManyCallExpressionStatementsPerf.ts(24,21): error TS1005: ',' expected.
controlFlowManyCallExpressionStatementsPerf.ts(24,24): error TS2554: Expected 1 arguments, but got 2.
controlFlowManyCallExpressionStatementsPerf.ts(25,21): error TS1005: ',' expected.
controlFlowManyCallExpressionStatementsPerf.ts(25,24): error TS2554: Expected 1 arguments, but got 2.
controlFlowManyCallExpressionStatementsPerf.ts(26,21): error TS1005: ',' expected.
controlFlowManyCallExpressionStatementsPerf.ts(26,24): error TS2554: Expected 1 arguments, but got 2.
controlFlowManyCallExpressionStatementsPerf.ts(27,21): error TS1005: ',' expected.
controlFlowManyCallExpressionStatementsPerf.ts(27,24): error TS2554: Expected 1 arguments, but got 2.
controlFlowManyCallExpressionStatementsPerf.ts(28,21): error TS1005: ',' expected.
controlFlowManyCallExpressionStatementsPerf.ts(28,24): error TS2554: Expected 1 arguments, but got 2.
controlFlowManyCallExpressionStatementsPerf.ts(29,21): error TS1005: ',' expected.
controlFlowManyCallExpressionStatementsPerf.ts(29,24): error TS2554: Expected 1 arguments, but got 2.
controlFlowManyCallExpressionStatementsPerf.ts(30,21): error TS1005: ',' expected.
controlFlowManyCallExpressionStatementsPerf.ts(30,24): error TS2554: Expected 1 arguments, but got 2.
controlFlowManyCallExpressionStatementsPerf.ts(31,21): error TS1005: ',' expected.
controlFlowManyCallExpressionStatementsPerf.ts(31,24): error TS2554: Expected 1 arguments, but got 2.
controlFlowManyCallExpressionStatementsPerf.ts(32,21): error TS1005: ',' expected.
controlFlowManyCallExpressionStatementsPerf.ts(32,24): error TS2554: Expected 1 arguments, but got 2.
controlFlowManyCallExpressionStatementsPerf.ts(33,21): error TS1005: ',' expected.
controlFlowManyCallExpressionStatementsPerf.ts(33,24): error TS2554: Expected 1 arguments, but got 2.
controlFlowManyCallExpressionStatementsPerf.ts(34,21): error TS1005: ',' expected.
controlFlowManyCallExpressionStatementsPerf.ts(34,24): error TS2554: Expected 1 arguments, but got 2.
controlFlowManyCallExpressionStatementsPerf.ts(35,21): error TS1005: ',' expected.
controlFlowManyCallExpressionStatementsPerf.ts(35,24): error TS2554: Expected 1 arguments, but got 2.
controlFlowManyCallExpressionStatementsPerf.ts(36,21): error TS1005: ',' expected.
controlFlowManyCallExpressionStatementsPerf.ts(36,24): error TS2554: Expected 1 arguments, but got 2.
controlFlowManyCallExpressionStatementsPerf.ts(37,21): error TS1005: ',' expected.
controlFlowManyCallExpressionStatementsPerf.ts(37,24): error TS2554: Expected 1 arguments, but got 2.
controlFlowManyCallExpressionStatementsPerf.ts(38,21): error TS1005: ',' expected.
controlFlowManyCallExpressionStatementsPerf.ts(38,24): error TS2554: Expected 1 arguments, but got 2.
controlFlowManyCallExpressionStatementsPerf.ts(39,21): error TS1005: ',' expected.
controlFlowManyCallExpressionStatementsPerf.ts(39,24): error TS2554: Expected 1 arguments, but got 2.
controlFlowManyCallExpressionStatementsPerf.ts(40,21): error TS1005: ',' expected.
controlFlowManyCallExpressionStatementsPerf.ts(40,24): error TS2554: Expected 1 arguments, but got 2.
controlFlowManyCallExpressionStatementsPerf.ts(41,21): error TS1005: ',' expected.
controlFlowManyCallExpressionStatementsPerf.ts(41,24): error TS2554: Expected 1 arguments, but got 2.
controlFlowManyCallExpressionStatementsPerf.ts(42,21): error TS1005: ',' expected.
controlFlowManyCallExpressionStatementsPerf.ts(42,24): error TS2554: Expected 1 arguments, but got 2.
controlFlowManyCallExpressionStatementsPerf.ts(43,21): error TS1005: ',' expected.
controlFlowManyCallExpressionStatementsPerf.ts(43,24): error TS2554: Expected 1 arguments, but got 2.
controlFlowManyCallExpressionStatementsPerf.ts(44,21): error TS1005: ',' expected.
controlFlowManyCallExpressionStatementsPerf.ts(44,24): error TS2554: Expected 1 arguments, but got 2.
controlFlowManyCallExpressionStatementsPerf.ts(45,21): error TS1005: ',' expected.
controlFlowManyCallExpressionStatementsPerf.ts(45,24): error TS2554: Expected 1 arguments, but got 2.
controlFlowManyCallExpressionStatementsPerf.ts(46,21): error TS1005: ',' expected.
controlFlowManyCallExpressionStatementsPerf.ts(46,24): error TS2554: Expected 1 arguments, but got 2.
controlFlowManyCallExpressionStatementsPerf.ts(47,21): error TS1005: ',' expected.
controlFlowManyCallExpressionStatementsPerf.ts(47,24): error TS2554: Expected 1 arguments, but got 2.
controlFlowManyCallExpressionStatementsPerf.ts(48,21): error TS1005: ',' expected.
controlFlowManyCallExpressionStatementsPerf.ts(48,24): error TS2554: Expected 1 arguments, but got 2.
controlFlowManyCallExpressionStatementsPerf.ts(49,21): error TS1005: ',' expected.
controlFlowManyCallExpressionStatementsPerf.ts(49,24): error TS2554: Expected 1 arguments, but got 2.
controlFlowManyCallExpressionStatementsPerf.ts(50,21): error TS1005: ',' expected.
controlFlowManyCallExpressionStatementsPerf.ts(50,24): error TS2554: Expected 1 arguments, but got 2.
controlFlowManyCallExpressionStatementsPerf.ts(51,21): error TS1005: ',' expected.
controlFlowManyCallExpressionStatementsPerf.ts(51,24): error TS2554: Expected 1 arguments, but got 2.
controlFlowManyCallExpressionStatementsPerf.ts(52,21): error TS1005: ',' expected.
controlFlowManyCallExpressionStatementsPerf.ts(52,24): error TS2554: Expected 1 arguments, but got 2.
controlFlowManyCallExpressionStatementsPerf.ts(53,21): error TS1005: ',' expected.
controlFlowManyCallExpressionStatementsPerf.ts(53,24): error TS2554: Expected 1 arguments, but got 2.
controlFlowManyCallExpressionStatementsPerf.ts(54,21): error TS1005: ',' expected.
controlFlowManyCallExpressionStatementsPerf.ts(54,24): error TS2554: Expected 1 arguments, but got 2.
controlFlowManyCallExpressionStatementsPerf.ts(55,21): error TS1005: ',' expected.
controlFlowManyCallExpressionStatementsPerf.ts(55,24): error TS2554: Expected 1 arguments, but got 2.
controlFlowManyCallExpressionStatementsPerf.ts(56,21): error TS1005: ',' expected.
controlFlowManyCallExpressionStatementsPerf.ts(56,24): error TS2554: Expected 1 arguments, but got 2.
controlFlowManyCallExpressionStatementsPerf.ts(57,21): error TS1005: ',' expected.
controlFlowManyCallExpressionStatementsPerf.ts(57,24): error TS2554: Expected 1 arguments, but got 2.
controlFlowManyCallExpressionStatementsPerf.ts(58,21): error TS1005: ',' expected.
controlFlowManyCallExpressionStatementsPerf.ts(58,24): error TS2554: Expected 1 arguments, but got 2.
controlFlowManyCallExpressionStatementsPerf.ts(59,21): error TS1005: ',' expected.
controlFlowManyCallExpressionStatementsPerf.ts(59,24): error TS2554: Expected 1 arguments, but got 2.
controlFlowManyCallExpressionStatementsPerf.ts(60,21): error TS1005: ',' expected.
controlFlowManyCallExpressionStatementsPerf.ts(60,24): error TS2554: Expected 1 arguments, but got 2.
controlFlowManyCallExpressionStatementsPerf.ts(61,21): error TS1005: ',' expected.
controlFlowManyCallExpressionStatementsPerf.ts(61,24): error TS2554: Expected 1 arguments, but got 2.
",,default
_submodules/TypeScript/tests/cases/compiler/controlFlowWithIncompleteTypes.ts,,"controlFlowWithIncompleteTypes.ts(24,19): error TS2339: Property 'slice' does not exist on type 'string | boolean'.
",,default
_submodules/TypeScript/tests/cases/compiler/convertClassExpressionToFunctionFromObjectProperty2.ts,,"convertClassExpressionToFunctionFromObjectProperty2.ts(157,10): error TS1003: Identifier expected.
convertClassExpressionToFunctionFromObjectProperty2.ts(157,10): error TS7010: ':', which lacks return-type annotation, implicitly has an 'any' return type.
convertClassExpressionToFunctionFromObjectProperty2.ts(157,12): error TS1005: '(' expected.
convertClassExpressionToFunctionFromObjectProperty2.ts(157,12): error TS7006: Parameter 'class' implicitly has an 'any' type.
convertClassExpressionToFunctionFromObjectProperty2.ts(157,18): error TS1005: ',' expected.
convertClassExpressionToFunctionFromObjectProperty2.ts(158,20): error TS1005: ',' expected.
convertClassExpressionToFunctionFromObjectProperty2.ts(158,21): error TS1005: ',' expected.
convertClassExpressionToFunctionFromObjectProperty2.ts(158,23): error TS1005: ',' expected.
convertClassExpressionToFunctionFromObjectProperty2.ts(159,5): error TS1005: ')' expected.
convertClassExpressionToFunctionFromObjectProperty2.ts(159,6): error TS1128: Declaration or statement expected.
convertClassExpressionToFunctionFromObjectProperty2.ts(162,6): error TS1128: Declaration or statement expected.
convertClassExpressionToFunctionFromObjectProperty2.ts(165,6): error TS1128: Declaration or statement expected.
convertClassExpressionToFunctionFromObjectProperty2.ts(168,6): error TS1128: Declaration or statement expected.
convertClassExpressionToFunctionFromObjectProperty2.ts(171,6): error TS1128: Declaration or statement expected.
convertClassExpressionToFunctionFromObjectProperty2.ts(174,6): error TS1128: Declaration or statement expected.
convertClassExpressionToFunctionFromObjectProperty2.ts(177,6): error TS1128: Declaration or statement expected.
convertClassExpressionToFunctionFromObjectProperty2.ts(180,6): error TS1128: Declaration or statement expected.
convertClassExpressionToFunctionFromObjectProperty2.ts(183,6): error TS1128: Declaration or statement expected.
convertClassExpressionToFunctionFromObjectProperty2.ts(186,6): error TS1128: Declaration or statement expected.
convertClassExpressionToFunctionFromObjectProperty2.ts(189,6): error TS1128: Declaration or statement expected.
convertClassExpressionToFunctionFromObjectProperty2.ts(192,6): error TS1128: Declaration or statement expected.
convertClassExpressionToFunctionFromObjectProperty2.ts(195,6): error TS1128: Declaration or statement expected.
convertClassExpressionToFunctionFromObjectProperty2.ts(198,6): error TS1128: Declaration or statement expected.
convertClassExpressionToFunctionFromObjectProperty2.ts(201,6): error TS1128: Declaration or statement expected.
convertClassExpressionToFunctionFromObjectProperty2.ts(204,6): error TS1128: Declaration or statement expected.
convertClassExpressionToFunctionFromObjectProperty2.ts(207,6): error TS1128: Declaration or statement expected.
convertClassExpressionToFunctionFromObjectProperty2.ts(210,6): error TS1128: Declaration or statement expected.
convertClassExpressionToFunctionFromObjectProperty2.ts(213,6): error TS1128: Declaration or statement expected.
convertClassExpressionToFunctionFromObjectProperty2.ts(216,6): error TS1128: Declaration or statement expected.
convertClassExpressionToFunctionFromObjectProperty2.ts(217,14): error TS1005: ';' expected.
convertClassExpressionToFunctionFromObjectProperty2.ts(219,6): error TS1128: Declaration or statement expected.
convertClassExpressionToFunctionFromObjectProperty2.ts(222,6): error TS1128: Declaration or statement expected.
convertClassExpressionToFunctionFromObjectProperty2.ts(225,6): error TS1128: Declaration or statement expected.
convertClassExpressionToFunctionFromObjectProperty2.ts(228,6): error TS1128: Declaration or statement expected.
convertClassExpressionToFunctionFromObjectProperty2.ts(231,6): error TS1128: Declaration or statement expected.
convertClassExpressionToFunctionFromObjectProperty2.ts(234,6): error TS1128: Declaration or statement expected.
convertClassExpressionToFunctionFromObjectProperty2.ts(238,1): error TS1128: Declaration or statement expected.
convertClassExpressionToFunctionFromObjectProperty2.ts(238,2): error TS1128: Declaration or statement expected.
",,target=es2015
_submodules/TypeScript/tests/cases/compiler/correlatedUnions.ts,,"correlatedUnions.ts(17,15): error TS2345: Argument of type '{ kind: ""n""; v: number; f: (v: number) => void; }' is not assignable to parameter of type '({ [P in K]: { kind: P; v: { n: number; s: string; b: boolean; }[P]; f: (v: number) => void; }; })[""n"" | ""s"" | ""b""]'.
correlatedUnions.ts(19,38): error TS7006: Parameter 'v' implicitly has an 'any' type.
correlatedUnions.ts(40,5): error TS2322: Type '(props: { value: string; }) => void' is not assignable to type '(props: { options: string[]; selectedValue: string; }) => void'.
  Types of parameters 'props' and 'props' are incompatible.
    Type '{ options: string[]; selectedValue: string; }' is not assignable to type '{ value: string; }'.
      Property 'value' is missing in type '{ options: string[]; selectedValue: string; }' but required in type '{ value: string; }'.
correlatedUnions.ts(61,17): error TS2339: Property 'length' does not exist on type 'number'.
correlatedUnions.ts(71,5): error TS2322: Type '{ type: ""foo""; data: ""abc""; }' is not assignable to type '({ [P in K]: { type: P; data: { foo: string; bar: number; }[P]; }; })[K]'.
correlatedUnions.ts(72,5): error TS2322: Type '{ type: ""foo""; data: ""def""; }' is not assignable to type '({ [P in K]: { type: P; data: { foo: string; bar: number; }[P]; }; })[K]'.
correlatedUnions.ts(73,5): error TS2322: Type '{ type: ""bar""; data: 42; }' is not assignable to type '({ [P in K]: { type: P; data: { foo: string; bar: number; }[P]; }; })[K]'.
correlatedUnions.ts(85,9): error TS2345: Argument of type '{ type: string; data: string; }[]' is not assignable to parameter of type '({ [P in K]: { type: P; data: { foo: string; bar: number; }[P]; }; })[""foo"" | ""bar""][]'.
correlatedUnions.ts(103,6): error TS2345: Argument of type '{ letter: { A: string; }; caller: (a: { A: string; }) => void; } | { letter: { B: number; }; caller: (b: { B: number; }) => void; }' is not assignable to parameter of type '({ [P in K]: { letter: { [P in K]: { A: string; B: number; }[P]; }; caller: (x: { [P in K]: { A: string; B: number; }[P]; }) => void; }; })[""A"" | ""B""]'.
  Type '{ letter: { A: string; }; caller: (a: { A: string; }) => void; }' is not assignable to type '({ [P in K]: { letter: { [P in K]: { A: string; B: number; }[P]; }; caller: (x: { [P in K]: { A: string; B: number; }[P]; }) => void; }; })[""A"" | ""B""]'.
correlatedUnions.ts(115,48): error TS7006: Parameter 'ev' implicitly has an 'any' type.
correlatedUnions.ts(120,5): error TS2322: Type '{ name: any; once: any; callback: any; }' is not assignable to type '({ [P in K]: { readonly name: P; readonly once?: boolean | undefined; readonly callback: (ev: DocumentEventMap[P]) => void; }; })[K]'.
correlatedUnions.ts(125,15): error TS7006: Parameter 'ev' implicitly has an 'any' type.
correlatedUnions.ts(130,15): error TS7006: Parameter 'ev' implicitly has an 'any' type.
correlatedUnions.ts(136,32): error TS7006: Parameter 'ev' implicitly has an 'any' type.
correlatedUnions.ts(137,33): error TS7006: Parameter 'ev' implicitly has an 'any' type.
correlatedUnions.ts(149,9): error TS2322: Type '(a: [string, string, string], b: any) => any' is not assignable to type '(args: [string, string, string]) => void'.
  Types of parameters 'a' and 'args' are incompatible.
    Type 'string' is not assignable to type '[string, string, string]'.
correlatedUnions.ts(149,18): error TS7006: Parameter 'b' implicitly has an 'any' type.
correlatedUnions.ts(150,9): error TS2322: Type '(a: [string, string, string], b: any, c: any) => any' is not assignable to type '(args: [string, string, string]) => void'.
  Types of parameters 'a' and 'args' are incompatible.
    Type 'string' is not assignable to type '[string, string, string]'.
correlatedUnions.ts(150,21): error TS7006: Parameter 'b' implicitly has an 'any' type.
correlatedUnions.ts(150,24): error TS7006: Parameter 'c' implicitly has an 'any' type.
correlatedUnions.ts(207,7): error TS2322: Type 'string | number' is not assignable to type 'MyObj[K][""name""] | undefined'.
  Type 'string' is not assignable to type 'MyObj[K][""name""] | undefined'.
correlatedUnions.ts(231,46): error TS2345: Argument of type '[{ name: ""a""; }, { name: ""b""; }]' is not assignable to parameter of type 'ReadonlyArray<any>'.
  Type '[{ name: ""a""; }, { name: ""b""; }]' is missing the following properties from type 'ReadonlyArray<any>': length, toString, toLocaleString, concat, and 18 more.
",,default
_submodules/TypeScript/tests/cases/compiler/declFileEmitDeclarationOnlyError1.ts,"error TS5069: Option 'emitDeclarationOnly' cannot be specified without specifying option 'declaration' or option 'composite'.


!!! error TS5069: Option 'emitDeclarationOnly' cannot be specified without specifying option 'declaration' or option 'composite'.",,,default
_submodules/TypeScript/tests/cases/compiler/declFileEmitDeclarationOnlyError2.ts,"error TS5069: Option 'emitDeclarationOnly' cannot be specified without specifying option 'declaration' or option 'composite'.


!!! error TS5069: Option 'emitDeclarationOnly' cannot be specified without specifying option 'declaration' or option 'composite'.",,,default
_submodules/TypeScript/tests/cases/compiler/declarationEmitAliasExportStar.ts,,"index.ts(2,38): error TS2694: Namespace 'things.ts' has no exported member 'ThingB'.
",,default
_submodules/TypeScript/tests/cases/compiler/declarationEmitArrowFunctionNoRenaming.ts,,"declarationEmitArrowFunctionNoRenaming.ts(18,5): error TS2304: Cannot find name 'n'.
declarationEmitArrowFunctionNoRenaming.ts(18,6): error TS1005: ')' expected.
declarationEmitArrowFunctionNoRenaming.ts(18,8): error TS1155: 'const' declarations must be initialized.
declarationEmitArrowFunctionNoRenaming.ts(19,3): error TS1128: Declaration or statement expected.
declarationEmitArrowFunctionNoRenaming.ts(19,4): error TS1128: Declaration or statement expected.
declarationEmitArrowFunctionNoRenaming.ts(19,6): error TS2695: Left side of comma operator is unused and has no side effects.
declarationEmitArrowFunctionNoRenaming.ts(19,21): error TS2304: Cannot find name 'LowerBound'.
declarationEmitArrowFunctionNoRenaming.ts(19,33): error TS2304: Cannot find name 'UpperBound'.
declarationEmitArrowFunctionNoRenaming.ts(19,45): error TS1109: Expression expected.
",,default
_submodules/TypeScript/tests/cases/compiler/declarationEmitClassMemberWithComputedPropertyName.ts,,"declarationEmitClassMemberWithComputedPropertyName.ts(32,5): error TS2300: Duplicate identifier 'p1'.
",,default
_submodules/TypeScript/tests/cases/compiler/declarationEmitEnumReferenceViaImportEquals.ts,,"test.ts(2,41): error TS2694: Namespace 'translation.ts' has no exported member 'TranslationKeyEnum'.
",,default
_submodules/TypeScript/tests/cases/compiler/declarationEmitExpandoWithGenericConstraint.ts,,"declarationEmitExpandoWithGenericConstraint.ts(14,7): error TS2339: Property 'zero' does not exist on type '(x: number, y: number) => Point'.
",,default
_submodules/TypeScript/tests/cases/compiler/declarationEmitExportAliasVisibiilityMarking.ts,,"index.ts(1,51): error TS7006: Parameter 'a' implicitly has an 'any' type.
",,default
_submodules/TypeScript/tests/cases/compiler/declarationEmitExportAssignedNamespaceNoTripleSlashTypesReference.ts,,"node_modules/@emotion/core/index.d.ts(6,16): error TS2664: Invalid module name in augmentation, module 'react' cannot be found.
",,default
_submodules/TypeScript/tests/cases/compiler/declarationEmitForDefaultExportClassExtendingExpression01.ts,,"declarationEmitForDefaultExportClassExtendingExpression01.ts(17,30): error TS1005: '{' expected.
declarationEmitForDefaultExportClassExtendingExpression01.ts(20,1): error TS1005: '}' expected.
",,default
_submodules/TypeScript/tests/cases/compiler/declarationEmitForModuleImportingModuleAugmentationRetainsImport.ts,,"child1.ts(10,15): error TS2339: Property 'add' does not exist on type 'ParentThing'.
",,default
_submodules/TypeScript/tests/cases/compiler/declarationEmitFunctionDuplicateNamespace.ts,,"declarationEmitFunctionDuplicateNamespace.ts(7,3): error TS2339: Property 'x' does not exist on type '(a: 0) => 0'.
",,default
_submodules/TypeScript/tests/cases/compiler/declarationEmitGlobalThisPreserved.ts,,"declarationEmitGlobalThisPreserved.ts(10,34): error TS2304: Cannot find name ''.
declarationEmitGlobalThisPreserved.ts(10,60): error TS2304: Cannot find name ''.
declarationEmitGlobalThisPreserved.ts(11,34): error TS2304: Cannot find name ''.
declarationEmitGlobalThisPreserved.ts(11,65): error TS2304: Cannot find name ''.
declarationEmitGlobalThisPreserved.ts(11,91): error TS2304: Cannot find name ''.
declarationEmitGlobalThisPreserved.ts(12,47): error TS2304: Cannot find name ''.
declarationEmitGlobalThisPreserved.ts(12,73): error TS2304: Cannot find name ''.
declarationEmitGlobalThisPreserved.ts(13,43): error TS2304: Cannot find name ''.
declarationEmitGlobalThisPreserved.ts(13,74): error TS2339: Property 'isNaN' does not exist on type 'typeof globalThis'.
declarationEmitGlobalThisPreserved.ts(16,24): error TS2304: Cannot find name ''.
declarationEmitGlobalThisPreserved.ts(16,50): error TS2304: Cannot find name ''.
declarationEmitGlobalThisPreserved.ts(17,24): error TS2304: Cannot find name ''.
declarationEmitGlobalThisPreserved.ts(17,55): error TS2304: Cannot find name ''.
declarationEmitGlobalThisPreserved.ts(17,81): error TS2304: Cannot find name ''.
declarationEmitGlobalThisPreserved.ts(18,37): error TS2304: Cannot find name ''.
declarationEmitGlobalThisPreserved.ts(18,63): error TS2304: Cannot find name ''.
declarationEmitGlobalThisPreserved.ts(19,33): error TS2304: Cannot find name ''.
declarationEmitGlobalThisPreserved.ts(19,64): error TS2339: Property 'isNaN' does not exist on type 'typeof globalThis'.
declarationEmitGlobalThisPreserved.ts(25,34): error TS2304: Cannot find name ''.
declarationEmitGlobalThisPreserved.ts(26,34): error TS2304: Cannot find name ''.
declarationEmitGlobalThisPreserved.ts(26,65): error TS2304: Cannot find name ''.
declarationEmitGlobalThisPreserved.ts(27,47): error TS2304: Cannot find name ''.
declarationEmitGlobalThisPreserved.ts(28,49): error TS2339: Property 'isNaN' does not exist on type 'typeof globalThis'.
declarationEmitGlobalThisPreserved.ts(31,24): error TS2304: Cannot find name ''.
declarationEmitGlobalThisPreserved.ts(32,24): error TS2304: Cannot find name ''.
declarationEmitGlobalThisPreserved.ts(32,55): error TS2304: Cannot find name ''.
declarationEmitGlobalThisPreserved.ts(33,37): error TS2304: Cannot find name ''.
declarationEmitGlobalThisPreserved.ts(34,39): error TS2339: Property 'isNaN' does not exist on type 'typeof globalThis'.
declarationEmitGlobalThisPreserved.ts(40,34): error TS2304: Cannot find name ''.
declarationEmitGlobalThisPreserved.ts(41,34): error TS2304: Cannot find name ''.
declarationEmitGlobalThisPreserved.ts(41,65): error TS2304: Cannot find name ''.
declarationEmitGlobalThisPreserved.ts(42,47): error TS2304: Cannot find name ''.
declarationEmitGlobalThisPreserved.ts(43,55): error TS2339: Property 'isNaN' does not exist on type 'typeof globalThis'.
declarationEmitGlobalThisPreserved.ts(49,43): error TS2339: Property 'isNaN' does not exist on type 'typeof globalThis'.
declarationEmitGlobalThisPreserved.ts(56,31): error TS2304: Cannot find name ''.
declarationEmitGlobalThisPreserved.ts(56,57): error TS2304: Cannot find name ''.
declarationEmitGlobalThisPreserved.ts(61,31): error TS2304: Cannot find name ''.
declarationEmitGlobalThisPreserved.ts(61,62): error TS2304: Cannot find name ''.
declarationEmitGlobalThisPreserved.ts(61,88): error TS2304: Cannot find name ''.
declarationEmitGlobalThisPreserved.ts(66,44): error TS2304: Cannot find name ''.
declarationEmitGlobalThisPreserved.ts(66,70): error TS2304: Cannot find name ''.
declarationEmitGlobalThisPreserved.ts(71,40): error TS2304: Cannot find name ''.
declarationEmitGlobalThisPreserved.ts(71,71): error TS2339: Property 'isNaN' does not exist on type 'typeof globalThis'.
declarationEmitGlobalThisPreserved.ts(78,27): error TS2304: Cannot find name ''.
declarationEmitGlobalThisPreserved.ts(79,27): error TS2304: Cannot find name ''.
declarationEmitGlobalThisPreserved.ts(79,58): error TS2304: Cannot find name ''.
declarationEmitGlobalThisPreserved.ts(80,40): error TS2304: Cannot find name ''.
declarationEmitGlobalThisPreserved.ts(81,48): error TS2339: Property 'isNaN' does not exist on type 'typeof globalThis'.
declarationEmitGlobalThisPreserved.ts(84,58): error TS2304: Cannot find name ''.
declarationEmitGlobalThisPreserved.ts(90,54): error TS2304: Cannot find name ''.
declarationEmitGlobalThisPreserved.ts(90,82): error TS2304: Cannot find name ''.
declarationEmitGlobalThisPreserved.ts(92,55): error TS2304: Cannot find name ''.
declarationEmitGlobalThisPreserved.ts(92,81): error TS2304: Cannot find name ''.
declarationEmitGlobalThisPreserved.ts(97,19): error TS2304: Cannot find name ''.
declarationEmitGlobalThisPreserved.ts(101,20): error TS2304: Cannot find name ''.
declarationEmitGlobalThisPreserved.ts(104,45): error TS2304: Cannot find name ''.
declarationEmitGlobalThisPreserved.ts(104,73): error TS2304: Cannot find name ''.
",,default
_submodules/TypeScript/tests/cases/compiler/declarationEmitHigherOrderRetainedGenerics.ts,,"declarationEmitHigherOrderRetainedGenerics.ts(77,51): error TS1005: '?' expected.
declarationEmitHigherOrderRetainedGenerics.ts(77,53): error TS1005: ':' expected.
declarationEmitHigherOrderRetainedGenerics.ts(77,99): error TS1005: '?' expected.
declarationEmitHigherOrderRetainedGenerics.ts(77,100): error TS1005: ':' expected.
declarationEmitHigherOrderRetainedGenerics.ts(80,6): error TS1005: '=>' expected.
declarationEmitHigherOrderRetainedGenerics.ts(80,17): error TS1003: Identifier expected.
",,default
_submodules/TypeScript/tests/cases/compiler/declarationEmitInvalidReference.ts,,"error TS6053: File 'invalid.ts' not found.


!!! error TS6053: File 'invalid.ts' not found.
",,default
_submodules/TypeScript/tests/cases/compiler/declarationEmitMappedTypePreservesTypeParameterConstraint.ts,,"declarationEmitMappedTypePreservesTypeParameterConstraint.ts(57,20): error TS2769: No overload matches this call.
  Overload 1 of 2, '<T>(o: { [s: string]: T; } | ArrayLike<T>): [string, T][]', gave the following error.
    Argument of type 'o' is not assignable to parameter of type '{ [s: string]: T; } | ArrayLike<unknown>'.
  Overload 2 of 2, '(o: object): [string, any][]', gave the following error.
    Argument of type 'o' is not assignable to parameter of type 'object'.
",,default
_submodules/TypeScript/tests/cases/compiler/declarationEmitNameConflicts3.ts,,"declarationEmitNameConflicts3.ts(23,24): error TS2339: Property 'f' does not exist on type 'typeof D'.
",,default
_submodules/TypeScript/tests/cases/compiler/declarationEmitNoInvalidCommentReuse3.ts,,"obj.d.ts(3,30): error TS2503: Cannot find namespace 'id'.
",,default
_submodules/TypeScript/tests/cases/compiler/declarationEmitOptionalMappedTypePropertyNoStrictNullChecks1.ts,,"index.ts(3,25): error TS2345: Argument of type '{ endpoints: { test: { url: string; }; }; }' is not assignable to parameter of type '{ endpoints: Definitions; }'.
  Types of property 'endpoints' are incompatible.
    Type '{ test: { url: string; }; }' is not assignable to type 'Definitions'.
",,default
_submodules/TypeScript/tests/cases/compiler/declarationEmitOptionalMappedTypePropertyNoStrictNullChecks2.ts,,"index.ts(3,25): error TS2345: Argument of type '{ endpoints: { test: { url: string; }; }; }' is not assignable to parameter of type '{ endpoints: Definitions; }'.
  Types of property 'endpoints' are incompatible.
    Type '{ test: { url: string; }; }' is not assignable to type 'Definitions'.
",,default
_submodules/TypeScript/tests/cases/compiler/declarationEmitOptionalMappedTypePropertyNoStrictNullChecks3.ts,,"index.ts(3,25): error TS2345: Argument of type '{ endpoints: { test: { url: string; }; }; }' is not assignable to parameter of type '{ endpoints: Definitions; }'.
  Types of property 'endpoints' are incompatible.
    Type '{ test: { url: string; }; }' is not assignable to type 'Definitions'.
",,default
_submodules/TypeScript/tests/cases/compiler/declarationEmitOptionalMethod.ts,,"declarationEmitOptionalMethod.ts(1,21): error TS2304: Cannot find name 'opts'.
declarationEmitOptionalMethod.ts(1,25): error TS1005: ')' expected.
declarationEmitOptionalMethod.ts(1,27): error TS1155: 'const' declarations must be initialized.
declarationEmitOptionalMethod.ts(2,6): error TS1005: ',' expected.
declarationEmitOptionalMethod.ts(2,7): error TS1180: Property destructuring pattern expected.
declarationEmitOptionalMethod.ts(2,8): error TS1109: Expression expected.
declarationEmitOptionalMethod.ts(2,9): error TS1005: ';' expected.
declarationEmitOptionalMethod.ts(2,15): error TS1109: Expression expected.
declarationEmitOptionalMethod.ts(3,5): error TS2304: Cannot find name 'b'.
declarationEmitOptionalMethod.ts(3,7): error TS1109: Expression expected.
declarationEmitOptionalMethod.ts(3,19): error TS1109: Expression expected.
declarationEmitOptionalMethod.ts(4,1): error TS1109: Expression expected.
declarationEmitOptionalMethod.ts(4,2): error TS1128: Declaration or statement expected.
declarationEmitOptionalMethod.ts(4,3): error TS1128: Declaration or statement expected.
declarationEmitOptionalMethod.ts(5,5): error TS2304: Cannot find name 'c'.
declarationEmitOptionalMethod.ts(5,8): error TS1109: Expression expected.
declarationEmitOptionalMethod.ts(5,15): error TS1109: Expression expected.
declarationEmitOptionalMethod.ts(6,5): error TS2304: Cannot find name 'd'.
declarationEmitOptionalMethod.ts(6,7): error TS1109: Expression expected.
declarationEmitOptionalMethod.ts(6,19): error TS1109: Expression expected.
declarationEmitOptionalMethod.ts(7,1): error TS1109: Expression expected.
declarationEmitOptionalMethod.ts(7,3): error TS1128: Declaration or statement expected.
",,default
_submodules/TypeScript/tests/cases/compiler/declarationEmitOverloadedPrivateInference.ts,,"declarationEmitOverloadedPrivateInference.ts(10,13): error TS2394: This overload signature is not compatible with its implementation signature.
declarationEmitOverloadedPrivateInference.ts(11,13): error TS2394: This overload signature is not compatible with its implementation signature.
",,default
_submodules/TypeScript/tests/cases/compiler/declarationEmitRecursiveConditionalAliasPreserved.ts,,"a.tsx(3,23): error TS2304: Cannot find name 'Num'.
a.tsx(6,10): error TS2304: Cannot find name 'Num'.
a.tsx(6,53): error TS1005: '</' expected.
",,default
_submodules/TypeScript/tests/cases/compiler/declarationEmitRetainedAnnotationRetainsImportInOutput.ts,,"index.ts(3,33): error TS2702: 'E' only refers to a type, but is being used as a namespace here.
index.ts(3,49): error TS2702: 'E' only refers to a type, but is being used as a namespace here.
",,default
_submodules/TypeScript/tests/cases/compiler/declarationEmitToDeclarationDirWithoutCompositeAndDeclarationOptions.ts,"/foo/tsconfig.json(2,26): error TS5069: Option 'declarationDir' cannot be specified without specifying option 'declaration' or option 'composite'.",,,default
_submodules/TypeScript/tests/cases/compiler/declarationEmitTypeofRest.ts,,"v1.ts(1,20): error TS1109: Expression expected.
v1.ts(1,23): error TS1155: 'const' declarations must be initialized.
v1.ts(1,23): error TS2451: Cannot redeclare block-scoped variable 'a'.
v1.ts(1,42): error TS1005: ',' expected.
v1.ts(1,43): error TS1134: Variable declaration expected.
v1.ts(1,45): error TS1155: 'const' declarations must be initialized.
v1.ts(3,15): error TS1005: ',' expected.
v1.ts(3,15): error TS2451: Cannot redeclare block-scoped variable 'a'.
v1.ts(4,3): error TS1005: ';' expected.
v1.ts(5,5): error TS1108: A 'return' statement can only be used within a function body.
v2.ts(1,7): error TS2451: Cannot redeclare block-scoped variable 'n'.
v2.ts(2,20): error TS1109: Expression expected.
v2.ts(2,23): error TS1155: 'const' declarations must be initialized.
v2.ts(2,23): error TS2451: Cannot redeclare block-scoped variable 'a'.
v2.ts(2,42): error TS1005: ',' expected.
v2.ts(2,43): error TS1134: Variable declaration expected.
v2.ts(2,45): error TS1155: 'const' declarations must be initialized.
v2.ts(4,8): error TS2451: Cannot redeclare block-scoped variable 'typeof'.
v2.ts(4,15): error TS1005: ',' expected.
v2.ts(4,15): error TS2451: Cannot redeclare block-scoped variable 'a'.
v2.ts(6,8): error TS2451: Cannot redeclare block-scoped variable 'typeof'.
v2.ts(6,15): error TS1005: ',' expected.
v2.ts(6,15): error TS2451: Cannot redeclare block-scoped variable 'n'.
v2.ts(7,3): error TS1005: ';' expected.
v2.ts(8,5): error TS1108: A 'return' statement can only be used within a function body.
",,default
_submodules/TypeScript/tests/cases/compiler/declarationEmitTypeofThisInClass.ts,,"declarationEmitTypeofThisInClass.ts(3,25): error TS2304: Cannot find name ''.
",,default
_submodules/TypeScript/tests/cases/compiler/declarationEmitUnnessesaryTypeReferenceNotAdded.ts,,"/index.ts(5,10): error TS2349: This expression is not callable.
  Type 'typeof thing' has no call signatures.
",,target=es2015
_submodules/TypeScript/tests/cases/compiler/declarationEmitUsingAlternativeContainingModules1.ts,,"src/index.mts(18,26): error TS2339: Property 'json' does not exist on type 'IEntry[]'.
src/index.mts(19,14): error TS7006: Parameter 'data' implicitly has an 'any' type.
src/index.mts(20,15): error TS7006: Parameter 'err' implicitly has an 'any' type.
src/index.mts(30,19): error TS2345: Argument of type '{ queryKey: [any, ""list""]; queryFn: () => Promise<IEntry[]>; select: (data: TQueryFnData) => any; }' is not assignable to parameter of type '{ enabled: boolean | undefined; refetchInterval: number | undefined; select: ((data: TQueryFnData) => TData) | undefined; retry: number | boolean | ((failureCount: number, error: TError) => boolean) | undefined; queryFn: ((context: { queryKey: TQueryKey; pageParam: TPageParam; }) => TQueryFnData | Promise<TQueryFnData>) | undefined; queryKey: TQueryKey | undefined; initialData: TQueryFnData | undefined; initialDataUpdatedAt: number | (() => number | undefined) | undefined; } & { initialData?: undefined; }'.
  Types of property 'queryKey' are incompatible.
    Type '[any, ""list""]' is not assignable to type 'TQueryKey | undefined'.
      Type '[any, ""list""]' is missing the following properties from type 'ReadonlyArray<unknown>': length, toString, toLocaleString, concat, and 28 more.
",,default
_submodules/TypeScript/tests/cases/compiler/declarationEmitUsingAlternativeContainingModules2.ts,,"src/index.mts(18,26): error TS2339: Property 'json' does not exist on type 'IEntry[]'.
src/index.mts(19,14): error TS7006: Parameter 'data' implicitly has an 'any' type.
src/index.mts(20,15): error TS7006: Parameter 'err' implicitly has an 'any' type.
src/index.mts(30,19): error TS2345: Argument of type '{ queryKey: [any, ""list""]; queryFn: () => Promise<IEntry[]>; select: (data: TQueryFnData) => any; }' is not assignable to parameter of type '{ enabled: boolean | undefined; refetchInterval: number | undefined; select: ((data: TQueryFnData) => TData) | undefined; retry: number | boolean | ((failureCount: number, error: TError) => boolean) | undefined; queryFn: ((context: { queryKey: TQueryKey; pageParam: TPageParam; }) => TQueryFnData | Promise<TQueryFnData>) | undefined; queryKey: TQueryKey | undefined; initialData: TQueryFnData | undefined; initialDataUpdatedAt: number | (() => number | undefined) | undefined; } & { initialData?: undefined; }'.
  Types of property 'queryKey' are incompatible.
    Type '[any, ""list""]' is not assignable to type 'TQueryKey | undefined'.
      Type '[any, ""list""]' is missing the following properties from type 'ReadonlyArray<unknown>': length, toString, toLocaleString, concat, and 28 more.
",,default
_submodules/TypeScript/tests/cases/compiler/declarationEmitUsingTypeAlias2.ts,,"src/index.ts(2,39): error TS1109: Expression expected.
",,default
_submodules/TypeScript/tests/cases/compiler/declarationFileOverwriteError.ts,"error TS5055: Cannot write file 'a.d.ts' because it would overwrite input file.
  Adding a tsconfig.json file will help organize projects that contain both TypeScript and JavaScript files. Learn more at https://aka.ms/tsconfig.


!!! error TS5055: Cannot write file 'a.d.ts' because it would overwrite input file.
!!! error TS5055:   Adding a tsconfig.json file will help organize projects that contain both TypeScript and JavaScript files. Learn more at https://aka.ms/tsconfig.",,,default
_submodules/TypeScript/tests/cases/compiler/declarationMapsWithoutDeclaration.ts,"error TS5069: Option 'declarationMap' cannot be specified without specifying option 'declaration' or option 'composite'.


!!! error TS5069: Option 'declarationMap' cannot be specified without specifying option 'declaration' or option 'composite'.",,,default
_submodules/TypeScript/tests/cases/compiler/declarationsWithRecursiveInternalTypesProduceUniqueTypeParams.ts,,"declarationsWithRecursiveInternalTypesProduceUniqueTypeParams.ts(36,22): error TS2353: Object literal may only specify known properties, and 'three' does not exist in type '{ two: ""2""; }'.
",,default
_submodules/TypeScript/tests/cases/compiler/decoratorMetadataElidedImport.ts,,"index.ts(6,5): error TS2391: Function implementation is missing or not immediately following the declaration.
index.ts(6,5): error TS7010: 'foo', which lacks return-type annotation, implicitly has an 'any' return type.
index.ts(7,9): error TS1138: Parameter declaration expected.
index.ts(7,19): error TS2564: Property 'arg1' has no initializer and is not definitely assigned in the constructor.
index.ts(7,31): error TS1442: Expected '=' for property initializer.
index.ts(8,19): error TS2564: Property 'arg2' has no initializer and is not definitely assigned in the constructor.
index.ts(9,5): error TS1068: Unexpected token. A constructor, method, accessor, or property was expected.
index.ts(9,6): error TS1068: Unexpected token. A constructor, method, accessor, or property was expected.
index.ts(9,8): error TS2391: Function implementation is missing or not immediately following the declaration.
index.ts(9,8): error TS7010: 'Observable', which lacks return-type annotation, implicitly has an 'any' return type.
index.ts(9,27): error TS1005: '(' expected.
index.ts(10,16): error TS1005: ',' expected.
index.ts(10,20): error TS1005: ',' expected.
index.ts(10,21): error TS1109: Expression expected.
index.ts(11,5): error TS1128: Declaration or statement expected.
index.ts(12,1): error TS1128: Declaration or statement expected.
",,module=commonjs
_submodules/TypeScript/tests/cases/compiler/decoratorMetadataElidedImport.ts,,"index.ts(6,5): error TS2391: Function implementation is missing or not immediately following the declaration.
index.ts(6,5): error TS7010: 'foo', which lacks return-type annotation, implicitly has an 'any' return type.
index.ts(7,9): error TS1138: Parameter declaration expected.
index.ts(7,19): error TS2564: Property 'arg1' has no initializer and is not definitely assigned in the constructor.
index.ts(7,31): error TS1442: Expected '=' for property initializer.
index.ts(8,19): error TS2564: Property 'arg2' has no initializer and is not definitely assigned in the constructor.
index.ts(9,5): error TS1068: Unexpected token. A constructor, method, accessor, or property was expected.
index.ts(9,6): error TS1068: Unexpected token. A constructor, method, accessor, or property was expected.
index.ts(9,8): error TS2391: Function implementation is missing or not immediately following the declaration.
index.ts(9,8): error TS7010: 'Observable', which lacks return-type annotation, implicitly has an 'any' return type.
index.ts(9,27): error TS1005: '(' expected.
index.ts(10,16): error TS1005: ',' expected.
index.ts(10,20): error TS1005: ',' expected.
index.ts(10,21): error TS1109: Expression expected.
index.ts(11,5): error TS1128: Declaration or statement expected.
index.ts(12,1): error TS1128: Declaration or statement expected.
",,module=esnext
_submodules/TypeScript/tests/cases/compiler/decoratorMetadataNoLibIsolatedModulesTypes.ts,"error TS2318: Cannot find global type 'Array'.
error TS2318: Cannot find global type 'Boolean'.
error TS2318: Cannot find global type 'CallableFunction'.
error TS2318: Cannot find global type 'Function'.
error TS2318: Cannot find global type 'IArguments'.
error TS2318: Cannot find global type 'NewableFunction'.
error TS2318: Cannot find global type 'Number'.
error TS2318: Cannot find global type 'Object'.
error TS2318: Cannot find global type 'RegExp'.
error TS2318: Cannot find global type 'String'.
decoratorMetadataNoLibIsolatedModulesTypes.ts(2,6): error TS2304: Cannot find name 'Decorate'.
decoratorMetadataNoLibIsolatedModulesTypes.ts(3,13): error TS2583: Cannot find name 'Map'. Do you need to change your target library? Try changing the 'lib' compiler option to 'es2015' or later.


!!! error TS2318: Cannot find global type 'Array'.
!!! error TS2318: Cannot find global type 'Boolean'.
!!! error TS2318: Cannot find global type 'CallableFunction'.
!!! error TS2318: Cannot find global type 'Function'.
!!! error TS2318: Cannot find global type 'IArguments'.
!!! error TS2318: Cannot find global type 'NewableFunction'.
!!! error TS2318: Cannot find global type 'Number'.
!!! error TS2318: Cannot find global type 'Object'.
!!! error TS2318: Cannot find global type 'RegExp'.
!!! error TS2318: Cannot find global type 'String'.",,,default
_submodules/TypeScript/tests/cases/compiler/decoratorMetadataTypeOnlyExport.ts,,"error TS6053: File 'a.ts' not found.
error TS6053: File 'b.ts' not found.


!!! error TS6053: File 'a.ts' not found.
!!! error TS6053: File 'b.ts' not found.
",,default
_submodules/TypeScript/tests/cases/compiler/decoratorReferenceOnOtherProperty.ts,,"index.ts(6,3): error TS2391: Function implementation is missing or not immediately following the declaration.
index.ts(6,8): error TS1138: Parameter declaration expected.
index.ts(6,13): error TS1434: Unexpected keyword or identifier.
index.ts(6,13): error TS2300: Duplicate identifier 'yoha'.
index.ts(6,17): error TS1068: Unexpected token. A constructor, method, accessor, or property was expected.
index.ts(6,28): error TS1442: Expected '=' for property initializer.
index.ts(6,30): error TS1068: Unexpected token. A constructor, method, accessor, or property was expected.
index.ts(8,1): error TS1128: Declaration or statement expected.
index2.ts(6,3): error TS2391: Function implementation is missing or not immediately following the declaration.
index2.ts(6,8): error TS1138: Parameter declaration expected.
index2.ts(6,13): error TS1434: Unexpected keyword or identifier.
index2.ts(6,13): error TS2300: Duplicate identifier 'yoha'.
index2.ts(6,17): error TS1068: Unexpected token. A constructor, method, accessor, or property was expected.
index2.ts(6,19): error TS1068: Unexpected token. A constructor, method, accessor, or property was expected.
index2.ts(6,33): error TS1442: Expected '=' for property initializer.
index2.ts(6,35): error TS1068: Unexpected token. A constructor, method, accessor, or property was expected.
index2.ts(8,1): error TS1128: Declaration or statement expected.
",,default
_submodules/TypeScript/tests/cases/compiler/decoratorReferences.ts,,"decoratorReferences.ts(6,5): error TS2391: Function implementation is missing or not immediately following the declaration.
decoratorReferences.ts(6,12): error TS1138: Parameter declaration expected.
decoratorReferences.ts(6,15): error TS1434: Unexpected keyword or identifier.
decoratorReferences.ts(6,16): error TS1068: Unexpected token. A constructor, method, accessor, or property was expected.
decoratorReferences.ts(6,18): error TS1434: Unexpected keyword or identifier.
decoratorReferences.ts(6,19): error TS1068: Unexpected token. A constructor, method, accessor, or property was expected.
decoratorReferences.ts(6,21): error TS1068: Unexpected token. A constructor, method, accessor, or property was expected.
decoratorReferences.ts(7,1): error TS1128: Declaration or statement expected.
",,default
_submodules/TypeScript/tests/cases/compiler/defaultParameterAddsUndefinedWithStrictNullChecks.ts,,"defaultParameterAddsUndefinedWithStrictNullChecks.ts(4,32): error TS1016: A required parameter cannot follow an optional parameter.
defaultParameterAddsUndefinedWithStrictNullChecks.ts(10,37): error TS1016: A required parameter cannot follow an optional parameter.
defaultParameterAddsUndefinedWithStrictNullChecks.ts(14,29): error TS1016: A required parameter cannot follow an optional parameter.
defaultParameterAddsUndefinedWithStrictNullChecks.ts(18,49): error TS1016: A required parameter cannot follow an optional parameter.
defaultParameterAddsUndefinedWithStrictNullChecks.ts(19,5): error TS18048: 'x' is possibly 'undefined'.
defaultParameterAddsUndefinedWithStrictNullChecks.ts(23,50): error TS1016: A required parameter cannot follow an optional parameter.
defaultParameterAddsUndefinedWithStrictNullChecks.ts(38,6): error TS2345: Argument of type 'undefined' is not assignable to parameter of type 'string'.
",,default
_submodules/TypeScript/tests/cases/compiler/destructureOfVariableSameAsShorthand.ts,,"destructureOfVariableSameAsShorthand.ts(21,32): error TS2558: Expected 2 type arguments, but got 1.
",,default
_submodules/TypeScript/tests/cases/compiler/destructuringAssignmentWithDefault.ts,,"destructuringAssignmentWithDefault.ts(3,5): error TS1005: ',' expected.
destructuringAssignmentWithDefault.ts(3,7): error TS1005: ',' expected.
destructuringAssignmentWithDefault.ts(10,14): error TS2532: Object is possibly 'undefined'.
destructuringAssignmentWithDefault.ts(11,14): error TS2532: Object is possibly 'undefined'.
destructuringAssignmentWithDefault.ts(17,14): error TS2532: Object is possibly 'undefined'.
destructuringAssignmentWithDefault.ts(23,14): error TS2532: Object is possibly 'undefined'.
destructuringAssignmentWithDefault.ts(24,14): error TS2532: Object is possibly 'undefined'.
destructuringAssignmentWithDefault.ts(30,14): error TS2532: Object is possibly 'undefined'.
",,default
_submodules/TypeScript/tests/cases/compiler/destructuringAssignmentWithStrictNullChecks.ts,,"destructuringAssignmentWithStrictNullChecks.ts(2,7): error TS2454: Variable 'bar' is used before being assigned.
",,default
_submodules/TypeScript/tests/cases/compiler/discriminableUnionWithIntersectedMembers.ts,,"discriminableUnionWithIntersectedMembers.ts(7,7): error TS2322: Type '{ x: ""x"" | ""y""; y: number; }' is not assignable to type '{ x: ""x""; y: number; } & { y: number; } | { x: ""y""; y: number; z?: boolean | undefined; } & { y: number; }'.
  Types of property 'x' are incompatible.
    Type '""x"" | ""y""' is not assignable to type '""x""'.
      Type '""y""' is not assignable to type '""x""'.
discriminableUnionWithIntersectedMembers.ts(14,7): error TS2322: Type '{ x: ""x"" | ""y""; y: number; }' is not assignable to type '{ x: ""x""; y: number; } | { x: ""y""; y: number; z?: boolean | undefined; }'.
  Types of property 'x' are incompatible.
    Type '""x"" | ""y""' is not assignable to type '""x""'.
      Type '""y""' is not assignable to type '""x""'.
",,default
_submodules/TypeScript/tests/cases/compiler/discriminantElementAccessCheck.ts,,"discriminantElementAccessCheck.ts(37,20): error TS2339: Property 'b' does not exist on type 'TypeA | TypeB'.
discriminantElementAccessCheck.ts(39,20): error TS2339: Property 'a' does not exist on type 'TypeA | TypeB'.
discriminantElementAccessCheck.ts(46,24): error TS2339: Property 'a' does not exist on type 'TypeA | TypeB'.
discriminantElementAccessCheck.ts(48,24): error TS2339: Property 'b' does not exist on type 'TypeA | TypeB'.
discriminantElementAccessCheck.ts(50,32): error TS2345: Argument of type 'TypeA | TypeB' is not assignable to parameter of type 'never'.
  Type 'TypeA' is not assignable to type 'never'.
",,default
_submodules/TypeScript/tests/cases/compiler/discriminantPropertyCheck.ts,,"discriminantPropertyCheck.ts(90,22): error TS2339: Property 'value' does not exist on type 'never'.
discriminantPropertyCheck.ts(94,22): error TS2339: Property 'value' does not exist on type 'never'.
discriminantPropertyCheck.ts(166,23): error TS2339: Property 'type' does not exist on type 'never'.
discriminantPropertyCheck.ts(172,23): error TS2345: Argument of type 'any' is not assignable to parameter of type 'never'.
discriminantPropertyCheck.ts(172,29): error TS2339: Property 'type' does not exist on type 'never'.
discriminantPropertyCheck.ts(232,34): error TS2339: Property 'bananas' does not exist on type 'never'.
",,default
_submodules/TypeScript/tests/cases/compiler/discriminantPropertyInference.ts,,"discriminantPropertyInference.ts(26,16): error TS2339: Property 'toFixed' does not exist on type 'string'.
discriminantPropertyInference.ts(32,16): error TS2339: Property 'toFixed' does not exist on type 'string'.
discriminantPropertyInference.ts(37,16): error TS2339: Property 'toFixed' does not exist on type 'string'.
",,default
_submodules/TypeScript/tests/cases/compiler/discriminantUsingEvaluatableTemplateExpression.ts,,"discriminantUsingEvaluatableTemplateExpression.ts(8,5): error TS2345: Argument of type '{ d: string; cb: (x: string) => void; }' is not assignable to parameter of type '{ d: ""s""; cb: (x: string) => void; } | { d: ""n""; cb: (x: number) => void; }'.
  Types of property 'd' are incompatible.
    Type 'string' is not assignable to type '""s""'.
",,default
_submodules/TypeScript/tests/cases/compiler/discriminateObjectTypesOnly.ts,,"discriminateObjectTypesOnly.ts(2,20): error TS2353: Object literal may only specify known properties, and 'toFixed' does not exist in type 'number | object'.
discriminateObjectTypesOnly.ts(6,21): error TS2353: Object literal may only specify known properties, and 'toString' does not exist in type 'number | object | { toFixed: null; }'.
",,default
_submodules/TypeScript/tests/cases/compiler/discriminateWithOptionalProperty2.ts,,"discriminateWithOptionalProperty2.ts(13,6): error TS2366: Function lacks ending return statement and return type does not include 'undefined'.
discriminateWithOptionalProperty2.ts(70,51): error TS2365: Operator '+' cannot be applied to types 'unknown' and 'unknown'.
",,exactoptionalpropertytypes=false
_submodules/TypeScript/tests/cases/compiler/discriminateWithOptionalProperty2.ts,,"discriminateWithOptionalProperty2.ts(13,6): error TS2366: Function lacks ending return statement and return type does not include 'undefined'.
discriminateWithOptionalProperty2.ts(70,51): error TS2365: Operator '+' cannot be applied to types 'unknown' and 'unknown'.
",,exactoptionalpropertytypes=true
_submodules/TypeScript/tests/cases/compiler/discriminateWithOptionalProperty4.ts,,"discriminateWithOptionalProperty4.ts(6,5): error TS2339: Property 'a' does not exist on type '{ a: string[] | undefined; } | { b: string[]; }'.
discriminateWithOptionalProperty4.ts(7,7): error TS18048: 'z.a' is possibly 'undefined'.
discriminateWithOptionalProperty4.ts(7,9): error TS2339: Property 'a' does not exist on type '{ a: string[] | undefined; } | { b: string[]; }'.
discriminateWithOptionalProperty4.ts(8,9): error TS2339: Property 'b' does not exist on type '{ a: string[] | undefined; } | { b: string[]; }'.
discriminateWithOptionalProperty4.ts(10,9): error TS2322: Type '{ a: string[] | undefined; } | { b: string[]; }' is not assignable to type '{ a: string[]; b?: undefined; } | { b: string[]; a?: undefined; }'.
  Type '{ a: string[] | undefined; }' is not assignable to type '{ a: string[]; b?: undefined; } | { b: string[]; a?: undefined; }'.
    Types of property 'a' are incompatible.
      Type 'string[] | undefined' is not assignable to type 'string[]'.
        Type 'undefined' is not assignable to type 'string[]'.
discriminateWithOptionalProperty4.ts(14,19): error TS18048: 'zWorkAround.a' is possibly 'undefined'.
discriminateWithOptionalProperty4.ts(14,46): error TS18048: 'zWorkAround.b' is possibly 'undefined'.
discriminateWithOptionalProperty4.ts(16,14): error TS18048: 'z.a' is possibly 'undefined'.
discriminateWithOptionalProperty4.ts(16,16): error TS2339: Property 'a' does not exist on type '{ a: string[] | undefined; } | { b: string[]; }'.
discriminateWithOptionalProperty4.ts(16,33): error TS2339: Property 'b' does not exist on type '{ a: string[] | undefined; } | { b: string[]; }'.
",,exactoptionalpropertytypes=true
_submodules/TypeScript/tests/cases/compiler/divideAndConquerIntersections.ts,,"divideAndConquerIntersections.ts(2,5): error TS2590: Expression produces a union type that is too complex to represent.
divideAndConquerIntersections.ts(52,4): error TS2366: Function lacks ending return statement and return type does not include 'undefined'.
divideAndConquerIntersections.ts(55,13): error TS2304: Cannot find name 'up'.
divideAndConquerIntersections.ts(55,15): error TS1005: ')' expected.
divideAndConquerIntersections.ts(55,17): error TS1434: Unexpected keyword or identifier.
divideAndConquerIntersections.ts(55,17): error TS7027: Unreachable code detected.
divideAndConquerIntersections.ts(55,18): error TS1128: Declaration or statement expected.
divideAndConquerIntersections.ts(55,19): error TS1128: Declaration or statement expected.
divideAndConquerIntersections.ts(55,21): error TS1434: Unexpected keyword or identifier.
divideAndConquerIntersections.ts(55,21): error TS2304: Cannot find name 'up'.
divideAndConquerIntersections.ts(55,21): error TS7027: Unreachable code detected.
divideAndConquerIntersections.ts(55,24): error TS2304: Cannot find name 'is'.
divideAndConquerIntersections.ts(55,24): error TS1228: A type predicate is only allowed in return type position for functions and methods.
divideAndConquerIntersections.ts(55,24): error TS7027: Unreachable code detected.
divideAndConquerIntersections.ts(55,27): error TS2695: Left side of comma operator is unused and has no side effects.
divideAndConquerIntersections.ts(55,27): error TS7027: Unreachable code detected.
divideAndConquerIntersections.ts(55,40): error TS1109: Expression expected.
divideAndConquerIntersections.ts(55,43): error TS7027: Unreachable code detected.
divideAndConquerIntersections.ts(55,45): error TS2304: Cannot find name 'up'.
",,default
_submodules/TypeScript/tests/cases/compiler/doYouNeedToChangeYourTargetLibraryES2015.ts,,"doYouNeedToChangeYourTargetLibraryES2015.ts(5,66): error TS2345: Argument of type '{}' is not assignable to parameter of type 'PropertyDescriptor & ThisType<any>'.
  Type '{}' is missing the following properties from type 'PropertyDescriptor': get, set
doYouNeedToChangeYourTargetLibraryES2015.ts(88,44): error TS1005: ',' expected.
",,default
_submodules/TypeScript/tests/cases/compiler/duplicateVarAndImport.ts,,"duplicateVarAndImport.ts(5,1): error TS2440: Import declaration conflicts with local declaration of 'a'.
",,default
_submodules/TypeScript/tests/cases/compiler/elidedEmbeddedStatementsReplacedWithSemicolon.ts,,"elidedEmbeddedStatementsReplacedWithSemicolon.ts(23,1): error TS2304: Cannot find name 'with'.
",,default
_submodules/TypeScript/tests/cases/compiler/emitClassExpressionInDeclarationFile.ts,,"emitClassExpressionInDeclarationFile.ts(28,6): error TS2339: Property 'getTags' does not exist on type 'typeof Test'.
emitClassExpressionInDeclarationFile.ts(29,6): error TS2339: Property 'tags' does not exist on type 'Test'.
",,default
_submodules/TypeScript/tests/cases/compiler/emptyAnonymousObjectNarrowing.ts,,"emptyAnonymousObjectNarrowing.ts(18,7): error TS2367: This comparison appears to be unintentional because the types 'object' and 'T' have no overlap.
emptyAnonymousObjectNarrowing.ts(70,7): error TS2322: Type 'unknown' is not assignable to type 'string'.
",,strictnullchecks=false
_submodules/TypeScript/tests/cases/compiler/emptyAnonymousObjectNarrowing.ts,,"emptyAnonymousObjectNarrowing.ts(18,7): error TS2367: This comparison appears to be unintentional because the types 'object' and 'T' have no overlap.
emptyAnonymousObjectNarrowing.ts(70,7): error TS2322: Type 'unknown' is not assignable to type 'string'.
",,strictnullchecks=true
_submodules/TypeScript/tests/cases/compiler/errorConstructorSubtypes.ts,,"errorConstructorSubtypes.ts(9,5): error TS2351: This expression is not constructable.
  Type 'ErrorConstructor' has no construct signatures.
",,default
_submodules/TypeScript/tests/cases/compiler/es6ClassTest2.ts,,"es6ClassTest2.ts(103,17): error TS2554: Expected 0 arguments, but got 1.
",,default
_submodules/TypeScript/tests/cases/compiler/es6ExportAssignment4.ts,,"modules.d.ts(3,14): error TS2454: Variable 'a' is used before being assigned.
",,default
_submodules/TypeScript/tests/cases/compiler/es6ImportNamedImportInIndirectExportAssignment.ts,,"es6ImportNamedImportInIndirectExportAssignment_1.ts(2,12): error TS2503: Cannot find namespace 'a'.
",,default
_submodules/TypeScript/tests/cases/compiler/esModuleInteropImportCall.ts,,"index.ts(1,22): error TS7006: Parameter 'f' implicitly has an 'any' type.
",,default
_submodules/TypeScript/tests/cases/compiler/exhaustiveSwitchWithWideningLiteralTypes.ts,,"exhaustiveSwitchWithWideningLiteralTypes.ts(11,27): error TS2366: Function lacks ending return statement and return type does not include 'undefined'.
",,default
_submodules/TypeScript/tests/cases/compiler/expandoFunctionBlockShadowing.ts,,"expandoFunctionBlockShadowing.ts(14,5): error TS2339: Property 'test' does not exist on type '() => void'.
expandoFunctionBlockShadowing.ts(17,9): error TS2741: Property 'test' is missing in type '() => void' but required in type '() => void'.
",,default
_submodules/TypeScript/tests/cases/compiler/expandoFunctionExpressionsWithDynamicNames2.ts,,"expandoFunctionExpressionsWithDynamicNames2.ts(6,7): error TS2741: Property '[mySymbol]' is missing in type '() => void' but required in type 'Foo'.
expandoFunctionExpressionsWithDynamicNames2.ts(14,7): error TS2741: Property 'test' is missing in type '() => void' but required in type 'Bar'.
",,default
_submodules/TypeScript/tests/cases/compiler/exportDefaultAsyncFunction.ts,,"exportDefaultAsyncFunction.ts(2,1): error TS2304: Cannot find name 'foo'.
",,default
_submodules/TypeScript/tests/cases/compiler/exportDefaultProperty.ts,,"index.ts(3,19): error TS2694: Namespace 'fooBar' has no exported member 'X'.
index.ts(6,11): error TS2749: 'X2' refers to a value, but is being used as a type here. Did you mean 'typeof X2'?
index.ts(9,10): error TS2749: 'B' refers to a value, but is being used as a type here. Did you mean 'typeof B'?
",,default
_submodules/TypeScript/tests/cases/compiler/exportDefaultProperty2.ts,,"a.ts(8,16): error TS2708: Cannot use namespace 'C' as a value.
b.ts(2,10): error TS2749: 'B' refers to a value, but is being used as a type here. Did you mean 'typeof B'?
",,default
_submodules/TypeScript/tests/cases/compiler/exportEqualsProperty.ts,,"index.ts(2,10): error TS2305: Module '""foobar""' has no exported member 'X'.
index.ts(8,18): error TS2351: This expression is not constructable.
  Type 'typeof import(""a"")' has no construct signatures.
index.ts(8,22): error TS2339: Property 'b' does not exist on type 'typeof import(""a"")'.
index.ts(11,1): error TS2365: Operator '+' cannot be applied to types 'typeof import(""b"")' and '1'.
",,default
_submodules/TypeScript/tests/cases/compiler/exportEqualsProperty2.ts,,"a.ts(8,10): error TS2708: Cannot use namespace 'C' as a value.
",,default
_submodules/TypeScript/tests/cases/compiler/exportStarNotElided.ts,,"data1.ts(1,26): error TS2307: Cannot find module './' or its corresponding type declarations.
",,default
_submodules/TypeScript/tests/cases/compiler/extendedUnicodeEscapeSequenceIdentifiers.ts,,"extendedUnicodeEscapeSequenceIdentifiers.ts(1,7): error TS1127: Invalid character.
extendedUnicodeEscapeSequenceIdentifiers.ts(1,8): error TS1155: 'const' declarations must be initialized.
extendedUnicodeEscapeSequenceIdentifiers.ts(1,8): error TS2451: Cannot redeclare block-scoped variable 'u'.
extendedUnicodeEscapeSequenceIdentifiers.ts(1,9): error TS1005: ',' expected.
extendedUnicodeEscapeSequenceIdentifiers.ts(1,9): error TS1155: 'const' declarations must be initialized.
extendedUnicodeEscapeSequenceIdentifiers.ts(1,10): error TS1121: Octal literals are not allowed. Use the syntax '0o061'.
extendedUnicodeEscapeSequenceIdentifiers.ts(1,14): error TS1005: ':' expected.
extendedUnicodeEscapeSequenceIdentifiers.ts(1,14): error TS2451: Cannot redeclare block-scoped variable '}'.
extendedUnicodeEscapeSequenceIdentifiers.ts(1,20): error TS1005: ',' expected.
extendedUnicodeEscapeSequenceIdentifiers.ts(2,7): error TS1155: 'const' declarations must be initialized.
extendedUnicodeEscapeSequenceIdentifiers.ts(2,8): error TS1127: Invalid character.
extendedUnicodeEscapeSequenceIdentifiers.ts(2,9): error TS1155: 'const' declarations must be initialized.
extendedUnicodeEscapeSequenceIdentifiers.ts(2,9): error TS2451: Cannot redeclare block-scoped variable 'u'.
extendedUnicodeEscapeSequenceIdentifiers.ts(2,10): error TS1005: ',' expected.
extendedUnicodeEscapeSequenceIdentifiers.ts(2,10): error TS1155: 'const' declarations must be initialized.
extendedUnicodeEscapeSequenceIdentifiers.ts(2,11): error TS1121: Octal literals are not allowed. Use the syntax '0o061'.
extendedUnicodeEscapeSequenceIdentifiers.ts(2,15): error TS1005: ':' expected.
extendedUnicodeEscapeSequenceIdentifiers.ts(2,15): error TS2451: Cannot redeclare block-scoped variable '}'.
extendedUnicodeEscapeSequenceIdentifiers.ts(2,21): error TS1005: ',' expected.
extendedUnicodeEscapeSequenceIdentifiers.ts(4,17): error TS2304: Cannot find name 'aa'.
",已修复：标识符不支持 \uXXXX/\u{...} 转义（scanner 补 escape 扫描 + Identifier 节点用 cooked text）,default
_submodules/TypeScript/tests/cases/compiler/fileReferencesWithNoExtensions.ts,,"error TS6053: File 'a' not found.
error TS6053: File 'b' not found.
error TS6053: File 'c' not found.


!!! error TS6053: File 'a' not found.
!!! error TS6053: File 'b' not found.
!!! error TS6053: File 'c' not found.
",,default
_submodules/TypeScript/tests/cases/compiler/filesEmittingIntoSameOutput.ts,"error TS5056: Cannot write file 'a.js' because it would be overwritten by multiple input files.


!!! error TS5056: Cannot write file 'a.js' because it would be overwritten by multiple input files.",,,default
_submodules/TypeScript/tests/cases/compiler/findLast.ts,,"findLast.ts(1,7): error TS2322: Type '[number, number] | undefined' is not assignable to type 'number | undefined'.
  Type '[number, number]' is not assignable to type 'number | undefined'.
findLast.ts(2,7): error TS2322: Type '[number, number] | undefined' is not assignable to type 'string | undefined'.
  Type '[number, number]' is not assignable to type 'string | undefined'.
",,target=esnext
_submodules/TypeScript/tests/cases/compiler/forInStatement5.ts,,"forInStatement5.ts(3,15): error TS1005: ';' expected.
",,default
_submodules/TypeScript/tests/cases/compiler/forInStatement6.ts,,"forInStatement6.ts(3,15): error TS1005: ';' expected.
",,default
_submodules/TypeScript/tests/cases/compiler/forStatementInnerComments.ts,,"forStatementInnerComments.ts(4,49): error TS1005: ';' expected.
",,default
_submodules/TypeScript/tests/cases/compiler/formatToPartsFractionalSecond.ts,,"formatToPartsFractionalSecond.ts(1,27): error TS2339: Property 'formatToParts' does not exist on type 'DateTimeFormat'.
formatToPartsFractionalSecond.ts(1,49): error TS7006: Parameter 'val' implicitly has an 'any' type.
",,default
_submodules/TypeScript/tests/cases/compiler/forwardRefInTypeDeclaration.ts,,"forwardRefInTypeDeclaration.ts(18,23): error TS2448: Block-scoped variable 's5' used before its declaration.
",,strict=false
_submodules/TypeScript/tests/cases/compiler/forwardRefInTypeDeclaration.ts,,"forwardRefInTypeDeclaration.ts(18,23): error TS2448: Block-scoped variable 's5' used before its declaration.
",,strict=true
_submodules/TypeScript/tests/cases/compiler/freshLiteralInference.ts,,"freshLiteralInference.ts(8,17): error TS2345: Argument of type '{ value: string; }' is not assignable to parameter of type '{ value: T; }'.
  Types of property 'value' are incompatible.
    Type 'string' is not assignable to type 'T'.
",,default
_submodules/TypeScript/tests/cases/compiler/functionType.ts,,"functionType.ts(3,1): error TS2349: This expression is not callable.
  Type 'Function' has no call signatures.
",,default
_submodules/TypeScript/tests/cases/compiler/functionWithThrowButNoReturn1.ts,,"functionWithThrowButNoReturn1.ts(1,16): error TS2355: A function whose declared type is neither 'undefined', 'void', nor 'any' must return a value.
functionWithThrowButNoReturn1.ts(3,3): error TS7027: Unreachable code detected.
",,default
_submodules/TypeScript/tests/cases/compiler/genericCallAtYieldExpressionInGenericCall2.ts,,"genericCallAtYieldExpressionInGenericCall2.ts(20,4): error TS2345: Argument of type '(queue: Enqueue<any>, value: any) => void' is not assignable to parameter of type '(args: Array<any>) => Generator<Effect, unknown, any>'.
  Type 'void' is not assignable to type 'Generator<Effect, unknown, any>'.
genericCallAtYieldExpressionInGenericCall2.ts(24,4): error TS2345: Argument of type '(queue: Enqueue<any>, value: any) => void' is not assignable to parameter of type '(args: Array<any>) => Generator<Effect, unknown, any>'.
  Type 'void' is not assignable to type 'Generator<Effect, unknown, any>'.
",,default
_submodules/TypeScript/tests/cases/compiler/genericCallAtYieldExpressionInGenericCall3.ts,,"genericCallAtYieldExpressionInGenericCall3.ts(37,7): error TS2345: Argument of type '() => void' is not assignable to parameter of type '() => Generator<Micro<any, any, any>, unknown, never>'.
  Type 'void' is not assignable to type 'Generator<Micro<any, any, any>, unknown, never>'.
genericCallAtYieldExpressionInGenericCall3.ts(39,11): error TS2345: Argument of type '() => number' is not assignable to parameter of type '() => Generator<Micro<any, any, any>, unknown, never>'.
  Type 'number' is not assignable to type 'Generator<Micro<any, any, any>, unknown, never>'.
genericCallAtYieldExpressionInGenericCall3.ts(40,16): error TS2365: Operator '+' cannot be applied to types 'unknown' and '1'.
",,default
_submodules/TypeScript/tests/cases/compiler/genericCallInferenceConditionalType1.ts,,"genericCallInferenceConditionalType1.ts(6,13): error TS2345: Argument of type '<T>(x: { foo: T; }) => unknown' is not assignable to parameter of type '(x: unknown) => unknown'.
  Types of parameters 'x' and 'x' are incompatible.
    Type 'unknown' is not assignable to type '{ foo: T; }'.
",,default
_submodules/TypeScript/tests/cases/compiler/genericCallInferenceConditionalType2.ts,,"genericCallInferenceConditionalType2.ts(10,3): error TS2345: Argument of type '(props: { as?: T | undefined; className?: string | undefined; }) => null' is not assignable to parameter of type '(props: unknown) => unknown'.
  Types of parameters 'props' and 'props' are incompatible.
    Type 'unknown' is not assignable to type '{ as?: T | undefined; className?: string | undefined; }'.
genericCallInferenceConditionalType2.ts(23,13): error TS2345: Argument of type '<T>(x: { foo: T; }) => unknown' is not assignable to parameter of type '(x: unknown) => unknown'.
  Types of parameters 'x' and 'x' are incompatible.
    Type 'unknown' is not assignable to type '{ foo: T; }'.
",,default
_submodules/TypeScript/tests/cases/compiler/genericCallInferenceInConditionalTypes1.ts,,"genericCallInferenceInConditionalTypes1.ts(26,3): error TS2345: Argument of type '(props: T extends (props: P) => unknown ? P : object extends any ? { [P in K]: P[P]; } : P, ref: { current: HTMLElement; }) => null' is not assignable to parameter of type '(props: unknown, ref: { current: T; }) => unknown'.
  Types of parameters 'props' and 'props' are incompatible.
    Type 'unknown' is not assignable to type 'T extends (props: P) => unknown ? P : object extends any ? { [P in K]: P[P]; } : P'.
",,default
_submodules/TypeScript/tests/cases/compiler/genericCallWithinOwnBodyCastTypeParameterIdentity.ts,,"genericCallWithinOwnBodyCastTypeParameterIdentity.ts(21,18): error TS7006: Parameter 'onFulfilled' implicitly has an 'any' type.
",,default
_submodules/TypeScript/tests/cases/compiler/genericCapturingFunctionNarrowing.ts,,"genericCapturingFunctionNarrowing.ts(3,27): error TS2339: Property 'foo' does not exist on type 'First | SubFirst | SubFirstMore | Second'.
genericCapturingFunctionNarrowing.ts(7,27): error TS2339: Property 'bar' does not exist on type 'First | SubFirst | SubFirstMore | Second'.
",,default
_submodules/TypeScript/tests/cases/compiler/genericFunctionInference2.ts,,"genericFunctionInference2.ts(25,25): error TS2345: Argument of type '(props: { out: number; }) => { onChange: (props: T) => (e: any) => void; onSubmit: (props: T) => (e: any) => void; }' is not assignable to parameter of type '(initialProps: T) => { [P in keyof U]: (props: T) => U[P]; }'.
  Types of parameters 'props' and 'initialProps' are incompatible.
    Type 'T' is not assignable to type '{ out: number; }'.
",,default
_submodules/TypeScript/tests/cases/compiler/genericFunctionSpecializations1.ts,,"genericFunctionSpecializations1.ts(1,10): error TS2394: This overload signature is not compatible with its implementation signature.
",,default
_submodules/TypeScript/tests/cases/compiler/genericFunctionsAndConditionalInference.ts,,"genericFunctionsAndConditionalInference.ts(9,14): error TS2345: Argument of type '{ u: { value: number; }; v: { value: string; }; }' is not assignable to parameter of type '{ u: { value: U; }; v: { value: V; }; }'.
  The types of 'u.value' are incompatible between these types.
    Type 'number' is not assignable to type 'U'.
",,default
_submodules/TypeScript/tests/cases/compiler/genericInference2.ts,,"genericInference2.ts(17,25): error TS2345: Argument of type '""Robert""' is not assignable to parameter of type 'T'.
  'T' could be instantiated with an arbitrary type which could be unrelated to '""Robert""'.
",,default
_submodules/TypeScript/tests/cases/compiler/genericInferenceDefaultTypeParameter.ts,,"genericInferenceDefaultTypeParameter.ts(10,4): error TS7006: Parameter 'event' implicitly has an 'any' type.
genericInferenceDefaultTypeParameter.ts(11,9): error TS7006: Parameter 'event' implicitly has an 'any' type.
genericInferenceDefaultTypeParameter.ts(12,9): error TS7006: Parameter 'event' implicitly has an 'any' type.
",,default
_submodules/TypeScript/tests/cases/compiler/genericTemplateOverloadResolution.ts,,"genericTemplateOverloadResolution.ts(10,14): error TS2693: 'number' only refers to a type, but is being used as a value here.
",,default
_submodules/TypeScript/tests/cases/compiler/genericTypeWithCallableMembers.ts,,"genericTypeWithCallableMembers.ts(8,21): error TS2351: This expression is not constructable.
  Type 'T' has no construct signatures.
",,default
_submodules/TypeScript/tests/cases/compiler/genericTypeWithCallableMembers2.ts,,"genericTypeWithCallableMembers2.ts(2,12): error TS2349: This expression is not callable.
  Type 'T' has no call signatures.
genericTypeWithCallableMembers2.ts(6,16): error TS2351: This expression is not constructable.
  Type 'T' has no construct signatures.
",,default
_submodules/TypeScript/tests/cases/compiler/genericsAndHigherOrderFunctions.ts,,"genericsAndHigherOrderFunctions.ts(3,5): error TS2719: Type '<T, S>(f: (_: T) => S) => <U>(g: (_: U) => T) => (x: U) => S' is not assignable to type '<T, S>(f: (_: T) => S) => <U>(g: (_: U) => T) => (x: U) => S'. Two different types with this name exist, but they are unrelated.
  Types of parameters 'f' and 'f' are incompatible.
    Type '(_: T) => S' is not assignable to type '(_: unknown) => S'.
      Types of parameters '_' and '_' are incompatible.
        Type 'unknown' is not assignable to type 'T'.
          'T' could be instantiated with an arbitrary type which could be unrelated to 'unknown'.
genericsAndHigherOrderFunctions.ts(11,5): error TS2719: Type '<K, N>(g: (x: K) => N) => (h: <M>(_: (_: K) => (_: M) => M) => (_: M) => M) => <R>(f: (_: N) => (_: R) => R) => (_: R) => R' is not assignable to type '<K, N>(g: (x: K) => N) => (h: <M>(_: (_: K) => (_: M) => M) => (_: M) => M) => <R>(f: (_: N) => (_: R) => R) => (_: R) => R'. Two different types with this name exist, but they are unrelated.
  Types of parameters 'g' and 'g' are incompatible.
    Type '(x: K) => N' is not assignable to type '(x: unknown) => N'.
      Types of parameters 'x' and 'x' are incompatible.
        Type 'unknown' is not assignable to type 'K'.
          'K' could be instantiated with an arbitrary type which could be unrelated to 'unknown'.
genericsAndHigherOrderFunctions.ts(17,56): error TS2345: Argument of type '(_: N) => (_: R) => R' is not assignable to parameter of type '(_: unknown) => (_: R) => R'.
  Types of parameters '_' and '_' are incompatible.
    Type 'unknown' is not assignable to type 'N'.
      'N' could be instantiated with an arbitrary type which could be unrelated to 'unknown'.
genericsAndHigherOrderFunctions.ts(17,59): error TS2345: Argument of type '(x: K) => N' is not assignable to parameter of type '(_: unknown) => unknown'.
  Types of parameters 'x' and '_' are incompatible.
    Type 'unknown' is not assignable to type 'K'.
      'K' could be instantiated with an arbitrary type which could be unrelated to 'unknown'.
",,default
_submodules/TypeScript/tests/cases/compiler/getterSetterSubtypeAssignment.ts,,"getterSetterSubtypeAssignment.ts(3,23): error TS2322: Type 'number | undefined' is not assignable to type 'number'.
  Type 'undefined' is not assignable to type 'number'.
getterSetterSubtypeAssignment.ts(30,23): error TS2322: Type 'string | number' is not assignable to type 'number'.
  Type 'string' is not assignable to type 'number'.
getterSetterSubtypeAssignment.ts(62,23): error TS2322: Type 'number | { bar: number; }' is not assignable to type 'number'.
  Type '{ bar: number; }' is not assignable to type 'number'.
getterSetterSubtypeAssignment.ts(62,78): error TS2339: Property 'bar' does not exist on type 'number | { bar: number; }'.
",,default
_submodules/TypeScript/tests/cases/compiler/higherOrderMappedIndexLookupInference.ts,,"higherOrderMappedIndexLookupInference.ts(9,5): error TS2322: Type '<U, L>() => U[L]' is not assignable to type '<T, K>() => T[K]'.
  Type 'unknown[string]' is not assignable to type 'T[K]'.
higherOrderMappedIndexLookupInference.ts(10,5): error TS2322: Type '<T, K>() => T[K]' is not assignable to type '<U, L>() => U[L]'.
  Type 'unknown[string]' is not assignable to type 'U[L]'.
",,default
_submodules/TypeScript/tests/cases/compiler/identicalGenericConditionalsWithInferRelated.ts,,"identicalGenericConditionalsWithInferRelated.ts(7,5): error TS2719: Type 'X extends [A] ? A : never' is not assignable to type 'X extends [A] ? A : never'. Two different types with this name exist, but they are unrelated.
identicalGenericConditionalsWithInferRelated.ts(8,5): error TS2719: Type 'X extends [A] ? A : never' is not assignable to type 'X extends [A] ? A : never'. Two different types with this name exist, but they are unrelated.
identicalGenericConditionalsWithInferRelated.ts(25,5): error TS2416: Property 'decode' in type 'Y' is not assignable to the same property in base type 'X'.
",,default
_submodules/TypeScript/tests/cases/compiler/identityAndDivergentNormalizedTypes.ts,,"identityAndDivergentNormalizedTypes.ts(27,20): error TS2345: Argument of type '{ body: any; }' is not assignable to parameter of type '{ cache: ""default"" | ""force-cache"" | ""no-cache"" | ""no-store"" | ""only-if-cached"" | ""reload"" | undefined; credentials: ""include"" | ""omit"" | ""same-origin"" | undefined; headers: [string, string][] | { [P in K]: string; } | Headers | undefined; integrity: string | undefined; keepalive: boolean | undefined; method: string | undefined; mode: ""cors"" | ""navigate"" | ""no-cors"" | ""same-origin"" | undefined; priority: ""auto"" | ""high"" | ""low"" | undefined; redirect: ""error"" | ""follow"" | ""manual"" | undefined; referrer: string | undefined; referrerPolicy: """" | ""no-referrer"" | ""no-referrer-when-downgrade"" | ""origin"" | ""origin-when-cross-origin"" | ""same-origin"" | ""strict-origin"" | ""strict-origin-when-cross-origin"" | ""unsafe-url"" | undefined; signal: AbortSignal | null | undefined; window: null | undefined; } & { body: any; }'.
  Type '{ body: any; }' is missing the following properties from type '{ cache: ""default"" | ""force-cache"" | ""no-cache"" | ""no-store"" | ""only-if-cached"" | ""reload"" | undefined; credentials: ""include"" | ""omit"" | ""same-origin"" | undefined; headers: [string, string][] | { [P in K]: string; } | Headers | undefined; integrity: string | undefined; keepalive: boolean | undefined; method: string | undefined; mode: ""cors"" | ""navigate"" | ""no-cors"" | ""same-origin"" | undefined; priority: ""auto"" | ""high"" | ""low"" | undefined; redirect: ""error"" | ""follow"" | ""manual"" | undefined; referrer: string | undefined; referrerPolicy: """" | ""no-referrer"" | ""no-referrer-when-downgrade"" | ""origin"" | ""origin-when-cross-origin"" | ""same-origin"" | ""strict-origin"" | ""strict-origin-when-cross-origin"" | ""unsafe-url"" | undefined; signal: AbortSignal | null | undefined; window: null | undefined; }': cache, credentials, headers, integrity, and 9 more.
",,default
_submodules/TypeScript/tests/cases/compiler/implicitAnyGenericTypeInference.ts,,"implicitAnyGenericTypeInference.ts(13,10): error TS2345: Argument of type '() => null' is not assignable to parameter of type '() => PromiseLike<unknown>'.
  Type 'null' is not assignable to type 'PromiseLike<unknown>'.
implicitAnyGenericTypeInference.ts(16,4): error TS2345: Argument of type '() => void' is not assignable to parameter of type '() => Generator<unknown>'.
  Type 'void' is not assignable to type 'Generator<unknown>'.
implicitAnyGenericTypeInference.ts(19,4): error TS2345: Argument of type '() => null' is not assignable to parameter of type '() => Generator<unknown, unknown>'.
  Type 'null' is not assignable to type 'Generator<unknown, unknown>'.
implicitAnyGenericTypeInference.ts(22,4): error TS2345: Argument of type '() => void' is not assignable to parameter of type '() => AsyncGenerator<unknown>'.
  Type 'void' is not assignable to type 'AsyncGenerator<unknown>'.
implicitAnyGenericTypeInference.ts(25,4): error TS2345: Argument of type '() => null' is not assignable to parameter of type '() => AsyncGenerator<unknown, unknown>'.
  Type 'null' is not assignable to type 'AsyncGenerator<unknown, unknown>'.
implicitAnyGenericTypeInference.ts(28,19): error TS2339: Property 'catch' does not exist on type 'Promise<void>'.
implicitAnyGenericTypeInference.ts(28,25): error TS7006: Parameter 'e' implicitly has an 'any' type.
implicitAnyGenericTypeInference.ts(29,19): error TS2339: Property 'then' does not exist on type 'Promise<void>'.
implicitAnyGenericTypeInference.ts(29,24): error TS7006: Parameter 'v' implicitly has an 'any' type.
",,default
_submodules/TypeScript/tests/cases/compiler/impliedNodeFormatInterop1.ts,,"/node_modules/highlight.js/index.d.ts(6,18): error TS2454: Variable 'hljs' is used before being assigned.
",,default
_submodules/TypeScript/tests/cases/compiler/importHelpers.ts,,"external.ts(8,5): error TS2391: Function implementation is missing or not immediately following the declaration.
external.ts(8,5): error TS7010: 'method', which lacks return-type annotation, implicitly has an 'any' return type.
external.ts(8,12): error TS1138: Parameter declaration expected.
external.ts(8,17): error TS2564: Property 'x' has no initializer and is not definitely assigned in the constructor.
external.ts(8,26): error TS1442: Expected '=' for property initializer.
external.ts(8,28): error TS1068: Unexpected token. A constructor, method, accessor, or property was expected.
external.ts(10,1): error TS1128: Declaration or statement expected.
external.ts(16,25): error TS1005: ',' expected.
script.ts(8,5): error TS2391: Function implementation is missing or not immediately following the declaration.
script.ts(8,5): error TS7010: 'method', which lacks return-type annotation, implicitly has an 'any' return type.
script.ts(8,12): error TS1138: Parameter declaration expected.
script.ts(8,17): error TS2564: Property 'x' has no initializer and is not definitely assigned in the constructor.
script.ts(8,26): error TS1442: Expected '=' for property initializer.
script.ts(8,28): error TS1068: Unexpected token. A constructor, method, accessor, or property was expected.
script.ts(10,1): error TS1128: Declaration or statement expected.
script.ts(16,18): error TS1005: ',' expected.
",,target=es2015
_submodules/TypeScript/tests/cases/compiler/importHelpersInAmbientContext.ts,,"a.d.ts(20,12): error TS1182: A destructuring declaration must have an initializer.
b.ts(20,13): error TS1182: A destructuring declaration must have an initializer.
",,target=es2015
_submodules/TypeScript/tests/cases/compiler/importHelpersInIsolatedModules.ts,,"external.ts(8,5): error TS2391: Function implementation is missing or not immediately following the declaration.
external.ts(8,5): error TS7010: 'method', which lacks return-type annotation, implicitly has an 'any' return type.
external.ts(8,12): error TS1138: Parameter declaration expected.
external.ts(8,17): error TS2564: Property 'x' has no initializer and is not definitely assigned in the constructor.
external.ts(8,26): error TS1442: Expected '=' for property initializer.
external.ts(8,28): error TS1068: Unexpected token. A constructor, method, accessor, or property was expected.
external.ts(10,1): error TS1128: Declaration or statement expected.
script.ts(8,5): error TS2391: Function implementation is missing or not immediately following the declaration.
script.ts(8,5): error TS7010: 'method', which lacks return-type annotation, implicitly has an 'any' return type.
script.ts(8,12): error TS1138: Parameter declaration expected.
script.ts(8,17): error TS2564: Property 'x' has no initializer and is not definitely assigned in the constructor.
script.ts(8,26): error TS1442: Expected '=' for property initializer.
script.ts(8,28): error TS1068: Unexpected token. A constructor, method, accessor, or property was expected.
script.ts(10,1): error TS1128: Declaration or statement expected.
",,target=es2015
_submodules/TypeScript/tests/cases/compiler/importNonExportedMember4.ts,,"b.ts(1,10): error TS2305: Module '""./a""' has no exported member 'Foo'.
",,default
_submodules/TypeScript/tests/cases/compiler/importNonExportedMember6.ts,,"b.ts(1,10): error TS2305: Module '""./a""' has no exported member 'Foo'.
",,default
_submodules/TypeScript/tests/cases/compiler/importOnAliasedIdentifiers.ts,,"importOnAliasedIdentifiers.ts(8,18): error TS2694: Namespace 'A' has no exported member 'X'.
",,default
_submodules/TypeScript/tests/cases/compiler/importPropertyFromMappedType.ts,,"main.ts(1,10): error TS2305: Module '""./errors""' has no exported member 'NotFound'.
",,default
_submodules/TypeScript/tests/cases/compiler/importTypeGenericArrowTypeParenthesized.ts,,"index.ts(10,38): error TS7006: Parameter 'x' implicitly has an 'any' type.
",,default
_submodules/TypeScript/tests/cases/compiler/importedAliasedConditionalTypeInstantiation.ts,,"index.ts(4,15): error TS2503: Cannot find namespace 'lambdaTester'.
index.ts(5,17): error TS2503: Cannot find namespace 'lambdaTester'.
",,default
_submodules/TypeScript/tests/cases/compiler/inKeywordAndIntersection.ts,,"inKeywordAndIntersection.ts(28,14): error TS2339: Property 'one' does not exist on type 'InstanceOne | InstanceTwo'.
",,default
_submodules/TypeScript/tests/cases/compiler/inKeywordNarrowingWithNoUncheckedIndexedAccess.ts,,"inKeywordNarrowingWithNoUncheckedIndexedAccess.ts(10,20): error TS2339: Property 'test' does not exist on type 'never'.
inKeywordNarrowingWithNoUncheckedIndexedAccess.ts(18,13): error TS2339: Property 'test' does not exist on type 'never'.
",,default
_submodules/TypeScript/tests/cases/compiler/incrementalInvalid.ts,"error TS5074: Option '--incremental' is only valid with a known configuration file (like 'tsconfig.json') or when '--tsBuildInfoFile' is explicitly provided.


!!! error TS5074: Option '--incremental' is only valid with a known configuration file (like 'tsconfig.json') or when '--tsBuildInfoFile' is explicitly provided.",,,default
_submodules/TypeScript/tests/cases/compiler/indexedAccessAndNullableNarrowing.ts,,"indexedAccessAndNullableNarrowing.ts(16,5): error TS2322: Type '({ [P in keyof T]: T[P]; })[K] & object' is not assignable to type 'T[K]'.
  'T[K]' could be instantiated with an arbitrary type which could be unrelated to '({ [P in keyof T]: T[P]; })[K] & object'.
indexedAccessAndNullableNarrowing.ts(17,5): error TS2322: Type '({ [P in keyof T]: T[P]; })[K] & object | null' is not assignable to type 'T[K]'.
  'T[K]' could be instantiated with an arbitrary type which could be unrelated to '({ [P in keyof T]: T[P]; })[K] & object | null'.
indexedAccessAndNullableNarrowing.ts(41,20): error TS2345: Argument of type 'K' is not assignable to parameter of type 'string'.
  Type 'number' is not assignable to type 'string'.
indexedAccessAndNullableNarrowing.ts(43,20): error TS2345: Argument of type 'K' is not assignable to parameter of type 'string'.
  Type 'number' is not assignable to type 'string'.
",,default
_submodules/TypeScript/tests/cases/compiler/indexedAccessTypeConstraints.ts,,"indexedAccessTypeConstraints.ts(20,9): error TS2322: Type 'IData<C>[""content""]' is not assignable to type 'C'.
  'C' could be instantiated with an arbitrary type which could be unrelated to 'IData<C>[""content""]'.
",,default
_submodules/TypeScript/tests/cases/compiler/indirectGlobalSymbolPartOfObjectType.ts,,"indirectGlobalSymbolPartOfObjectType.ts(2,27): error TS2339: Property 'Symbol' does not exist on type 'typeof globalThis'.
",,default
_submodules/TypeScript/tests/cases/compiler/inferPropertyWithContextSensitiveReturnStatement.ts,,"inferPropertyWithContextSensitiveReturnStatement.ts(10,33): error TS2365: Operator '+' cannot be applied to types 'T' and '1'.
",,default
_submodules/TypeScript/tests/cases/compiler/inferStringLiteralUnionForBindingElement.ts,,"inferStringLiteralUnionForBindingElement.ts(19,11): error TS2322: Type 'string' is not assignable to type '""aa"" | ""bb""'.
inferStringLiteralUnionForBindingElement.ts(20,11): error TS2322: Type 'string[]' is not assignable to type '(""aa"" | ""bb"")[]'.
",,default
_submodules/TypeScript/tests/cases/compiler/inferenceAndHKTs.ts,,"inferenceAndHKTs.ts(30,27): error TS2345: Argument of type 'T<number>' is not assignable to parameter of type 'F & { readonly A: A; }[""type""]'.
",,default
_submodules/TypeScript/tests/cases/compiler/inferenceContextualReturnTypeUnion1.ts,,"inferenceContextualReturnTypeUnion1.ts(6,19): error TS7006: Parameter 'x' implicitly has an 'any' type.
inferenceContextualReturnTypeUnion1.ts(9,19): error TS7006: Parameter 'x' implicitly has an 'any' type.
",,default
_submodules/TypeScript/tests/cases/compiler/inferenceContextualReturnTypeUnion3.ts,,"inferenceContextualReturnTypeUnion3.ts(16,25): error TS2739: Type '{ set: (target: any, property: any, value: any, receiver: any) => boolean; defineProperty: (target: any, property: any, descriptor: any) => boolean; deleteProperty: (target: any, property: any) => boolean; setPrototypeOf: (target: any, proto: any) => boolean; }' is missing the following properties from type 'ProxyHandler<T>': apply, construct, get, getOwnPropertyDescriptor, getPrototypeOf, has, isExtensible, ownKeys, preventExtensions
inferenceContextualReturnTypeUnion3.ts(18,8): error TS7006: Parameter 'target' implicitly has an 'any' type.
inferenceContextualReturnTypeUnion3.ts(18,16): error TS7006: Parameter 'property' implicitly has an 'any' type.
inferenceContextualReturnTypeUnion3.ts(18,26): error TS7006: Parameter 'value' implicitly has an 'any' type.
inferenceContextualReturnTypeUnion3.ts(18,33): error TS7006: Parameter 'receiver' implicitly has an 'any' type.
inferenceContextualReturnTypeUnion3.ts(24,8): error TS7006: Parameter 'target' implicitly has an 'any' type.
inferenceContextualReturnTypeUnion3.ts(24,16): error TS7006: Parameter 'property' implicitly has an 'any' type.
inferenceContextualReturnTypeUnion3.ts(24,26): error TS7006: Parameter 'descriptor' implicitly has an 'any' type.
inferenceContextualReturnTypeUnion3.ts(30,8): error TS7006: Parameter 'target' implicitly has an 'any' type.
inferenceContextualReturnTypeUnion3.ts(30,16): error TS7006: Parameter 'property' implicitly has an 'any' type.
inferenceContextualReturnTypeUnion3.ts(35,8): error TS7006: Parameter 'target' implicitly has an 'any' type.
inferenceContextualReturnTypeUnion3.ts(35,16): error TS7006: Parameter 'proto' implicitly has an 'any' type.
",,default
_submodules/TypeScript/tests/cases/compiler/inferenceDoesNotAddUndefinedOrNull.ts,,"inferenceDoesNotAddUndefinedOrNull.ts(12,23): error TS7006: Parameter 'child' implicitly has an 'any' type.
inferenceDoesNotAddUndefinedOrNull.ts(23,23): error TS7006: Parameter 'child' implicitly has an 'any' type.
",,default
_submodules/TypeScript/tests/cases/compiler/inferenceDoesntCompareAgainstUninstantiatedTypeParameter.ts,,"inferenceDoesntCompareAgainstUninstantiatedTypeParameter.ts(17,40): error TS2345: Argument of type 'ConcreteClass' is not assignable to parameter of type 'TEntityClass'.
  'TEntityClass' could be instantiated with an arbitrary type which could be unrelated to 'ConcreteClass'.
inferenceDoesntCompareAgainstUninstantiatedTypeParameter.ts(26,63): error TS2345: Argument of type '{ values: (o: TClass) => { value: any; func: (x: TClass) => string; }[]; }' is not assignable to parameter of type 'SettingsInterface<ConcreteClass>'.
  Types of property 'values' are incompatible.
    Type '(o: TClass) => { value: any; func: (x: TClass) => string; }[]' is not assignable to type '((row: ConcreteClass) => ValueInterface<ConcreteClass>[]) | undefined'.
      Type '(o: TClass) => { value: any; func: (x: TClass) => string; }[]' is not assignable to type '(row: ConcreteClass) => ValueInterface<ConcreteClass>[]'.
        Types of parameters 'o' and 'row' are incompatible.
          Type 'ConcreteClass' is not assignable to type 'TClass'.
            'TClass' could be instantiated with an arbitrary type which could be unrelated to 'ConcreteClass'.
",,default
_submodules/TypeScript/tests/cases/compiler/inferenceLimit.ts,,"file1.ts(24,8): error TS2339: Property 'then' does not exist on type 'Promise<{ [P in keyof T]: T[P] extends null | undefined ? T : T extends object & { then: (onfulfilled: F, args: _) => any; } ? F extends (value: V, args: _) => any ? V extends null | undefined ? T : ... : never : T; }>'.
",,default
_submodules/TypeScript/tests/cases/compiler/inferenceOfNullableObjectTypesWithCommonBase.ts,,"inferenceOfNullableObjectTypesWithCommonBase.ts(11,27): error TS2345: Argument of type '{ foo: string; }' is not assignable to parameter of type '{ foo: string; bar: number; } | undefined | undefined'.
  Property 'bar' is missing in type '{ foo: string; }' but required in type '{ foo: string; bar: number; }'.
inferenceOfNullableObjectTypesWithCommonBase.ts(14,42): error TS2345: Argument of type '{ foo: string; }' is not assignable to parameter of type '{ foo: string; bar: number; } | undefined | undefined'.
  Property 'bar' is missing in type '{ foo: string; }' but required in type '{ foo: string; bar: number; }'.
inferenceOfNullableObjectTypesWithCommonBase.ts(17,23): error TS2345: Argument of type '{ foo: string; }' is not assignable to parameter of type 'undefined | undefined'.
inferenceOfNullableObjectTypesWithCommonBase.ts(25,29): error TS2345: Argument of type '""b""' is not assignable to parameter of type '""a"" | undefined | undefined'.
inferenceOfNullableObjectTypesWithCommonBase.ts(26,17): error TS2345: Argument of type '""b"" | undefined' is not assignable to parameter of type '""a"" | undefined'.
  Type '""b""' is not assignable to type '""a"" | undefined'.
inferenceOfNullableObjectTypesWithCommonBase.ts(28,29): error TS2345: Argument of type '""b"" | null' is not assignable to parameter of type '""a"" | undefined | null | undefined'.
  Type '""b""' is not assignable to type '""a"" | undefined | null | undefined'.
inferenceOfNullableObjectTypesWithCommonBase.ts(29,24): error TS2345: Argument of type '""b"" | undefined' is not assignable to parameter of type '""a"" | null | null | undefined'.
  Type '""b""' is not assignable to type '""a"" | null | null | undefined'.
inferenceOfNullableObjectTypesWithCommonBase.ts(32,49): error TS2345: Argument of type 'string' is not assignable to parameter of type 'string & { tag: ""foo""; } | undefined | undefined'.
",,default
_submodules/TypeScript/tests/cases/compiler/inferenceOptionalProperties.ts,,"inferenceOptionalProperties.ts(6,17): error TS2345: Argument of type '{ a?: string | undefined; b?: number | undefined; }' is not assignable to parameter of type '{ [key: string]: T; }'.
  Index signature for type 'string' is missing in type '{ a?: string | undefined; b?: number | undefined; }'.
    Type 'undefined' is not assignable to type 'T'.
inferenceOptionalProperties.ts(7,17): error TS2345: Argument of type '{ a?: string | undefined; b?: number | undefined; }' is not assignable to parameter of type '{ [key: string]: T; }'.
  Index signature for type 'string' is missing in type '{ a?: string | undefined; b?: number | undefined; }'.
    Type 'undefined' is not assignable to type 'T'.
",,default
_submodules/TypeScript/tests/cases/compiler/inferenceOptionalPropertiesStrict.ts,,"inferenceOptionalPropertiesStrict.ts(6,17): error TS2345: Argument of type '{ a?: string | undefined; b?: number | undefined; }' is not assignable to parameter of type '{ [key: string]: T; }'.
  Index signature for type 'string' is missing in type '{ a?: string | undefined; b?: number | undefined; }'.
    Type 'undefined' is not assignable to type 'T'.
inferenceOptionalPropertiesStrict.ts(7,17): error TS2345: Argument of type '{ a?: string | undefined; b?: number | undefined; }' is not assignable to parameter of type '{ [key: string]: T; }'.
  Index signature for type 'string' is missing in type '{ a?: string | undefined; b?: number | undefined; }'.
    Type 'undefined' is not assignable to type 'T'.
",,default
_submodules/TypeScript/tests/cases/compiler/inferenceOptionalPropertiesToIndexSignatures.ts,,"inferenceOptionalPropertiesToIndexSignatures.ts(8,14): error TS2345: Argument of type '{ a: string; b: number; }' is not assignable to parameter of type '{ [x: string]: T; }'.
  Index signature for type 'string' is missing in type '{ a: string; b: number; }'.
inferenceOptionalPropertiesToIndexSignatures.ts(9,14): error TS2345: Argument of type '{ a: string; b: number | undefined; }' is not assignable to parameter of type '{ [x: string]: T; }'.
  Index signature for type 'string' is missing in type '{ a: string; b: number | undefined; }'.
inferenceOptionalPropertiesToIndexSignatures.ts(10,14): error TS2345: Argument of type '{ a: string; b?: number | undefined; }' is not assignable to parameter of type '{ [x: string]: T; }'.
  Index signature for type 'string' is missing in type '{ a: string; b?: number | undefined; }'.
inferenceOptionalPropertiesToIndexSignatures.ts(11,14): error TS2345: Argument of type '{ a: string; b?: number | undefined; }' is not assignable to parameter of type '{ [x: string]: T; }'.
  Index signature for type 'string' is missing in type '{ a: string; b?: number | undefined; }'.
",,default
_submodules/TypeScript/tests/cases/compiler/inferredReturnTypeIncorrectReuse1.ts,,"inferredReturnTypeIncorrectReuse1.ts(2,23): error TS2749: 't' refers to a value, but is being used as a type here. Did you mean 'typeof t'?
inferredReturnTypeIncorrectReuse1.ts(11,41): error TS2345: Argument of type 't' is not assignable to parameter of type 'string'.
inferredReturnTypeIncorrectReuse1.ts(14,20): error TS2749: 't' refers to a value, but is being used as a type here. Did you mean 'typeof t'?
inferredReturnTypeIncorrectReuse1.ts(28,43): error TS2345: Argument of type 't' is not assignable to parameter of type 'string'.
",,default
_submodules/TypeScript/tests/cases/compiler/inferringAnyFunctionType1.ts,,"inferringAnyFunctionType1.ts(5,12): error TS7006: Parameter 'x' implicitly has an 'any' type.
",,default
_submodules/TypeScript/tests/cases/compiler/inlineConditionalHasSimilarAssignability.ts,,"inlineConditionalHasSimilarAssignability.ts(5,3): error TS2322: Type 'any[] extends T ? T : never' is not assignable to type 'T'.
  'T' could be instantiated with an arbitrary type which could be unrelated to 'any[] extends T ? T : never'.
inlineConditionalHasSimilarAssignability.ts(8,3): error TS2322: Type 'any[] extends T ? any[] : never' is not assignable to type 'T'.
  'T' could be instantiated with an arbitrary type which could be unrelated to 'any[] extends T ? any[] : never'.
inlineConditionalHasSimilarAssignability.ts(11,3): error TS2322: Type 'any[] extends T ? T : never' is not assignable to type 'T'.
  'T' could be instantiated with an arbitrary type which could be unrelated to 'any[] extends T ? T : never'.
inlineConditionalHasSimilarAssignability.ts(15,3): error TS2322: Type 'any[] extends T ? any[] : never' is not assignable to type 'T'.
  'T' could be instantiated with an arbitrary type which could be unrelated to 'any[] extends T ? any[] : never'.
",,default
_submodules/TypeScript/tests/cases/compiler/instantiateContextualTypes.ts,,"instantiateContextualTypes.ts(25,55): error TS7006: Parameter 'val' implicitly has an 'any' type.
instantiateContextualTypes.ts(81,11): error TS7006: Parameter 'a' implicitly has an 'any' type.
instantiateContextualTypes.ts(114,15): error TS2345: Argument of type 'typeof InferFunctionTypes' is not assignable to parameter of type 'ComponentClass<object>'.
  Types of parameters 'props' and 'props' are incompatible.
    Type 'P' is not assignable to type 'P'.
      'P' could be instantiated with an arbitrary type which could be unrelated to 'P'.
instantiateContextualTypes.ts(114,36): error TS7006: Parameter 'foo' implicitly has an 'any' type.
instantiateContextualTypes.ts(116,16): error TS2345: Argument of type 'typeof InferFunctionTypes' is not assignable to parameter of type 'ComponentClass<object>'.
  Types of parameters 'props' and 'props' are incompatible.
    Type 'P' is not assignable to type 'P'.
      'P' could be instantiated with an arbitrary type which could be unrelated to 'P'.
instantiateContextualTypes.ts(116,38): error TS7006: Parameter 'foo' implicitly has an 'any' type.
instantiateContextualTypes.ts(139,38): error TS7006: Parameter 'box' implicitly has an 'any' type.
instantiateContextualTypes.ts(139,38): error TS2345: Argument of type '(box: any) => any' is not assignable to parameter of type 'never'.
instantiateContextualTypes.ts(147,28): error TS2339: Property 'then' does not exist on type 'Promise<void>'.
instantiateContextualTypes.ts(155,28): error TS2339: Property 'then' does not exist on type 'Promise<void>'.
instantiateContextualTypes.ts(160,28): error TS2339: Property 'then' does not exist on type 'Promise<void>'.
instantiateContextualTypes.ts(173,5): error TS2322: Type 'number' is not assignable to type '0 | 1 | 2'.
instantiateContextualTypes.ts(183,26): error TS7019: Rest parameter 'args' implicitly has an 'any[]' type.
",,default
_submodules/TypeScript/tests/cases/compiler/instantiateCrossFileMerge.ts,,"second.ts(2,15): error TS7006: Parameter 'r' implicitly has an 'any' type.
",,default
_submodules/TypeScript/tests/cases/compiler/internalImportUnInstantiatedModuleNotReferencingInstanceNoConflict.ts,,"internalImportUnInstantiatedModuleNotReferencingInstanceNoConflict.ts(7,16): error TS2437: Module 'A' is hidden by a local declaration with the same name.
",,default
_submodules/TypeScript/tests/cases/compiler/intersectionOfMixinConstructorTypeAndNonConstructorType.ts,,"intersectionOfMixinConstructorTypeAndNonConstructorType.ts(4,5): error TS2351: This expression is not constructable.
  Type '{ foo: undefined; } & new (args: any[]) => any' has no construct signatures.
",,default
_submodules/TypeScript/tests/cases/compiler/intersectionTypeInference1.ts,,"intersectionTypeInference1.ts(7,37): error TS2345: Argument of type '(props: { store: string; }) => void' is not assignable to parameter of type '(p: { dispatch: number; } & unknown) => void'.
  Types of parameters 'props' and 'p' are incompatible.
    Type '{ dispatch: number; } & unknown' is not assignable to type '{ store: string; }'.
      Property 'store' is missing in type '{ dispatch: number; } & unknown' but required in type '{ store: string; }'.
",,default
_submodules/TypeScript/tests/cases/compiler/intersectionTypeNormalization.ts,,"intersectionTypeNormalization.ts(12,5): error TS2403: Subsequent variable declarations must have the same type.  Variable 'x' must be of type 'A | B & C | D', but here has type 'A & C | D | B & C | D'.
intersectionTypeNormalization.ts(13,5): error TS2403: Subsequent variable declarations must have the same type.  Variable 'x' must be of type 'A | B & C | D', but here has type 'A & C | A & D | B & C | B & D'.
intersectionTypeNormalization.ts(24,5): error TS2403: Subsequent variable declarations must have the same type.  Variable 'y' must be of type 'A | X & Y & C | D', but here has type 'A & C | D | X & Y & C | D'.
intersectionTypeNormalization.ts(25,5): error TS2403: Subsequent variable declarations must have the same type.  Variable 'y' must be of type 'A | X & Y & C | D', but here has type 'A & C | A & D | X & Y & C | X & Y & D'.
intersectionTypeNormalization.ts(37,5): error TS2403: Subsequent variable declarations must have the same type.  Variable 'z' must be of type 'A | X & M | N & C | D', but here has type 'A & C | D | X & M | N & C | D'.
intersectionTypeNormalization.ts(38,5): error TS2403: Subsequent variable declarations must have the same type.  Variable 'z' must be of type 'A | X & M | N & C | D', but here has type 'A & C | A & D | X & M | N & C | X & M | N & D'.
intersectionTypeNormalization.ts(39,5): error TS2403: Subsequent variable declarations must have the same type.  Variable 'z' must be of type 'A | X & M | N & C | D', but here has type 'A & C | A & D | X & M & C | X & N & C | X & M & D | X & N & D'.
intersectionTypeNormalization.ts(57,27): error TS2339: Property 'num' does not exist on type '{ kind: ""int""; num: number; } | { kind: ""string""; str: string; } & { toString: () => string; }'.
intersectionTypeNormalization.ts(59,18): error TS2339: Property 'str' does not exist on type '{ kind: ""int""; num: number; } | { kind: ""string""; str: string; } & { toString: () => string; }'.
",,default
_submodules/TypeScript/tests/cases/compiler/invalidThisEmitInContextualObjectLiteral.ts,,"invalidThisEmitInContextualObjectLiteral.ts(9,7): error TS7006: Parameter 'e' implicitly has an 'any' type.
invalidThisEmitInContextualObjectLiteral.ts(10,22): error TS7006: Parameter 'vvvvvvvvv' implicitly has an 'any' type.
",,default
_submodules/TypeScript/tests/cases/compiler/isolatedDeclarationsRequiresDeclaration.ts,"error TS5069: Option 'isolatedDeclarations' cannot be specified without specifying option 'declaration' or option 'composite'.


!!! error TS5069: Option 'isolatedDeclarations' cannot be specified without specifying option 'declaration' or option 'composite'.",,,default
_submodules/TypeScript/tests/cases/compiler/isolatedModulesRequiresPreserveConstEnum.ts,"error TS5091: Option 'preserveConstEnums' cannot be disabled when 'isolatedModules' is enabled.


!!! error TS5091: Option 'preserveConstEnums' cannot be disabled when 'isolatedModules' is enabled.",,,default
_submodules/TypeScript/tests/cases/compiler/iterableTReturnTNext.ts,,"iterableTReturnTNext.ts(19,9): error TS2339: Property 'return' does not exist on type 'void'.
",,strictbuiltiniteratorreturn=false
_submodules/TypeScript/tests/cases/compiler/jsFileCompilationWithDeclarationEmitPathSameAsInput.ts,"error TS5055: Cannot write file 'a.d.ts' because it would overwrite input file.
  Adding a tsconfig.json file will help organize projects that contain both TypeScript and JavaScript files. Learn more at https://aka.ms/tsconfig.


!!! error TS5055: Cannot write file 'a.d.ts' because it would overwrite input file.
!!! error TS5055:   Adding a tsconfig.json file will help organize projects that contain both TypeScript and JavaScript files. Learn more at https://aka.ms/tsconfig.",,,default
_submodules/TypeScript/tests/cases/compiler/jsxFactoryAndJsxFragmentFactoryErrorNotIdentifier.tsx,"error TS18035: Invalid value for 'jsxFragmentFactory'. '234' is not a valid identifier or qualified-name.
jsxFactoryAndJsxFragmentFactoryErrorNotIdentifier.tsx(4,3): error TS7026: JSX element implicitly has type 'any' because no interface 'JSX.IntrinsicElements' exists.
jsxFactoryAndJsxFragmentFactoryErrorNotIdentifier.tsx(4,10): error TS7026: JSX element implicitly has type 'any' because no interface 'JSX.IntrinsicElements' exists.
jsxFactoryAndJsxFragmentFactoryErrorNotIdentifier.tsx(4,19): error TS7026: JSX element implicitly has type 'any' because no interface 'JSX.IntrinsicElements' exists.
jsxFactoryAndJsxFragmentFactoryErrorNotIdentifier.tsx(4,28): error TS7026: JSX element implicitly has type 'any' because no interface 'JSX.IntrinsicElements' exists.
jsxFactoryAndJsxFragmentFactoryErrorNotIdentifier.tsx(4,35): error TS7026: JSX element implicitly has type 'any' because no interface 'JSX.IntrinsicElements' exists.
jsxFactoryAndJsxFragmentFactoryErrorNotIdentifier.tsx(4,44): error TS7026: JSX element implicitly has type 'any' because no interface 'JSX.IntrinsicElements' exists.


!!! error TS18035: Invalid value for 'jsxFragmentFactory'. '234' is not a valid identifier or qualified-name.",,,default
_submodules/TypeScript/tests/cases/compiler/jsxFactoryAndReactNamespace.ts,"error TS5053: Option 'reactNamespace' cannot be specified with option 'jsxFactory'.


!!! error TS5053: Option 'reactNamespace' cannot be specified with option 'jsxFactory'.",,,default
_submodules/TypeScript/tests/cases/compiler/jsxFactoryNotIdentifierOrQualifiedName.ts,"error TS5067: Invalid value for 'jsxFactory'. 'Element.createElement=' is not a valid identifier or qualified-name.
test.tsx(12,5): error TS2874: This JSX tag requires 'React' to be in scope, but it could not be found.
test.tsx(13,5): error TS2874: This JSX tag requires 'React' to be in scope, but it could not be found.


!!! error TS5067: Invalid value for 'jsxFactory'. 'Element.createElement=' is not a valid identifier or qualified-name.",,,default
_submodules/TypeScript/tests/cases/compiler/jsxFactoryNotIdentifierOrQualifiedName2.ts,"error TS5067: Invalid value for 'jsxFactory'. 'id1 id2' is not a valid identifier or qualified-name.
test.tsx(12,5): error TS2874: This JSX tag requires 'React' to be in scope, but it could not be found.
test.tsx(13,5): error TS2874: This JSX tag requires 'React' to be in scope, but it could not be found.


!!! error TS5067: Invalid value for 'jsxFactory'. 'id1 id2' is not a valid identifier or qualified-name.","test.tsx(12,5): error TS2874: This JSX tag requires 'id1 id2' to be in scope, but it could not be found.
test.tsx(13,5): error TS2874: This JSX tag requires 'id1 id2' to be in scope, but it could not be found.
",,default
_submodules/TypeScript/tests/cases/compiler/jsxIntrinsicElementsExtendsRecord.tsx,,"index.tsx(5,1): error TS7026: JSX element implicitly has type 'any' because no interface 'JSX.IntrinsicElements' exists.
",,default
_submodules/TypeScript/tests/cases/compiler/jsxLibraryManagedAttributesUnusedGeneric.tsx,,"jsxLibraryManagedAttributesUnusedGeneric.tsx(2,19): error TS2307: Cannot find module 'react' or its corresponding type declarations.
jsxLibraryManagedAttributesUnusedGeneric.tsx(4,15): error TS2300: Duplicate identifier 'jsx'.
jsxLibraryManagedAttributesUnusedGeneric.tsx(4,27): error TS2304: Cannot find name ''.
jsxLibraryManagedAttributesUnusedGeneric.tsx(5,11): error TS2300: Duplicate identifier 'jsx'.
",,default
_submodules/TypeScript/tests/cases/compiler/jsxNamespaceGlobalReexport.tsx,,"/index.tsx(1,27): error TS7026: JSX element implicitly has type 'any' because no interface 'JSX.IntrinsicElements' exists.
/index.tsx(1,32): error TS7026: JSX element implicitly has type 'any' because no interface 'JSX.IntrinsicElements' exists.
/node_modules/preact/jsx-runtime/index.d.ts(1,26): error TS2307: Cannot find module '..' or its corresponding type declarations.
/node_modules/preact/jsx-runtime/index.d.ts(8,8): error TS2307: Cannot find module '..' or its corresponding type declarations.
/node_modules/preact/jsx-runtime/index.d.ts(9,29): error TS2307: Cannot find module '..' or its corresponding type declarations.
/node_modules/preact/jsx-runtime/index.d.ts(13,12): error TS2503: Cannot find namespace 'JSXInternal'.
/node_modules/preact/jsx-runtime/index.d.ts(14,9): error TS2503: Cannot find namespace 'JSXInternal'.
/node_modules/preact/jsx-runtime/index.d.ts(26,12): error TS2503: Cannot find namespace 'JSXInternal'.
/node_modules/preact/jsx-runtime/index.d.ts(27,9): error TS2503: Cannot find namespace 'JSXInternal'.
/node_modules/preact/jsx-runtime/index.d.ts(39,12): error TS2503: Cannot find namespace 'JSXInternal'.
/node_modules/preact/jsx-runtime/index.d.ts(40,9): error TS2503: Cannot find namespace 'JSXInternal'.
/node_modules/preact/jsx-runtime/index.d.ts(56,25): error TS2503: Cannot find namespace 'JSXInternal'.
",,default
_submodules/TypeScript/tests/cases/compiler/jsxNamespaceImplicitImportJSXNamespace.tsx,,"/index.tsx(1,32): error TS7026: JSX element implicitly has type 'any' because no interface 'JSX.IntrinsicElements' exists.
/node_modules/preact/jsx-runtime/index.d.ts(1,26): error TS2307: Cannot find module '..' or its corresponding type declarations.
/node_modules/preact/jsx-runtime/index.d.ts(8,8): error TS2307: Cannot find module '..' or its corresponding type declarations.
/node_modules/preact/jsx-runtime/index.d.ts(9,29): error TS2307: Cannot find module '..' or its corresponding type declarations.
/node_modules/preact/jsx-runtime/index.d.ts(13,12): error TS2503: Cannot find namespace 'JSXInternal'.
/node_modules/preact/jsx-runtime/index.d.ts(14,9): error TS2503: Cannot find namespace 'JSXInternal'.
/node_modules/preact/jsx-runtime/index.d.ts(27,12): error TS2503: Cannot find namespace 'JSXInternal'.
/node_modules/preact/jsx-runtime/index.d.ts(28,9): error TS2503: Cannot find namespace 'JSXInternal'.
/node_modules/preact/jsx-runtime/index.d.ts(41,12): error TS2503: Cannot find namespace 'JSXInternal'.
/node_modules/preact/jsx-runtime/index.d.ts(42,9): error TS2503: Cannot find namespace 'JSXInternal'.
/node_modules/preact/jsx-runtime/index.d.ts(52,21): error TS2503: Cannot find namespace 'JSXInternal'.
",,default
_submodules/TypeScript/tests/cases/compiler/jsxNamespaceImplicitImportJSXNamespaceFromConfigPickedOverGlobalOne.tsx,,"/index.tsx(1,54): error TS7026: JSX element implicitly has type 'any' because no interface 'JSX.IntrinsicElements' exists.
",,jsx=react-jsx
_submodules/TypeScript/tests/cases/compiler/jsxNamespaceImplicitImportJSXNamespaceFromPragmaPickedOverGlobalOne.tsx,,"/index.tsx(2,28): error TS2874: This JSX tag requires 'React' to be in scope, but it could not be found.
",,default
_submodules/TypeScript/tests/cases/compiler/lambdaParameterWithTupleArgsHasCorrectAssignability.ts,,"lambdaParameterWithTupleArgsHasCorrectAssignability.ts(17,49): error TS2339: Property 'length' does not exist on type '[object, object[][]]'.
lambdaParameterWithTupleArgsHasCorrectAssignability.ts(20,32): error TS7006: Parameter '_unused_num' implicitly has an 'any' type.
lambdaParameterWithTupleArgsHasCorrectAssignability.ts(20,64): error TS2339: Property 'length' does not exist on type '[object, object[][]]'.
",,default
_submodules/TypeScript/tests/cases/compiler/manyCompilerErrorsInTheTwoFiles.ts,"[96ma.ts[0m:[93m1[0m:[93m12[0m - [91merror[0m[90m TS18026: [0m'#!' can only be used at the start of a file.

[7m1[0m const a =!@#!@$
[7m [0m [91m           ~~[0m

[96ma.ts[0m:[93m1[0m:[93m14[0m - [91merror[0m[90m TS1134: [0mVariable declaration expected.

[7m1[0m const a =!@#!@$
[7m [0m [91m             ~[0m

[96ma.ts[0m:[93m2[0m:[93m13[0m - [91merror[0m[90m TS18026: [0m'#!' can only be used at the start of a file.

[7m2[0m const b = !@#!@#!@#!
[7m [0m [91m            ~~[0m

[96ma.ts[0m:[93m2[0m:[93m15[0m - [91merror[0m[90m TS1134: [0mVariable declaration expected.

[7m2[0m const b = !@#!@#!@#!
[7m [0m [91m              ~[0m

[96ma.ts[0m:[93m2[0m:[93m16[0m - [91merror[0m[90m TS18026: [0m'#!' can only be used at the start of a file.

[7m2[0m const b = !@#!@#!@#!
[7m [0m [91m               ~~[0m

[96ma.ts[0m:[93m2[0m:[93m19[0m - [91merror[0m[90m TS18026: [0m'#!' can only be used at the start of a file.

[7m2[0m const b = !@#!@#!@#!
[7m [0m [91m                  ~~[0m

[96ma.ts[0m:[93m3[0m:[93m1[0m - [91merror[0m[90m TS2304: [0mCannot find name 'OK'.

[7m3[0m OK!
[7m [0m [91m~~[0m

[96ma.ts[0m:[93m4[0m:[93m1[0m - [91merror[0m[90m TS1434: [0mUnexpected keyword or identifier.

[7m4[0m HERE's A shouty thing
[7m [0m [91m~~~~[0m

[96ma.ts[0m:[93m4[0m:[93m1[0m - [91merror[0m[90m TS2304: [0mCannot find name 'HERE'.

[7m4[0m HERE's A shouty thing
[7m [0m [91m~~~~[0m

[96ma.ts[0m:[93m4[0m:[93m22[0m - [91merror[0m[90m TS1002: [0mUnterminated string literal.

[7m4[0m HERE's A shouty thing
[7m [0m [91m                     ~[0m

[96ma.ts[0m:[93m5[0m:[93m1[0m - [91merror[0m[90m TS1434: [0mUnexpected keyword or identifier.

[7m5[0m GOTTA GO FAST
[7m [0m [91m~~~~~[0m

[96ma.ts[0m:[93m5[0m:[93m1[0m - [91merror[0m[90m TS2304: [0mCannot find name 'GOTTA'.

[7m5[0m GOTTA GO FAST
[7m [0m [91m~~~~~[0m

[96ma.ts[0m:[93m5[0m:[93m7[0m - [91merror[0m[90m TS1434: [0mUnexpected keyword or identifier.

[7m5[0m GOTTA GO FAST
[7m [0m [91m      ~~[0m

[96ma.ts[0m:[93m5[0m:[93m7[0m - [91merror[0m[90m TS2304: [0mCannot find name 'GO'.

[7m5[0m GOTTA GO FAST
[7m [0m [91m      ~~[0m

[96ma.ts[0m:[93m5[0m:[93m10[0m - [91merror[0m[90m TS2304: [0mCannot find name 'FAST'.

[7m5[0m GOTTA GO FAST
[7m [0m [91m         ~~~~[0m

[96mb.ts[0m:[93m1[0m:[93m1[0m - [91merror[0m[90m TS2304: [0mCannot find name 'fhqwhgads'.

[7m1[0m fhqwhgads
[7m [0m [91m~~~~~~~~~[0m

[96mb.ts[0m:[93m2[0m:[93m1[0m - [91merror[0m[90m TS2304: [0mCannot find name 'to'.

[7m2[0m to
[7m [0m [91m~~[0m

[96mb.ts[0m:[93m3[0m:[93m1[0m - [91merror[0m[90m TS2304: [0mCannot find name 'limit'.

[7m3[0m limit
[7m [0m [91m~~~~~[0m","a.ts(1,11): error TS1109: Expression expected.
a.ts(1,12): error TS1127: Invalid character.
a.ts(2,12): error TS1109: Expression expected.
a.ts(2,13): error TS1127: Invalid character.
a.ts(2,16): error TS1127: Invalid character.
a.ts(2,19): error TS1127: Invalid character.
a.ts(3,1): error TS2304: Cannot find name 'OK'.
a.ts(4,1): error TS1434: Unexpected keyword or identifier.
a.ts(4,1): error TS2304: Cannot find name 'HERE'.
a.ts(4,5): error TS1002: Unterminated string literal.
a.ts(5,1): error TS1434: Unexpected keyword or identifier.
a.ts(5,1): error TS2304: Cannot find name 'GOTTA'.
a.ts(5,7): error TS1434: Unexpected keyword or identifier.
a.ts(5,7): error TS2304: Cannot find name 'GO'.
a.ts(5,10): error TS2304: Cannot find name 'FAST'.
b.ts(1,1): error TS2304: Cannot find name 'fhqwhgads'.
b.ts(2,1): error TS2304: Cannot find name 'to'.
b.ts(3,1): error TS2304: Cannot find name 'limit'.
",,default
_submodules/TypeScript/tests/cases/compiler/mapOnTupleTypes01.ts,,"mapOnTupleTypes01.ts(6,25): error TS2339: Property 'map' does not exist on type '[number]'.
mapOnTupleTypes01.ts(6,29): error TS7006: Parameter 'x' implicitly has an 'any' type.
mapOnTupleTypes01.ts(14,23): error TS2339: Property 'map' does not exist on type '[number, number]'.
mapOnTupleTypes01.ts(14,27): error TS7006: Parameter 'n' implicitly has an 'any' type.
mapOnTupleTypes01.ts(15,23): error TS2339: Property 'map' does not exist on type '[string, string]'.
mapOnTupleTypes01.ts(15,27): error TS7006: Parameter 's' implicitly has an 'any' type.
mapOnTupleTypes01.ts(16,23): error TS2339: Property 'map' does not exist on type '[number, string]'.
mapOnTupleTypes01.ts(16,27): error TS7006: Parameter 'x' implicitly has an 'any' type.
mapOnTupleTypes01.ts(22,26): error TS2339: Property 'map' does not exist on type '[number, number, number]'.
mapOnTupleTypes01.ts(22,30): error TS7006: Parameter 'n' implicitly has an 'any' type.
mapOnTupleTypes01.ts(28,29): error TS2339: Property 'map' does not exist on type '[number, number, number, number]'.
mapOnTupleTypes01.ts(28,33): error TS7006: Parameter 'n' implicitly has an 'any' type.
mapOnTupleTypes01.ts(34,32): error TS2339: Property 'map' does not exist on type '[number, number, number, number, number]'.
mapOnTupleTypes01.ts(34,36): error TS7006: Parameter 'n' implicitly has an 'any' type.
mapOnTupleTypes01.ts(41,32): error TS2339: Property 'map' does not exist on type '[number, number, number, number, number]'.
mapOnTupleTypes01.ts(41,36): error TS7006: Parameter 'n' implicitly has an 'any' type.
",,default
_submodules/TypeScript/tests/cases/compiler/mapOnTupleTypes02.ts,,"mapOnTupleTypes02.ts(4,16): error TS2339: Property 'map' does not exist on type '[number, number]'.
mapOnTupleTypes02.ts(4,20): error TS7006: Parameter 'd' implicitly has an 'any' type.
",,default
_submodules/TypeScript/tests/cases/compiler/mappedTypeGenericIndexedAccess.ts,,"mappedTypeGenericIndexedAccess.ts(38,11): error TS7006: Parameter 'p' implicitly has an 'any' type.
mappedTypeGenericIndexedAccess.ts(39,11): error TS7006: Parameter 'p' implicitly has an 'any' type.
",,default
_submodules/TypeScript/tests/cases/compiler/mappedTypeParameterConstraint.ts,,"mappedTypeParameterConstraint.ts(5,5): error TS2322: Type 'U' is not assignable to type '{ [P in keyof T]: U[string]; }'.
",,default
_submodules/TypeScript/tests/cases/compiler/mappedTypeRecursiveInference2.ts,,"mappedTypeRecursiveInference2.ts(15,37): error TS7006: Parameter 'x' implicitly has an 'any' type.
mappedTypeRecursiveInference2.ts(16,48): error TS7006: Parameter 'x' implicitly has an 'any' type.
mappedTypeRecursiveInference2.ts(17,42): error TS7006: Parameter 'x' implicitly has an 'any' type.
",,default
_submodules/TypeScript/tests/cases/compiler/mappedTypeTupleConstraintAssignability.ts,,"mappedTypeTupleConstraintAssignability.ts(39,26): error TS2558: Expected 4 type arguments, but got 1.
mappedTypeTupleConstraintAssignability.ts(39,41): error TS2345: Argument of type '{ [K in keyof T]: ISchema<T[K]>; }' is not assignable to parameter of type '[ISchema<any>, ISchema<any>[][]]'.
",,default
_submodules/TypeScript/tests/cases/compiler/mappedTypeWithNameClauseAppliedToArrayType.ts,,"mappedTypeWithNameClauseAppliedToArrayType.ts(6,14): error TS2345: Argument of type '{ [K in keyof T as K]: number[][K]; }' is not assignable to parameter of type 'unknown[]'.
  Type '{ [K in keyof T as K]: number[][K]; }' is missing the following properties from type 'unknown[]': length, pop, push, concat, and 25 more.
",,default
_submodules/TypeScript/tests/cases/compiler/matchingOfObjectLiteralConstraints.ts,,"matchingOfObjectLiteralConstraints.ts(2,6): error TS2345: Argument of type '{ y: string; }' is not assignable to parameter of type '{ y: T; }'.
  Types of property 'y' are incompatible.
    Type '""foo""' is not assignable to type 'T'.
",,default
_submodules/TypeScript/tests/cases/compiler/mergeMultipleInterfacesReexported.ts,,"test.ts(4,7): error TS2322: Type '""p0"" | ""p1"" | ""p2""' is not assignable to type '""p0""'.
  Type '""p1""' is not assignable to type '""p0""'.
",,default
_submodules/TypeScript/tests/cases/compiler/mergedDeclarations4.ts,,"mergedDeclarations4.ts(18,5): error TS2339: Property 'hello' does not exist on type '() => void'.
",,default
_submodules/TypeScript/tests/cases/compiler/mergedDeclarations5.ts,,"b.ts(3,17): error TS2689: Cannot extend an interface 'A'. Did you mean 'implements'?
",,default
_submodules/TypeScript/tests/cases/compiler/modularizeLibrary_ErrorFromUsingES6ArrayWithOnlyES6ArrayLib.ts,"error TS2318: Cannot find global type 'Boolean'.
error TS2318: Cannot find global type 'CallableFunction'.
error TS2318: Cannot find global type 'IArguments'.
error TS2318: Cannot find global type 'NewableFunction'.
error TS2318: Cannot find global type 'Number'.
error TS2318: Cannot find global type 'Object'.
modularizeLibrary_ErrorFromUsingES6ArrayWithOnlyES6ArrayLib.ts(3,12): error TS2693: 'Array' only refers to a type, but is being used as a value here.


!!! error TS2318: Cannot find global type 'Boolean'.
!!! error TS2318: Cannot find global type 'CallableFunction'.
!!! error TS2318: Cannot find global type 'IArguments'.
!!! error TS2318: Cannot find global type 'NewableFunction'.
!!! error TS2318: Cannot find global type 'Number'.
!!! error TS2318: Cannot find global type 'Object'.","bundled:///libs/lib.es2015.core.d.ts(70,24): error TS2304: Cannot find name 'ArrayLike'.
bundled:///libs/lib.es2015.core.d.ts(78,27): error TS2304: Cannot find name 'ArrayLike'.
bundled:///libs/lib.es2015.core.d.ts(558,46): error TS2304: Cannot find name 'ArrayLike'.
",,target=es2015
_submodules/TypeScript/tests/cases/compiler/modularizeLibrary_ErrorFromUsingES6FeaturesWithOnlyES5Lib.ts,"modularizeLibrary_ErrorFromUsingES6FeaturesWithOnlyES5Lib.ts(4,18): error TS2550: Property 'from' does not exist on type 'ArrayConstructor'. Do you need to change your target library? Try changing the 'lib' compiler option to 'es2015' or later.
modularizeLibrary_ErrorFromUsingES6FeaturesWithOnlyES5Lib.ts(10,13): error TS2583: Cannot find name 'Map'. Do you need to change your target library? Try changing the 'lib' compiler option to 'es2015' or later.
modularizeLibrary_ErrorFromUsingES6FeaturesWithOnlyES5Lib.ts(17,5): error TS2339: Property 'name' does not exist on type '() => void'.
modularizeLibrary_ErrorFromUsingES6FeaturesWithOnlyES5Lib.ts(20,6): error TS2550: Property 'sign' does not exist on type 'Math'. Do you need to change your target library? Try changing the 'lib' compiler option to 'es2015' or later.
modularizeLibrary_ErrorFromUsingES6FeaturesWithOnlyES5Lib.ts(25,6): error TS2585: 'Symbol' only refers to a type, but is being used as a value here. Do you need to change your target library? Try changing the 'lib' compiler option to es2015 or later.
modularizeLibrary_ErrorFromUsingES6FeaturesWithOnlyES5Lib.ts(29,18): error TS2585: 'Symbol' only refers to a type, but is being used as a value here. Do you need to change your target library? Try changing the 'lib' compiler option to es2015 or later.
modularizeLibrary_ErrorFromUsingES6FeaturesWithOnlyES5Lib.ts(33,13): error TS2304: Cannot find name 'Proxy'.
modularizeLibrary_ErrorFromUsingES6FeaturesWithOnlyES5Lib.ts(36,1): error TS2583: Cannot find name 'Reflect'. Do you need to change your target library? Try changing the 'lib' compiler option to 'es2015' or later.
modularizeLibrary_ErrorFromUsingES6FeaturesWithOnlyES5Lib.ts(40,5): error TS2550: Property 'flags' does not exist on type 'RegExp'. Do you need to change your target library? Try changing the 'lib' compiler option to 'es2015' or later.
modularizeLibrary_ErrorFromUsingES6FeaturesWithOnlyES5Lib.ts(44,5): error TS2550: Property 'includes' does not exist on type 'string'. Do you need to change your target library? Try changing the 'lib' compiler option to 'es2015' or later.
modularizeLibrary_ErrorFromUsingES6FeaturesWithOnlyES5Lib.ts(47,9): error TS2585: 'Symbol' only refers to a type, but is being used as a value here. Do you need to change your target library? Try changing the 'lib' compiler option to es2015 or later.
modularizeLibrary_ErrorFromUsingES6FeaturesWithOnlyES5Lib.ts(51,6): error TS2585: 'Symbol' only refers to a type, but is being used as a value here. Do you need to change your target library? Try changing the 'lib' compiler option to es2015 or later.","modularizeLibrary_ErrorFromUsingES6FeaturesWithOnlyES5Lib.ts(4,18): error TS2339: Property 'from' does not exist on type 'ArrayConstructor'.
modularizeLibrary_ErrorFromUsingES6FeaturesWithOnlyES5Lib.ts(17,5): error TS2339: Property 'name' does not exist on type '() => void'.
modularizeLibrary_ErrorFromUsingES6FeaturesWithOnlyES5Lib.ts(20,6): error TS2551: Property 'sign' does not exist on type 'Math'. Did you mean 'sin'?
modularizeLibrary_ErrorFromUsingES6FeaturesWithOnlyES5Lib.ts(40,5): error TS2339: Property 'flags' does not exist on type 'RegExp'.
modularizeLibrary_ErrorFromUsingES6FeaturesWithOnlyES5Lib.ts(44,5): error TS2339: Property 'includes' does not exist on type 'string'.
",,default
_submodules/TypeScript/tests/cases/compiler/modularizeLibrary_TargetES6UsingES6Lib.ts,,"modularizeLibrary_TargetES6UsingES6Lib.ts(32,22): error TS2739: Type '{}' is missing the following properties from type 'ProxyHandler<{}>': apply, construct, defineProperty, deleteProperty, get, getOwnPropertyDescriptor, getPrototypeOf, has, isExtensible, ownKeys, preventExtensions, set, setPrototypeOf
",,default
_submodules/TypeScript/tests/cases/compiler/modularizeLibrary_UsingES5LibAndES6FeatureLibs.ts,,"modularizeLibrary_UsingES5LibAndES6FeatureLibs.ts(3,22): error TS2739: Type '{}' is missing the following properties from type 'ProxyHandler<{}>': apply, construct, defineProperty, deleteProperty, get, getOwnPropertyDescriptor, getPrototypeOf, has, isExtensible, ownKeys, preventExtensions, set, setPrototypeOf
",,default
_submodules/TypeScript/tests/cases/compiler/moduleAugmentationDoesInterfaceMergeOfReexport.ts,,"augment.ts(9,21): error TS2694: Namespace 'reexport.ts' has no exported member 'Foo'.
",,default
_submodules/TypeScript/tests/cases/compiler/moduleAugmentationDoesNamespaceEnumMergeOfReexport.ts,,"augment.ts(12,21): error TS2694: Namespace 'reexport.ts' has no exported member 'Root'.
augment.ts(13,13): error TS2694: Namespace 'reexport.ts' has no exported member 'Root'.
",,default
_submodules/TypeScript/tests/cases/compiler/moduleAugmentationDoesNamespaceMergeOfReexport.ts,,"augment.ts(11,21): error TS2694: Namespace 'reexport.ts' has no exported member 'Root'.
",,default
_submodules/TypeScript/tests/cases/compiler/moduleAugmentationDuringSyntheticDefaultCheck.ts,,"error TS6053: File 'idx' not found.
node_modules/moment-timezone/index.d.ts(3,16): error TS2664: Invalid module name in augmentation, module 'moment' cannot be found.


!!! error TS6053: File 'idx' not found.
",,default
_submodules/TypeScript/tests/cases/compiler/moduleAugmentationGlobal2.ts,,"f2.ts(11,11): error TS2339: Property 'getCountAsString' does not exist on type 'number[]'.
",,default
_submodules/TypeScript/tests/cases/compiler/moduleAugmentationGlobal3.ts,,"f3.ts(4,11): error TS2339: Property 'getCountAsString' does not exist on type 'number[]'.
",,default
_submodules/TypeScript/tests/cases/compiler/moduleAugmentationInAmbientModule5.ts,,"f.ts(5,11): error TS2339: Property 'getA' does not exist on type 'number[]'.
",,default
_submodules/TypeScript/tests/cases/compiler/moduleAugmentationInDependency.ts,,"/node_modules/A/index.d.ts(1,16): error TS2664: Invalid module name in augmentation, module 'ext' cannot be found.
",,default
_submodules/TypeScript/tests/cases/compiler/moduleAugmentationOfAlias.ts,,"/c.ts(3,7): error TS2339: Property 'x' does not exist on type 'I'.
",,default
_submodules/TypeScript/tests/cases/compiler/moduleDeclarationExportStarShadowingGlobalIsNameable.ts,,"index.ts(10,37): error TS2694: Namespace 'model/index.ts' has no exported member 'Account'.
index.ts(10,58): error TS2694: Namespace 'model/index.ts' has no exported member 'Acc'.
",,default
_submodules/TypeScript/tests/cases/compiler/moduleResolutionWithSuffixes_empty.ts,,"error TS5107: Option 'moduleResolution=node10' is deprecated and will stop functioning in TypeScript 7.0. Specify compilerOption '""ignoreDeprecations"": ""6.0""' to silence this error.
  Visit https://aka.ms/ts6 for migration information.


!!! error TS5107: Option 'moduleResolution=node10' is deprecated and will stop functioning in TypeScript 7.0. Specify compilerOption '""ignoreDeprecations"": ""6.0""' to silence this error.
!!! error TS5107:   Visit https://aka.ms/ts6 for migration information.
",,default
_submodules/TypeScript/tests/cases/compiler/moduleResolutionWithSuffixes_notSpecified.ts,,"error TS5107: Option 'moduleResolution=node10' is deprecated and will stop functioning in TypeScript 7.0. Specify compilerOption '""ignoreDeprecations"": ""6.0""' to silence this error.
  Visit https://aka.ms/ts6 for migration information.


!!! error TS5107: Option 'moduleResolution=node10' is deprecated and will stop functioning in TypeScript 7.0. Specify compilerOption '""ignoreDeprecations"": ""6.0""' to silence this error.
!!! error TS5107:   Visit https://aka.ms/ts6 for migration information.
",,default
_submodules/TypeScript/tests/cases/compiler/moduleResolutionWithSuffixes_one.ts,,"error TS5107: Option 'moduleResolution=node10' is deprecated and will stop functioning in TypeScript 7.0. Specify compilerOption '""ignoreDeprecations"": ""6.0""' to silence this error.
  Visit https://aka.ms/ts6 for migration information.
/index.ts(1,10): error TS2305: Module '""./foo""' has no exported member 'ios'.


!!! error TS5107: Option 'moduleResolution=node10' is deprecated and will stop functioning in TypeScript 7.0. Specify compilerOption '""ignoreDeprecations"": ""6.0""' to silence this error.
!!! error TS5107:   Visit https://aka.ms/ts6 for migration information.
",,default
_submodules/TypeScript/tests/cases/compiler/moduleResolutionWithSuffixes_oneBlank.ts,,"error TS5107: Option 'moduleResolution=node10' is deprecated and will stop functioning in TypeScript 7.0. Specify compilerOption '""ignoreDeprecations"": ""6.0""' to silence this error.
  Visit https://aka.ms/ts6 for migration information.


!!! error TS5107: Option 'moduleResolution=node10' is deprecated and will stop functioning in TypeScript 7.0. Specify compilerOption '""ignoreDeprecations"": ""6.0""' to silence this error.
!!! error TS5107:   Visit https://aka.ms/ts6 for migration information.
",,default
_submodules/TypeScript/tests/cases/compiler/moduleResolutionWithSuffixes_oneNotFound.ts,,"error TS5107: Option 'moduleResolution=node10' is deprecated and will stop functioning in TypeScript 7.0. Specify compilerOption '""ignoreDeprecations"": ""6.0""' to silence this error.
  Visit https://aka.ms/ts6 for migration information.
/index.ts(1,10): error TS2305: Module '""./foo""' has no exported member 'ios'.


!!! error TS5107: Option 'moduleResolution=node10' is deprecated and will stop functioning in TypeScript 7.0. Specify compilerOption '""ignoreDeprecations"": ""6.0""' to silence this error.
!!! error TS5107:   Visit https://aka.ms/ts6 for migration information.
",,default
_submodules/TypeScript/tests/cases/compiler/moduleResolutionWithSuffixes_one_dirModuleWithIndex.ts,,"error TS5107: Option 'moduleResolution=node10' is deprecated and will stop functioning in TypeScript 7.0. Specify compilerOption '""ignoreDeprecations"": ""6.0""' to silence this error.
  Visit https://aka.ms/ts6 for migration information.
/index.ts(1,10): error TS2305: Module '""./foo""' has no exported member 'ios'.


!!! error TS5107: Option 'moduleResolution=node10' is deprecated and will stop functioning in TypeScript 7.0. Specify compilerOption '""ignoreDeprecations"": ""6.0""' to silence this error.
!!! error TS5107:   Visit https://aka.ms/ts6 for migration information.
",,default
_submodules/TypeScript/tests/cases/compiler/moduleResolutionWithSuffixes_threeLastIsBlank1.ts,,"error TS5107: Option 'moduleResolution=node10' is deprecated and will stop functioning in TypeScript 7.0. Specify compilerOption '""ignoreDeprecations"": ""6.0""' to silence this error.
  Visit https://aka.ms/ts6 for migration information.
/index.ts(1,10): error TS2305: Module '""./foo""' has no exported member 'ios'.


!!! error TS5107: Option 'moduleResolution=node10' is deprecated and will stop functioning in TypeScript 7.0. Specify compilerOption '""ignoreDeprecations"": ""6.0""' to silence this error.
!!! error TS5107:   Visit https://aka.ms/ts6 for migration information.
",,default
_submodules/TypeScript/tests/cases/compiler/moduleResolutionWithSuffixes_threeLastIsBlank2.ts,,"error TS5107: Option 'moduleResolution=node10' is deprecated and will stop functioning in TypeScript 7.0. Specify compilerOption '""ignoreDeprecations"": ""6.0""' to silence this error.
  Visit https://aka.ms/ts6 for migration information.
/index.ts(1,10): error TS2305: Module '""./foo""' has no exported member 'native'.


!!! error TS5107: Option 'moduleResolution=node10' is deprecated and will stop functioning in TypeScript 7.0. Specify compilerOption '""ignoreDeprecations"": ""6.0""' to silence this error.
!!! error TS5107:   Visit https://aka.ms/ts6 for migration information.
",,default
_submodules/TypeScript/tests/cases/compiler/moduleResolutionWithSuffixes_threeLastIsBlank3.ts,,"error TS5107: Option 'moduleResolution=node10' is deprecated and will stop functioning in TypeScript 7.0. Specify compilerOption '""ignoreDeprecations"": ""6.0""' to silence this error.
  Visit https://aka.ms/ts6 for migration information.


!!! error TS5107: Option 'moduleResolution=node10' is deprecated and will stop functioning in TypeScript 7.0. Specify compilerOption '""ignoreDeprecations"": ""6.0""' to silence this error.
!!! error TS5107:   Visit https://aka.ms/ts6 for migration information.
",,default
_submodules/TypeScript/tests/cases/compiler/moduleResolutionWithSuffixes_threeLastIsBlank4.ts,,"error TS5107: Option 'moduleResolution=node10' is deprecated and will stop functioning in TypeScript 7.0. Specify compilerOption '""ignoreDeprecations"": ""6.0""' to silence this error.
  Visit https://aka.ms/ts6 for migration information.
/index.ts(1,22): error TS2307: Cannot find module './foo' or its corresponding type declarations.


!!! error TS5107: Option 'moduleResolution=node10' is deprecated and will stop functioning in TypeScript 7.0. Specify compilerOption '""ignoreDeprecations"": ""6.0""' to silence this error.
!!! error TS5107:   Visit https://aka.ms/ts6 for migration information.
",,default
_submodules/TypeScript/tests/cases/compiler/module_augmentUninstantiatedModule2.ts,,"app.ts(4,20): error TS2339: Property 'getNumber' does not exist on type 'IAngularStatic'.
moduleAugmentation.ts(2,16): error TS2664: Invalid module name in augmentation, module 'angular' cannot be found.
",,default
_submodules/TypeScript/tests/cases/compiler/multiLineContextDiagnosticWithPretty.ts,"[96mmultiLineContextDiagnosticWithPretty.ts[0m:[93m2[0m:[93m5[0m - [91merror[0m[90m TS2353: [0mObject literal may only specify known properties, and 'a' does not exist in type '{ c: string; }'.

[7m2[0m     a: {
[7m [0m [91m    ~[0m","multiLineContextDiagnosticWithPretty.ts(2,5): error TS2353: Object literal may only specify known properties, and 'a' does not exist in type '{ c: string; }'.
",,default
_submodules/TypeScript/tests/cases/compiler/namespacesWithTypeAliasOnlyExportsMerge.ts,,"circularWithUses.ts(12,29): error TS2694: Namespace 'NS2' has no exported member 'B'.
circularWithUses.ts(13,29): error TS2694: Namespace 'NS1' has no exported member 'A'.
circularWithUses.ts(14,29): error TS2694: Namespace 'NS2' has no exported member 'NS1'.
circularWithUses.ts(15,29): error TS2694: Namespace 'NS1' has no exported member 'NS2'.
constAndNS.ts(10,26): error TS2694: Namespace 'Q' has no exported member 'A'.
constAndNS.ts(18,32): error TS2694: Namespace 'default' has no exported member 'A'.
",,default
_submodules/TypeScript/tests/cases/compiler/narrowByParenthesizedSwitchExpression.ts,,"narrowByParenthesizedSwitchExpression.ts(23,7): error TS2339: Property 'bar' does not exist on type 'Foo | Bar'.
narrowByParenthesizedSwitchExpression.ts(27,7): error TS2339: Property 'foo' does not exist on type 'Foo | Bar'.
",,default
_submodules/TypeScript/tests/cases/compiler/narrowedConstInMethod.ts,,"narrowedConstInMethod.ts(6,28): error TS18047: 'x' is possibly 'null'.
narrowedConstInMethod.ts(15,28): error TS18047: 'x' is possibly 'null'.
",,default
_submodules/TypeScript/tests/cases/compiler/narrowedImports.ts,,"/x.ts(8,9): error TS2322: Type 'number | undefined' is not assignable to type 'number'.
  Type 'undefined' is not assignable to type 'number'.
/x.ts(9,9): error TS2322: Type 'number | undefined' is not assignable to type 'number'.
  Type 'undefined' is not assignable to type 'number'.
/x.ts(11,9): error TS2322: Type 'number | undefined' is not assignable to type 'number'.
  Type 'undefined' is not assignable to type 'number'.
",,default
_submodules/TypeScript/tests/cases/compiler/narrowingByTypeofInSwitch.ts,,"narrowingByTypeofInSwitch.ts(138,56): error TS2366: Function lacks ending return statement and return type does not include 'undefined'.
narrowingByTypeofInSwitch.ts(143,33): error TS2339: Property 'x' does not exist on type 'never'.
narrowingByTypeofInSwitch.ts(147,77): error TS2366: Function lacks ending return statement and return type does not include 'undefined'.
narrowingByTypeofInSwitch.ts(149,33): error TS2339: Property 'toString' does not exist on type 'never'.
narrowingByTypeofInSwitch.ts(158,38): error TS2349: This expression is not callable.
  Type 'never' has no call signatures.
narrowingByTypeofInSwitch.ts(159,39): error TS2339: Property 'y' does not exist on type 'never'.
narrowingByTypeofInSwitch.ts(160,37): error TS2345: Argument of type 'X | Y' is not assignable to parameter of type 'never'.
  Type 'X' is not assignable to type 'never'.
narrowingByTypeofInSwitch.ts(164,86): error TS2366: Function lacks ending return statement and return type does not include 'undefined'.
narrowingByTypeofInSwitch.ts(172,74): error TS2366: Function lacks ending return statement and return type does not include 'undefined'.
narrowingByTypeofInSwitch.ts(174,39): error TS2339: Property 'y' does not exist on type 'never'.
narrowingByTypeofInSwitch.ts(175,38): error TS2349: This expression is not callable.
  Type 'never' has no call signatures.
narrowingByTypeofInSwitch.ts(184,43): error TS2345: Argument of type 'number' is not assignable to parameter of type 'never'.
narrowingByTypeofInSwitch.ts(196,43): error TS2345: Argument of type 'string' is not assignable to parameter of type 'never'.
narrowingByTypeofInSwitch.ts(197,43): error TS2345: Argument of type 'number' is not assignable to parameter of type 'never'.
narrowingByTypeofInSwitch.ts(212,35): error TS2345: Argument of type 'number | boolean | object' is not assignable to parameter of type 'boolean | object'.
  Type 'number' is not assignable to type 'boolean | object'.
narrowingByTypeofInSwitch.ts(262,45): error TS2345: Argument of type '""hello"" | 3 | true' is not assignable to parameter of type 'never'.
  Type 'string' is not assignable to type 'never'.
narrowingByTypeofInSwitch.ts(292,35): error TS2345: Argument of type 'number | boolean | object' is not assignable to parameter of type 'boolean | object'.
  Type 'number' is not assignable to type 'boolean | object'.
narrowingByTypeofInSwitch.ts(308,94): error TS2366: Function lacks ending return statement and return type does not include 'undefined'.
",,default
_submodules/TypeScript/tests/cases/compiler/narrowingDestructuring.ts,,"narrowingDestructuring.ts(5,15): error TS2339: Property 'a' does not exist on type 'T'.
narrowingDestructuring.ts(8,15): error TS2339: Property 'b' does not exist on type 'T'.
narrowingDestructuring.ts(20,15): error TS2339: Property 'f' does not exist on type 'T'.
narrowingDestructuring.ts(23,15): error TS2339: Property 'g' does not exist on type 'T'.
",,default
_submodules/TypeScript/tests/cases/compiler/narrowingTypeofDiscriminant.ts,,"narrowingTypeofDiscriminant.ts(27,12): error TS18047: 'wrapped' is possibly 'null'.
narrowingTypeofDiscriminant.ts(34,12): error TS18047: 'wrapped' is possibly 'null'.
narrowingTypeofDiscriminant.ts(41,12): error TS18047: 'wrapped' is possibly 'null'.
",,default
_submodules/TypeScript/tests/cases/compiler/narrowingTypeofUndefined2.ts,,"narrowingTypeofUndefined2.ts(5,19): error TS2345: Argument of type 'T' is not assignable to parameter of type 'Array<unknown>'.
  Type 'undefined' is not assignable to type 'Array<unknown>'.
narrowingTypeofUndefined2.ts(6,15): error TS2322: Type 'T' is not assignable to type 'Array<unknown>'.
  Type 'undefined' is not assignable to type 'Array<unknown>'.
",,default
_submodules/TypeScript/tests/cases/compiler/narrowingUnionToUnion.ts,,"narrowingUnionToUnion.ts(261,5): error TS2322: Type '{ type: ""a""; variant: 1; } | { type: ""a""; variant: 2; }' is not assignable to type '{ type: ""a""; variant: 2; } | null'.
  Type '{ type: ""a""; variant: 1; }' is not assignable to type '{ type: ""a""; variant: 2; } | null'.
    Types of property 'variant' are incompatible.
      Type '1' is not assignable to type '2'.
",,default
_submodules/TypeScript/tests/cases/compiler/nearbyIdenticalGenericLambdasAssignable.ts,,"nearbyIdenticalGenericLambdasAssignable.ts(21,16): error TS2345: Argument of type '<T>() => { v: T; }' is not assignable to parameter of type '<T>() => { v: T; }'.
  Type '{ v: T; }' is not assignable to type '{ v: T; }'.
    Types of property 'v' are incompatible.
      Type 'T' is not assignable to type 'T'.
nearbyIdenticalGenericLambdasAssignable.ts(21,26): error TS2345: Argument of type '<T>() => { v: T; }' is not assignable to parameter of type '<T>() => { v: T; }'.
  Type '{ v: T; }' is not assignable to type '{ v: T; }'.
    Types of property 'v' are incompatible.
      Type 'T' is not assignable to type 'T'.
nearbyIdenticalGenericLambdasAssignable.ts(23,6): error TS2345: Argument of type '<T>() => { v: T; }' is not assignable to parameter of type '<T>() => { v: T; }'.
  Type '{ v: T; }' is not assignable to type '{ v: T; }'.
    Types of property 'v' are incompatible.
      Type 'T' is not assignable to type 'T'.
nearbyIdenticalGenericLambdasAssignable.ts(23,26): error TS2345: Argument of type '<T>() => { v: T; }' is not assignable to parameter of type '<T>() => { v: T; }'.
  Type '{ v: T; }' is not assignable to type '{ v: T; }'.
    Types of property 'v' are incompatible.
      Type 'T' is not assignable to type 'T'.
nearbyIdenticalGenericLambdasAssignable.ts(25,6): error TS2345: Argument of type '<T>() => { v: T; }' is not assignable to parameter of type '<T>() => { v: T; }'.
  Type '{ v: T; }' is not assignable to type '{ v: T; }'.
    Types of property 'v' are incompatible.
      Type 'T' is not assignable to type 'T'.
nearbyIdenticalGenericLambdasAssignable.ts(25,16): error TS2345: Argument of type '<T>() => { v: T; }' is not assignable to parameter of type '<T>() => { v: T; }'.
  Type '{ v: T; }' is not assignable to type '{ v: T; }'.
    Types of property 'v' are incompatible.
      Type 'T' is not assignable to type 'T'.
nearbyIdenticalGenericLambdasAssignable.ts(27,6): error TS2345: Argument of type '<T>() => { v: T; }' is not assignable to parameter of type '<T>() => { v: T; }'.
  Type '{ v: T; }' is not assignable to type '{ v: T; }'.
    Types of property 'v' are incompatible.
      Type 'T' is not assignable to type 'T'.
nearbyIdenticalGenericLambdasAssignable.ts(27,16): error TS2345: Argument of type '<T>() => { v: T; }' is not assignable to parameter of type '<T>() => { v: T; }'.
  Type '{ v: T; }' is not assignable to type '{ v: T; }'.
    Types of property 'v' are incompatible.
      Type 'T' is not assignable to type 'T'.
nearbyIdenticalGenericLambdasAssignable.ts(27,26): error TS2345: Argument of type '<T>() => { v: T; }' is not assignable to parameter of type '<T>() => { v: T; }'.
  Type '{ v: T; }' is not assignable to type '{ v: T; }'.
    Types of property 'v' are incompatible.
      Type 'T' is not assignable to type 'T'.
",,default
_submodules/TypeScript/tests/cases/compiler/nestedTypeVariableInfersLiteral.ts,,"nestedTypeVariableInfersLiteral.ts(14,11): error TS2345: Argument of type '{ [P in K]: string; }' is not assignable to parameter of type '{ z: string; }'.
  Property 'z' is missing in type '{ [P in K]: string; }' but required in type '{ z: string; }'.
nestedTypeVariableInfersLiteral.ts(15,11): error TS2345: Argument of type '{ [P in K]: string; }' is not assignable to parameter of type '{ z: string; }'.
  Property 'z' is missing in type '{ [P in K]: string; }' but required in type '{ z: string; }'.
nestedTypeVariableInfersLiteral.ts(16,11): error TS2345: Argument of type '{ [P in K]: string; }' is not assignable to parameter of type '{ z: string; }'.
  Property 'z' is missing in type '{ [P in K]: string; }' but required in type '{ z: string; }'.
nestedTypeVariableInfersLiteral.ts(17,11): error TS2345: Argument of type '{ [P in K]: string; }' is not assignable to parameter of type '{ z: string; }'.
  Property 'z' is missing in type '{ [P in K]: string; }' but required in type '{ z: string; }'.
nestedTypeVariableInfersLiteral.ts(18,11): error TS2345: Argument of type '{ [P in K]: string; }' is not assignable to parameter of type '{ z: string; }'.
  Property 'z' is missing in type '{ [P in K]: string; }' but required in type '{ z: string; }'.
",,default
_submodules/TypeScript/tests/cases/compiler/newNamesInGlobalAugmentations1.ts,,"f1.d.ts(11,9): error TS1182: A destructuring declaration must have an initializer.
",,default
_submodules/TypeScript/tests/cases/compiler/noCheckDoesNotReportError.ts,,"noCheckDoesNotReportError.ts(1,14): error TS2322: Type 'string' is not assignable to type 'number'.
",,default
_submodules/TypeScript/tests/cases/compiler/noCheckNoEmit.ts,,"noCheckNoEmit.ts(1,14): error TS2322: Type 'string' is not assignable to type 'number'.
",,default
_submodules/TypeScript/tests/cases/compiler/noCheckRequiresEmitDeclarationOnly.ts,,"noCheckRequiresEmitDeclarationOnly.ts(1,14): error TS2322: Type 'string' is not assignable to type 'number'.
",,default
_submodules/TypeScript/tests/cases/compiler/noCrashOnNoLib.ts,"error TS2318: Cannot find global type 'Array'.
error TS2318: Cannot find global type 'Boolean'.
error TS2318: Cannot find global type 'CallableFunction'.
error TS2318: Cannot find global type 'Function'.
error TS2318: Cannot find global type 'IArguments'.
error TS2318: Cannot find global type 'NewableFunction'.
error TS2318: Cannot find global type 'Number'.
error TS2318: Cannot find global type 'Object'.
error TS2318: Cannot find global type 'RegExp'.
error TS2318: Cannot find global type 'String'.


!!! error TS2318: Cannot find global type 'Array'.
!!! error TS2318: Cannot find global type 'Boolean'.
!!! error TS2318: Cannot find global type 'CallableFunction'.
!!! error TS2318: Cannot find global type 'Function'.
!!! error TS2318: Cannot find global type 'IArguments'.
!!! error TS2318: Cannot find global type 'NewableFunction'.
!!! error TS2318: Cannot find global type 'Number'.
!!! error TS2318: Cannot find global type 'Object'.
!!! error TS2318: Cannot find global type 'RegExp'.
!!! error TS2318: Cannot find global type 'String'.",,,default
_submodules/TypeScript/tests/cases/compiler/noImplicitAnyDestructuringInPrivateMethod.ts,,"noImplicitAnyDestructuringInPrivateMethod.ts(10,13): error TS7010: 'bar', which lacks return-type annotation, implicitly has an 'any' return type.
",,default
_submodules/TypeScript/tests/cases/compiler/noReachabilityErrorsOnEmptyStatement.ts,,"noReachabilityErrorsOnEmptyStatement.ts(2,14): error TS7027: Unreachable code detected.
",,default
_submodules/TypeScript/tests/cases/compiler/nodeModuleReexportFromDottedPath.ts,,"/index.ts(4,20): error TS2351: This expression is not constructable.
  Type 'any & { enhanced: unknown; }' has no construct signatures.
",,default
_submodules/TypeScript/tests/cases/compiler/nodeNextPackageImportMapRootDir.ts,,"index.ts(1,21): error TS2307: Cannot find module '#dep' or its corresponding type declarations.
",,default
_submodules/TypeScript/tests/cases/compiler/nodeNextPackageSelfNameWithOutDir.ts,"error TS2209: The project root is ambiguous, but is required to resolve export map entry '.' in file 'package.json'. Supply the `rootDir` compiler option to disambiguate.
index.ts(1,21): error TS2307: Cannot find module '@this/package' or its corresponding type declarations.


!!! error TS2209: The project root is ambiguous, but is required to resolve export map entry '.' in file 'package.json'. Supply the `rootDir` compiler option to disambiguate.","index.ts(1,21): error TS2307: Cannot find module '@this/package' or its corresponding type declarations.
",,default
_submodules/TypeScript/tests/cases/compiler/nodeNextPackageSelfNameWithOutDirDeclDir.ts,"error TS2209: The project root is ambiguous, but is required to resolve export map entry '.' in file 'package.json'. Supply the `rootDir` compiler option to disambiguate.
index.ts(1,21): error TS2307: Cannot find module '@this/package' or its corresponding type declarations.


!!! error TS2209: The project root is ambiguous, but is required to resolve export map entry '.' in file 'package.json'. Supply the `rootDir` compiler option to disambiguate.","index.ts(1,21): error TS2307: Cannot find module '@this/package' or its corresponding type declarations.
",,default
_submodules/TypeScript/tests/cases/compiler/nodeNextPackageSelfNameWithOutDirDeclDirComposite.ts,,"index.ts(1,21): error TS2307: Cannot find module '@this/package' or its corresponding type declarations.
",,default
_submodules/TypeScript/tests/cases/compiler/nodeNextPackageSelfNameWithOutDirDeclDirCompositeNestedDirs.ts,,"src/thing.ts(8,21): error TS2307: Cannot find module '@this/package' or its corresponding type declarations.
",,default
_submodules/TypeScript/tests/cases/compiler/nodeNextPackageSelfNameWithOutDirDeclDirNestedDirs.ts,,"src/thing.ts(8,21): error TS2307: Cannot find module '@this/package' or its corresponding type declarations.
",,default
_submodules/TypeScript/tests/cases/compiler/nodeNextPackageSelfNameWithOutDirRootDir.ts,,"index.ts(1,21): error TS2307: Cannot find module '@this/package' or its corresponding type declarations.
",,default
_submodules/TypeScript/tests/cases/compiler/nonInferrableTypePropagation2.ts,,"nonInferrableTypePropagation2.ts(31,27): error TS2769: No overload matches this call.
  Overload 1 of 3, '<A, B>(refinement: Refinement<A, B>): (as: ReadonlyArray<A>) => ReadonlyArray<B>', gave the following error.
    Argument of type '<E>(ma: Left<E> | Right<A>) => boolean' is not assignable to parameter of type 'Refinement<unknown, A>'.
      Types of parameters 'ma' and 'a' are incompatible.
        Type 'A' is not assignable to type 'Left<unknown> | Right<A>'.
  Overload 2 of 3, '<A>(predicate: Predicate<A>): <B>(bs: ReadonlyArray<B>) => ReadonlyArray<B>', gave the following error.
    Argument of type '<E>(ma: Left<E> | Right<A>) => boolean' is not assignable to parameter of type 'Predicate<unknown>'.
      Types of parameters 'ma' and 'a' are incompatible.
        Type 'A' is not assignable to type 'Left<unknown> | Right<A>'.
  Overload 3 of 3, '<A>(predicate: Predicate<A>): (as: ReadonlyArray<A>) => ReadonlyArray<A>', gave the following error.
    Argument of type '<E>(ma: Left<E> | Right<A>) => boolean' is not assignable to parameter of type 'Predicate<unknown>'.
      Types of parameters 'ma' and 'a' are incompatible.
        Type 'A' is not assignable to type 'Left<unknown> | Right<A>'.
",,default
_submodules/TypeScript/tests/cases/compiler/nonInferrableTypePropagation3.ts,,"nonInferrableTypePropagation3.ts(9,24): error TS7006: Parameter 'user' implicitly has an 'any' type.
",,default
_submodules/TypeScript/tests/cases/compiler/nonNullParameterExtendingStringAssignableToString.ts,,"nonNullParameterExtendingStringAssignableToString.ts(5,9): error TS2345: Argument of type 'T' is not assignable to parameter of type 'string'.
  Type 'undefined' is not assignable to type 'string'.
nonNullParameterExtendingStringAssignableToString.ts(7,9): error TS2345: Argument of type 'T | U' is not assignable to parameter of type 'string'.
  Type 'T' is not assignable to type 'string'.
    Type 'undefined' is not assignable to type 'string'.
",,default
_submodules/TypeScript/tests/cases/compiler/objectCreate.ts,,"objectCreate.ts(4,25): error TS2353: Object literal may only specify known properties, and 'a' does not exist in type 'object | null'.
objectCreate.ts(10,25): error TS2353: Object literal may only specify known properties, and 'a' does not exist in type 'object | null'.
",,default
_submodules/TypeScript/tests/cases/compiler/objectCreate2.ts,,"objectCreate2.ts(4,25): error TS2353: Object literal may only specify known properties, and 'a' does not exist in type 'object | null'.
objectCreate2.ts(10,25): error TS2353: Object literal may only specify known properties, and 'a' does not exist in type 'object | null'.
",,default
_submodules/TypeScript/tests/cases/compiler/objectLitGetterSetter.ts,,"objectLitGetterSetter.ts(7,32): error TS7006: Parameter 'v' implicitly has an 'any' type.
",,default
_submodules/TypeScript/tests/cases/compiler/objectLiteralEnumPropertyNames.ts,,"objectLiteralEnumPropertyNames.ts(8,5): error TS2353: Object literal may only specify known properties, and '[Strs.A]' does not exist in type '{ a: string; b: string; }'.
objectLiteralEnumPropertyNames.ts(16,5): error TS2353: Object literal may only specify known properties, and '['a']' does not exist in type '{ a: string; b: string; }'.
objectLiteralEnumPropertyNames.ts(22,5): error TS2353: Object literal may only specify known properties, and '[a]' does not exist in type '{ a: string; b: string; }'.
objectLiteralEnumPropertyNames.ts(36,5): error TS2353: Object literal may only specify known properties, and '[Nums.A]' does not exist in type '{ 0: number; 1: number; }'.
objectLiteralEnumPropertyNames.ts(46,5): error TS2353: Object literal may only specify known properties, and '[an]' does not exist in type '{ 0: number; 1: number; }'.
",,default
_submodules/TypeScript/tests/cases/compiler/observableInferenceCanBeMade.ts,,"observableInferenceCanBeMade.ts(15,5): error TS2416: Property 'subscribe' in type 'Observable' is not assignable to the same property in base type 'Subscribable<T>'.
observableInferenceCanBeMade.ts(19,57): error TS2345: Argument of type 'string | Subscribable<string> | Subscribable<never>' is not assignable to parameter of type 'Subscribable<any> | Subscribable<never>'.
  Type 'string' is not assignable to type 'Subscribable<any> | Subscribable<never>'.
",,default
_submodules/TypeScript/tests/cases/compiler/optionalAccessorsInInterface1.ts,,"optionalAccessorsInInterface1.ts(7,30): error TS2741: Property 'set' is missing in type '{ get: () => number; }' but required in type 'MyPropertyDescriptor'.
",,default
_submodules/TypeScript/tests/cases/compiler/optionalChainWithInstantiationExpression2.ts,,"optionalChainWithInstantiationExpression2.ts(10,4): error TS1003: Identifier expected.
optionalChainWithInstantiationExpression2.ts(10,4): error TS2339: Property '<' does not exist on type 'A | undefined'.
optionalChainWithInstantiationExpression2.ts(10,5): error TS1005: ';' expected.
optionalChainWithInstantiationExpression2.ts(10,8): error TS1109: Expression expected.
optionalChainWithInstantiationExpression2.ts(12,5): error TS1109: Expression expected.
",,target=es2019
_submodules/TypeScript/tests/cases/compiler/optionalChainWithInstantiationExpression2.ts,,"optionalChainWithInstantiationExpression2.ts(10,4): error TS1003: Identifier expected.
optionalChainWithInstantiationExpression2.ts(10,4): error TS2339: Property '<' does not exist on type 'A | undefined'.
optionalChainWithInstantiationExpression2.ts(10,5): error TS1005: ';' expected.
optionalChainWithInstantiationExpression2.ts(10,8): error TS1109: Expression expected.
optionalChainWithInstantiationExpression2.ts(12,5): error TS1109: Expression expected.
",,target=es2020
_submodules/TypeScript/tests/cases/compiler/optionsCompositeWithIncrementalFalse.ts,"error TS6379: Composite projects may not disable incremental compilation.


!!! error TS6379: Composite projects may not disable incremental compilation.",,,default
_submodules/TypeScript/tests/cases/compiler/optionsInlineSourceMapMapRoot.ts,"error TS5053: Option 'mapRoot' cannot be specified with option 'inlineSourceMap'.
error TS5069: Option 'mapRoot' cannot be specified without specifying option 'sourceMap' or option 'declarationMap'.


!!! error TS5053: Option 'mapRoot' cannot be specified with option 'inlineSourceMap'.
!!! error TS5069: Option 'mapRoot' cannot be specified without specifying option 'sourceMap' or option 'declarationMap'.",,,default
_submodules/TypeScript/tests/cases/compiler/optionsInlineSourceMapSourcemap.ts,"error TS5053: Option 'sourceMap' cannot be specified with option 'inlineSourceMap'.


!!! error TS5053: Option 'sourceMap' cannot be specified with option 'inlineSourceMap'.",,,default
_submodules/TypeScript/tests/cases/compiler/overloadedConstructorFixesInferencesAppropriately.ts,,"overloadedConstructorFixesInferencesAppropriately.ts(26,15): error TS7006: Parameter 'result' implicitly has an 'any' type.
",,default
_submodules/TypeScript/tests/cases/compiler/overrideBaseIntersectionMethod.ts,,"overrideBaseIntersectionMethod.ts(8,18): error TS2339: Property 'x' does not exist on type 'þclass'.
overrideBaseIntersectionMethod.ts(8,30): error TS2339: Property 'y' does not exist on type 'þclass'.
overrideBaseIntersectionMethod.ts(21,17): error TS2339: Property 'x' does not exist on type 'Foo'.
overrideBaseIntersectionMethod.ts(21,26): error TS2339: Property 'y' does not exist on type 'Foo'.
",,default
_submodules/TypeScript/tests/cases/compiler/parseGenericArrowRatherThanLeftShift.ts,,"parseGenericArrowRatherThanLeftShift.ts(1,12): error TS2314: Generic type 'ReturnType<T>' requires 1 type argument(s).
parseGenericArrowRatherThanLeftShift.ts(1,22): error TS1005: ';' expected.
parseGenericArrowRatherThanLeftShift.ts(1,24): error TS2304: Cannot find name 'T'.
parseGenericArrowRatherThanLeftShift.ts(1,30): error TS2304: Cannot find name 'T'.
parseGenericArrowRatherThanLeftShift.ts(1,36): error TS2693: 'number' only refers to a type, but is being used as a value here.
parseGenericArrowRatherThanLeftShift.ts(1,43): error TS1109: Expression expected.
parseGenericArrowRatherThanLeftShift.ts(5,11): error TS2362: The left-hand side of an arithmetic operation must be of type 'any', 'number', 'bigint' or an enum type.
parseGenericArrowRatherThanLeftShift.ts(5,16): error TS2304: Cannot find name 'T'.
parseGenericArrowRatherThanLeftShift.ts(5,22): error TS2304: Cannot find name 'T'.
parseGenericArrowRatherThanLeftShift.ts(5,28): error TS2693: 'number' only refers to a type, but is being used as a value here.
",,default
_submodules/TypeScript/tests/cases/compiler/pathMappingBasedModuleResolution1_node.ts,"c:/root/tsconfig.json(5,17): error TS5090: Non-relative paths are not allowed. Did you forget a leading './'?
c:/root/tsconfig.json(6,17): error TS5090: Non-relative paths are not allowed. Did you forget a leading './'?",,,default
_submodules/TypeScript/tests/cases/compiler/prefixedNumberLiteralAssignToNumberLiteralType.ts,,"prefixedNumberLiteralAssignToNumberLiteralType.ts(1,5): error TS2322: Type 'number' is not assignable to type '1'.
prefixedNumberLiteralAssignToNumberLiteralType.ts(3,5): error TS2322: Type 'number' is not assignable to type '1'.
",,default
_submodules/TypeScript/tests/cases/compiler/prettyFileWithErrorsAndTabs.ts,"[96mprettyFileWithErrorsAndTabs.ts[0m:[93m3[0m:[93m9[0m - [91merror[0m[90m TS2322: [0mType 'number' is not assignable to type 'string'.

[7m3[0m   const x: string = 12;
[7m [0m [91m        ~[0m

[96mprettyFileWithErrorsAndTabs.ts[0m:[93m4[0m:[93m9[0m - [91merror[0m[90m TS2322: [0mType 'number' is not assignable to type 'string'.

[7m4[0m   const y: string = 12;
[7m [0m [91m        ~[0m

[96mprettyFileWithErrorsAndTabs.ts[0m:[93m5[0m:[93m9[0m - [91merror[0m[90m TS2322: [0mType 'number' is not assignable to type 'string'.

[7m5[0m   const z: string = 12;
[7m [0m [91m        ~[0m","prettyFileWithErrorsAndTabs.ts(3,9): error TS2322: Type 'number' is not assignable to type 'string'.
prettyFileWithErrorsAndTabs.ts(4,9): error TS2322: Type 'number' is not assignable to type 'string'.
prettyFileWithErrorsAndTabs.ts(5,9): error TS2322: Type 'number' is not assignable to type 'string'.
",,default
_submodules/TypeScript/tests/cases/compiler/privacyCheckExternalModuleExportAssignmentOfGenericClass.ts,,"privacyCheckExternalModuleExportAssignmentOfGenericClass_0.ts(1,10): error TS2449: Class 'Foo' used before its declaration.
",,default
_submodules/TypeScript/tests/cases/compiler/privacyFunctionCannotNameReturnTypeDeclFile.ts,,"privacyFunctionReturnTypeDeclFile_consumer.ts(7,49): error TS7027: Unreachable code detected.
privacyFunctionReturnTypeDeclFile_consumer.ts(10,49): error TS7027: Unreachable code detected.
privacyFunctionReturnTypeDeclFile_consumer.ts(13,49): error TS7027: Unreachable code detected.
privacyFunctionReturnTypeDeclFile_consumer.ts(19,49): error TS7027: Unreachable code detected.
privacyFunctionReturnTypeDeclFile_consumer.ts(22,49): error TS7027: Unreachable code detected.
privacyFunctionReturnTypeDeclFile_consumer.ts(25,49): error TS7027: Unreachable code detected.
privacyFunctionReturnTypeDeclFile_consumer.ts(34,49): error TS7027: Unreachable code detected.
privacyFunctionReturnTypeDeclFile_consumer.ts(37,49): error TS7027: Unreachable code detected.
privacyFunctionReturnTypeDeclFile_consumer.ts(40,49): error TS7027: Unreachable code detected.
privacyFunctionReturnTypeDeclFile_consumer.ts(46,49): error TS7027: Unreachable code detected.
privacyFunctionReturnTypeDeclFile_consumer.ts(49,49): error TS7027: Unreachable code detected.
privacyFunctionReturnTypeDeclFile_consumer.ts(52,49): error TS7027: Unreachable code detected.
",,default
_submodules/TypeScript/tests/cases/compiler/privateNameWeakMapCollision.ts,"privateNameWeakMapCollision.ts(2,9): error TS18027: Compiler reserves name 'WeakMap' when emitting private identifier downlevel.
privateNameWeakMapCollision.ts(3,9): error TS18027: Compiler reserves name 'WeakSet' when emitting private identifier downlevel.",,,default
_submodules/TypeScript/tests/cases/compiler/promiseChaining.ts,,"promiseChaining.ts(6,77): error TS7006: Parameter 'x' implicitly has an 'any' type.
",,default
_submodules/TypeScript/tests/cases/compiler/promiseTry.ts,,"promiseTry.ts(1,9): error TS2339: Property 'try' does not exist on type 'PromiseConstructor'.
promiseTry.ts(5,9): error TS2339: Property 'try' does not exist on type 'PromiseConstructor'.
promiseTry.ts(9,19): error TS2339: Property 'try' does not exist on type 'PromiseConstructor'.
promiseTry.ts(10,19): error TS2339: Property 'try' does not exist on type 'PromiseConstructor'.
promiseTry.ts(13,9): error TS2339: Property 'try' does not exist on type 'PromiseConstructor'.
promiseTry.ts(14,9): error TS2339: Property 'try' does not exist on type 'PromiseConstructor'.
promiseTry.ts(14,14): error TS7006: Parameter 'foo' implicitly has an 'any' type.
promiseTry.ts(16,9): error TS2339: Property 'try' does not exist on type 'PromiseConstructor'.
promiseTry.ts(16,14): error TS7006: Parameter 'foo' implicitly has an 'any' type.
promiseTry.ts(17,9): error TS2339: Property 'try' does not exist on type 'PromiseConstructor'.
promiseTry.ts(18,9): error TS2339: Property 'try' does not exist on type 'PromiseConstructor'.
promiseTry.ts(19,9): error TS2339: Property 'try' does not exist on type 'PromiseConstructor'.
promiseTry.ts(19,14): error TS7006: Parameter 'foo' implicitly has an 'any' type.
promiseTry.ts(21,9): error TS2339: Property 'try' does not exist on type 'PromiseConstructor'.
promiseTry.ts(24,9): error TS2339: Property 'try' does not exist on type 'PromiseConstructor'.
promiseTry.ts(26,9): error TS2339: Property 'try' does not exist on type 'PromiseConstructor'.
promiseTry.ts(28,9): error TS2339: Property 'try' does not exist on type 'PromiseConstructor'.
promiseTry.ts(29,9): error TS2339: Property 'try' does not exist on type 'PromiseConstructor'.
promiseTry.ts(30,9): error TS2339: Property 'try' does not exist on type 'PromiseConstructor'.
promiseTry.ts(31,9): error TS2339: Property 'try' does not exist on type 'PromiseConstructor'.
",,default
_submodules/TypeScript/tests/cases/compiler/promiseType.ts,,"promiseType.ts(97,21): error TS2345: Argument of type '() => Promise<T extends object & { then: (onfulfilled: F, args: _) => any; } ? F extends (value: V, args: _) => any ? V extends null | undefined ? T : T extends object & { then: (onfulfilled: F, args: _) => any; } ? ... : T : never : T>' is not assignable to parameter of type '((reason: any) => PromiseLike<T extends object & { then: (onfulfilled: F, args: _) => any; } ? F extends (value: V, args: _) => any ? V extends null | undefined ? T : T extends object & { then: (onfulfilled: F, args: _) => any; } ? ... : T : never : T> | T extends object & { then: (onfulfilled: F, args: _) => any; } ? F extends (value: V, args: _) => any ? V extends null | undefined ? T : T extends object & { then: (onfulfilled: F, args: _) => any; } ? ... : T : never : T) | null'.
  Type '() => Promise<T extends object & { then: (onfulfilled: F, args: _) => any; } ? F extends (value: V, args: _) => any ? V extends null | undefined ? T : T extends object & { then: (onfulfilled: F, args: _) => any; } ? ... : T : never : T>' is not assignable to type '(reason: any) => PromiseLike<T extends object & { then: (onfulfilled: F, args: _) => any; } ? F extends (value: V, args: _) => any ? V extends null | undefined ? T : T extends object & { then: (onfulfilled: F, args: _) => any; } ? ... : T : never : T> | T extends object & { then: (onfulfilled: F, args: _) => any; } ? F extends (value: V, args: _) => any ? V extends null | undefined ? T : T extends object & { then: (onfulfilled: F, args: _) => any; } ? ... : T : never : T'.
    Type 'Promise<T extends object & { then: (onfulfilled: F, args: _) => any; } ? F extends (value: V, args: _) => any ? V extends null | undefined ? T : T extends object & { then: (onfulfilled: F, args: _) => any; } ? ... : T : never : T>' is not assignable to type 'PromiseLike<T extends object & { then: (onfulfilled: F, args: _) => any; } ? F extends (value: V, args: _) => any ? V extends null | undefined ? T : T extends object & { then: (onfulfilled: F, args: _) => any; } ? ... : T : never : T> | T extends object & { then: (onfulfilled: F, args: _) => any; } ? F extends (value: V, args: _) => any ? V extends null | undefined ? T : T extends object & { then: (onfulfilled: F, args: _) => any; } ? ... : T : never : T'.
      Property 'then' is missing in type 'Promise<T extends object & { then: (onfulfilled: F, args: _) => any; } ? F extends (value: V, args: _) => any ? V extends null | undefined ? T : T extends object & { then: (onfulfilled: F, args: _) => any; } ? ... : T : never : T>' but required in type 'PromiseLike<T extends object & { then: (onfulfilled: F, args: _) => any; } ? F extends (value: V, args: _) => any ? V extends null | undefined ? T : T extends object & { then: (onfulfilled: F, args: _) => any; } ? ... : T : never : T>'.
promiseType.ts(107,20): error TS2345: Argument of type '() => Promise<T extends object & { then: (onfulfilled: F, args: _) => any; } ? F extends (value: V, args: _) => any ? V extends null | undefined ? T : T extends object & { then: (onfulfilled: F, args: _) => any; } ? ... : T : never : T>' is not assignable to parameter of type '((value: IteratorYieldResult<T> | IteratorReturnResult<error>) => PromiseLike<T extends object & { then: (onfulfilled: F, args: _) => any; } ? F extends (value: V, args: _) => any ? V extends null | undefined ? T : T extends object & { then: (onfulfilled: F, args: _) => any; } ? ... : T : never : T> | T extends object & { then: (onfulfilled: F, args: _) => any; } ? F extends (value: V, args: _) => any ? V extends null | undefined ? T : T extends object & { then: (onfulfilled: F, args: _) => any; } ? ... : T : never : T) | null'.
  Type '() => Promise<T extends object & { then: (onfulfilled: F, args: _) => any; } ? F extends (value: V, args: _) => any ? V extends null | undefined ? T : T extends object & { then: (onfulfilled: F, args: _) => any; } ? ... : T : never : T>' is not assignable to type '(value: IteratorYieldResult<T> | IteratorReturnResult<error>) => PromiseLike<T extends object & { then: (onfulfilled: F, args: _) => any; } ? F extends (value: V, args: _) => any ? V extends null | undefined ? T : T extends object & { then: (onfulfilled: F, args: _) => any; } ? ... : T : never : T> | T extends object & { then: (onfulfilled: F, args: _) => any; } ? F extends (value: V, args: _) => any ? V extends null | undefined ? T : T extends object & { then: (onfulfilled: F, args: _) => any; } ? ... : T : never : T'.
    Type 'Promise<T extends object & { then: (onfulfilled: F, args: _) => any; } ? F extends (value: V, args: _) => any ? V extends null | undefined ? T : T extends object & { then: (onfulfilled: F, args: _) => any; } ? ... : T : never : T>' is not assignable to type 'PromiseLike<T extends object & { then: (onfulfilled: F, args: _) => any; } ? F extends (value: V, args: _) => any ? V extends null | undefined ? T : T extends object & { then: (onfulfilled: F, args: _) => any; } ? ... : T : never : T> | T extends object & { then: (onfulfilled: F, args: _) => any; } ? F extends (value: V, args: _) => any ? V extends null | undefined ? T : T extends object & { then: (onfulfilled: F, args: _) => any; } ? ... : T : never : T'.
      Property 'then' is missing in type 'Promise<T extends object & { then: (onfulfilled: F, args: _) => any; } ? F extends (value: V, args: _) => any ? V extends null | undefined ? T : T extends object & { then: (onfulfilled: F, args: _) => any; } ? ... : T : never : T>' but required in type 'PromiseLike<T extends object & { then: (onfulfilled: F, args: _) => any; } ? F extends (value: V, args: _) => any ? V extends null | undefined ? T : T extends object & { then: (onfulfilled: F, args: _) => any; } ? ... : T : never : T>'.
promiseType.ts(118,31): error TS2345: Argument of type '() => Promise<T extends object & { then: (onfulfilled: F, args: _) => any; } ? F extends (value: V, args: _) => any ? V extends null | undefined ? T : T extends object & { then: (onfulfilled: F, args: _) => any; } ? ... : T : never : T>' is not assignable to parameter of type '((reason: any) => PromiseLike<T extends object & { then: (onfulfilled: F, args: _) => any; } ? F extends (value: V, args: _) => any ? V extends null | undefined ? T : T extends object & { then: (onfulfilled: F, args: _) => any; } ? ... : T : never : T> | T extends object & { then: (onfulfilled: F, args: _) => any; } ? F extends (value: V, args: _) => any ? V extends null | undefined ? T : T extends object & { then: (onfulfilled: F, args: _) => any; } ? ... : T : never : T) | null'.
  Type '() => Promise<T extends object & { then: (onfulfilled: F, args: _) => any; } ? F extends (value: V, args: _) => any ? V extends null | undefined ? T : T extends object & { then: (onfulfilled: F, args: _) => any; } ? ... : T : never : T>' is not assignable to type '(reason: any) => PromiseLike<T extends object & { then: (onfulfilled: F, args: _) => any; } ? F extends (value: V, args: _) => any ? V extends null | undefined ? T : T extends object & { then: (onfulfilled: F, args: _) => any; } ? ... : T : never : T> | T extends object & { then: (onfulfilled: F, args: _) => any; } ? F extends (value: V, args: _) => any ? V extends null | undefined ? T : T extends object & { then: (onfulfilled: F, args: _) => any; } ? ... : T : never : T'.
    Type 'Promise<T extends object & { then: (onfulfilled: F, args: _) => any; } ? F extends (value: V, args: _) => any ? V extends null | undefined ? T : T extends object & { then: (onfulfilled: F, args: _) => any; } ? ... : T : never : T>' is not assignable to type 'PromiseLike<T extends object & { then: (onfulfilled: F, args: _) => any; } ? F extends (value: V, args: _) => any ? V extends null | undefined ? T : T extends object & { then: (onfulfilled: F, args: _) => any; } ? ... : T : never : T> | T extends object & { then: (onfulfilled: F, args: _) => any; } ? F extends (value: V, args: _) => any ? V extends null | undefined ? T : T extends object & { then: (onfulfilled: F, args: _) => any; } ? ... : T : never : T'.
      Property 'then' is missing in type 'Promise<T extends object & { then: (onfulfilled: F, args: _) => any; } ? F extends (value: V, args: _) => any ? V extends null | undefined ? T : T extends object & { then: (onfulfilled: F, args: _) => any; } ? ... : T : never : T>' but required in type 'PromiseLike<T extends object & { then: (onfulfilled: F, args: _) => any; } ? F extends (value: V, args: _) => any ? V extends null | undefined ? T : T extends object & { then: (onfulfilled: F, args: _) => any; } ? ... : T : never : T>'.
promiseType.ts(129,26): error TS2345: Argument of type '() => Promise<T extends object & { then: (onfulfilled: F, args: _) => any; } ? F extends (value: V, args: _) => any ? V extends null | undefined ? T : T extends object & { then: (onfulfilled: F, args: _) => any; } ? ... : T : never : T>' is not assignable to parameter of type '((reason: any) => PromiseLike<T extends object & { then: (onfulfilled: F, args: _) => any; } ? F extends (value: V, args: _) => any ? V extends null | undefined ? T : T extends object & { then: (onfulfilled: F, args: _) => any; } ? ... : T : never : T> | T extends object & { then: (onfulfilled: F, args: _) => any; } ? F extends (value: V, args: _) => any ? V extends null | undefined ? T : T extends object & { then: (onfulfilled: F, args: _) => any; } ? ... : T : never : T) | null'.
  Type '() => Promise<T extends object & { then: (onfulfilled: F, args: _) => any; } ? F extends (value: V, args: _) => any ? V extends null | undefined ? T : T extends object & { then: (onfulfilled: F, args: _) => any; } ? ... : T : never : T>' is not assignable to type '(reason: any) => PromiseLike<T extends object & { then: (onfulfilled: F, args: _) => any; } ? F extends (value: V, args: _) => any ? V extends null | undefined ? T : T extends object & { then: (onfulfilled: F, args: _) => any; } ? ... : T : never : T> | T extends object & { then: (onfulfilled: F, args: _) => any; } ? F extends (value: V, args: _) => any ? V extends null | undefined ? T : T extends object & { then: (onfulfilled: F, args: _) => any; } ? ... : T : never : T'.
    Type 'Promise<T extends object & { then: (onfulfilled: F, args: _) => any; } ? F extends (value: V, args: _) => any ? V extends null | undefined ? T : T extends object & { then: (onfulfilled: F, args: _) => any; } ? ... : T : never : T>' is not assignable to type 'PromiseLike<T extends object & { then: (onfulfilled: F, args: _) => any; } ? F extends (value: V, args: _) => any ? V extends null | undefined ? T : T extends object & { then: (onfulfilled: F, args: _) => any; } ? ... : T : never : T> | T extends object & { then: (onfulfilled: F, args: _) => any; } ? F extends (value: V, args: _) => any ? V extends null | undefined ? T : T extends object & { then: (onfulfilled: F, args: _) => any; } ? ... : T : never : T'.
      Property 'then' is missing in type 'Promise<T extends object & { then: (onfulfilled: F, args: _) => any; } ? F extends (value: V, args: _) => any ? V extends null | undefined ? T : T extends object & { then: (onfulfilled: F, args: _) => any; } ? ... : T : never : T>' but required in type 'PromiseLike<T extends object & { then: (onfulfilled: F, args: _) => any; } ? F extends (value: V, args: _) => any ? V extends null | undefined ? T : T extends object & { then: (onfulfilled: F, args: _) => any; } ? ... : T : never : T>'.
promiseType.ts(140,31): error TS2345: Argument of type '() => Promise<T extends object & { then: (onfulfilled: F, args: _) => any; } ? F extends (value: V, args: _) => any ? V extends null | undefined ? T : T extends object & { then: (onfulfilled: F, args: _) => any; } ? ... : T : never : T>' is not assignable to parameter of type '((reason: any) => PromiseLike<T extends object & { then: (onfulfilled: F, args: _) => any; } ? F extends (value: V, args: _) => any ? V extends null | undefined ? T : T extends object & { then: (onfulfilled: F, args: _) => any; } ? ... : T : never : T> | T extends object & { then: (onfulfilled: F, args: _) => any; } ? F extends (value: V, args: _) => any ? V extends null | undefined ? T : T extends object & { then: (onfulfilled: F, args: _) => any; } ? ... : T : never : T) | null'.
  Type '() => Promise<T extends object & { then: (onfulfilled: F, args: _) => any; } ? F extends (value: V, args: _) => any ? V extends null | undefined ? T : T extends object & { then: (onfulfilled: F, args: _) => any; } ? ... : T : never : T>' is not assignable to type '(reason: any) => PromiseLike<T extends object & { then: (onfulfilled: F, args: _) => any; } ? F extends (value: V, args: _) => any ? V extends null | undefined ? T : T extends object & { then: (onfulfilled: F, args: _) => any; } ? ... : T : never : T> | T extends object & { then: (onfulfilled: F, args: _) => any; } ? F extends (value: V, args: _) => any ? V extends null | undefined ? T : T extends object & { then: (onfulfilled: F, args: _) => any; } ? ... : T : never : T'.
    Type 'Promise<T extends object & { then: (onfulfilled: F, args: _) => any; } ? F extends (value: V, args: _) => any ? V extends null | undefined ? T : T extends object & { then: (onfulfilled: F, args: _) => any; } ? ... : T : never : T>' is not assignable to type 'PromiseLike<T extends object & { then: (onfulfilled: F, args: _) => any; } ? F extends (value: V, args: _) => any ? V extends null | undefined ? T : T extends object & { then: (onfulfilled: F, args: _) => any; } ? ... : T : never : T> | T extends object & { then: (onfulfilled: F, args: _) => any; } ? F extends (value: V, args: _) => any ? V extends null | undefined ? T : T extends object & { then: (onfulfilled: F, args: _) => any; } ? ... : T : never : T'.
      Property 'then' is missing in type 'Promise<T extends object & { then: (onfulfilled: F, args: _) => any; } ? F extends (value: V, args: _) => any ? V extends null | undefined ? T : T extends object & { then: (onfulfilled: F, args: _) => any; } ? ... : T : never : T>' but required in type 'PromiseLike<T extends object & { then: (onfulfilled: F, args: _) => any; } ? F extends (value: V, args: _) => any ? V extends null | undefined ? T : T extends object & { then: (onfulfilled: F, args: _) => any; } ? ... : T : never : T>'.
promiseType.ts(151,29): error TS2345: Argument of type '() => Promise<T extends object & { then: (onfulfilled: F, args: _) => any; } ? F extends (value: V, args: _) => any ? V extends null | undefined ? T : T extends object & { then: (onfulfilled: F, args: _) => any; } ? ... : T : never : T>' is not assignable to parameter of type '((reason: any) => PromiseLike<T extends object & { then: (onfulfilled: F, args: _) => any; } ? F extends (value: V, args: _) => any ? V extends null | undefined ? T : T extends object & { then: (onfulfilled: F, args: _) => any; } ? ... : T : never : T> | T extends object & { then: (onfulfilled: F, args: _) => any; } ? F extends (value: V, args: _) => any ? V extends null | undefined ? T : T extends object & { then: (onfulfilled: F, args: _) => any; } ? ... : T : never : T) | null'.
  Type '() => Promise<T extends object & { then: (onfulfilled: F, args: _) => any; } ? F extends (value: V, args: _) => any ? V extends null | undefined ? T : T extends object & { then: (onfulfilled: F, args: _) => any; } ? ... : T : never : T>' is not assignable to type '(reason: any) => PromiseLike<T extends object & { then: (onfulfilled: F, args: _) => any; } ? F extends (value: V, args: _) => any ? V extends null | undefined ? T : T extends object & { then: (onfulfilled: F, args: _) => any; } ? ... : T : never : T> | T extends object & { then: (onfulfilled: F, args: _) => any; } ? F extends (value: V, args: _) => any ? V extends null | undefined ? T : T extends object & { then: (onfulfilled: F, args: _) => any; } ? ... : T : never : T'.
    Type 'Promise<T extends object & { then: (onfulfilled: F, args: _) => any; } ? F extends (value: V, args: _) => any ? V extends null | undefined ? T : T extends object & { then: (onfulfilled: F, args: _) => any; } ? ... : T : never : T>' is not assignable to type 'PromiseLike<T extends object & { then: (onfulfilled: F, args: _) => any; } ? F extends (value: V, args: _) => any ? V extends null | undefined ? T : T extends object & { then: (onfulfilled: F, args: _) => any; } ? ... : T : never : T> | T extends object & { then: (onfulfilled: F, args: _) => any; } ? F extends (value: V, args: _) => any ? V extends null | undefined ? T : T extends object & { then: (onfulfilled: F, args: _) => any; } ? ... : T : never : T'.
      Property 'then' is missing in type 'Promise<T extends object & { then: (onfulfilled: F, args: _) => any; } ? F extends (value: V, args: _) => any ? V extends null | undefined ? T : T extends object & { then: (onfulfilled: F, args: _) => any; } ? ... : T : never : T>' but required in type 'PromiseLike<T extends object & { then: (onfulfilled: F, args: _) => any; } ? F extends (value: V, args: _) => any ? V extends null | undefined ? T : T extends object & { then: (onfulfilled: F, args: _) => any; } ? ... : T : never : T>'.
promiseType.ts(162,37): error TS2345: Argument of type '() => Promise<T extends object & { then: (onfulfilled: F, args: _) => any; } ? F extends (value: V, args: _) => any ? V extends null | undefined ? T : T extends object & { then: (onfulfilled: F, args: _) => any; } ? ... : T : never : T>' is not assignable to parameter of type '((reason: any) => PromiseLike<T extends object & { then: (onfulfilled: F, args: _) => any; } ? F extends (value: V, args: _) => any ? V extends null | undefined ? T : T extends object & { then: (onfulfilled: F, args: _) => any; } ? ... : T : never : T> | T extends object & { then: (onfulfilled: F, args: _) => any; } ? F extends (value: V, args: _) => any ? V extends null | undefined ? T : T extends object & { then: (onfulfilled: F, args: _) => any; } ? ... : T : never : T) | null'.
  Type '() => Promise<T extends object & { then: (onfulfilled: F, args: _) => any; } ? F extends (value: V, args: _) => any ? V extends null | undefined ? T : T extends object & { then: (onfulfilled: F, args: _) => any; } ? ... : T : never : T>' is not assignable to type '(reason: any) => PromiseLike<T extends object & { then: (onfulfilled: F, args: _) => any; } ? F extends (value: V, args: _) => any ? V extends null | undefined ? T : T extends object & { then: (onfulfilled: F, args: _) => any; } ? ... : T : never : T> | T extends object & { then: (onfulfilled: F, args: _) => any; } ? F extends (value: V, args: _) => any ? V extends null | undefined ? T : T extends object & { then: (onfulfilled: F, args: _) => any; } ? ... : T : never : T'.
    Type 'Promise<T extends object & { then: (onfulfilled: F, args: _) => any; } ? F extends (value: V, args: _) => any ? V extends null | undefined ? T : T extends object & { then: (onfulfilled: F, args: _) => any; } ? ... : T : never : T>' is not assignable to type 'PromiseLike<T extends object & { then: (onfulfilled: F, args: _) => any; } ? F extends (value: V, args: _) => any ? V extends null | undefined ? T : T extends object & { then: (onfulfilled: F, args: _) => any; } ? ... : T : never : T> | T extends object & { then: (onfulfilled: F, args: _) => any; } ? F extends (value: V, args: _) => any ? V extends null | undefined ? T : T extends object & { then: (onfulfilled: F, args: _) => any; } ? ... : T : never : T'.
      Property 'then' is missing in type 'Promise<T extends object & { then: (onfulfilled: F, args: _) => any; } ? F extends (value: V, args: _) => any ? V extends null | undefined ? T : T extends object & { then: (onfulfilled: F, args: _) => any; } ? ... : T : never : T>' but required in type 'PromiseLike<T extends object & { then: (onfulfilled: F, args: _) => any; } ? F extends (value: V, args: _) => any ? V extends null | undefined ? T : T extends object & { then: (onfulfilled: F, args: _) => any; } ? ... : T : never : T>'.
promiseType.ts(173,32): error TS2345: Argument of type '() => Promise<T extends object & { then: (onfulfilled: F, args: _) => any; } ? F extends (value: V, args: _) => any ? V extends null | undefined ? T : T extends object & { then: (onfulfilled: F, args: _) => any; } ? ... : T : never : T>' is not assignable to parameter of type '((reason: any) => PromiseLike<T extends object & { then: (onfulfilled: F, args: _) => any; } ? F extends (value: V, args: _) => any ? V extends null | undefined ? T : T extends object & { then: (onfulfilled: F, args: _) => any; } ? ... : T : never : T> | T extends object & { then: (onfulfilled: F, args: _) => any; } ? F extends (value: V, args: _) => any ? V extends null | undefined ? T : T extends object & { then: (onfulfilled: F, args: _) => any; } ? ... : T : never : T) | null'.
  Type '() => Promise<T extends object & { then: (onfulfilled: F, args: _) => any; } ? F extends (value: V, args: _) => any ? V extends null | undefined ? T : T extends object & { then: (onfulfilled: F, args: _) => any; } ? ... : T : never : T>' is not assignable to type '(reason: any) => PromiseLike<T extends object & { then: (onfulfilled: F, args: _) => any; } ? F extends (value: V, args: _) => any ? V extends null | undefined ? T : T extends object & { then: (onfulfilled: F, args: _) => any; } ? ... : T : never : T> | T extends object & { then: (onfulfilled: F, args: _) => any; } ? F extends (value: V, args: _) => any ? V extends null | undefined ? T : T extends object & { then: (onfulfilled: F, args: _) => any; } ? ... : T : never : T'.
    Type 'Promise<T extends object & { then: (onfulfilled: F, args: _) => any; } ? F extends (value: V, args: _) => any ? V extends null | undefined ? T : T extends object & { then: (onfulfilled: F, args: _) => any; } ? ... : T : never : T>' is not assignable to type 'PromiseLike<T extends object & { then: (onfulfilled: F, args: _) => any; } ? F extends (value: V, args: _) => any ? V extends null | undefined ? T : T extends object & { then: (onfulfilled: F, args: _) => any; } ? ... : T : never : T> | T extends object & { then: (onfulfilled: F, args: _) => any; } ? F extends (value: V, args: _) => any ? V extends null | undefined ? T : T extends object & { then: (onfulfilled: F, args: _) => any; } ? ... : T : never : T'.
      Property 'then' is missing in type 'Promise<T extends object & { then: (onfulfilled: F, args: _) => any; } ? F extends (value: V, args: _) => any ? V extends null | undefined ? T : T extends object & { then: (onfulfilled: F, args: _) => any; } ? ... : T : never : T>' but required in type 'PromiseLike<T extends object & { then: (onfulfilled: F, args: _) => any; } ? F extends (value: V, args: _) => any ? V extends null | undefined ? T : T extends object & { then: (onfulfilled: F, args: _) => any; } ? ... : T : never : T>'.
promiseType.ts(184,30): error TS2345: Argument of type '() => Promise<T extends object & { then: (onfulfilled: F, args: _) => any; } ? F extends (value: V, args: _) => any ? V extends null | undefined ? T : T extends object & { then: (onfulfilled: F, args: _) => any; } ? ... : T : never : T>' is not assignable to parameter of type '((reason: any) => PromiseLike<T extends object & { then: (onfulfilled: F, args: _) => any; } ? F extends (value: V, args: _) => any ? V extends null | undefined ? T : T extends object & { then: (onfulfilled: F, args: _) => any; } ? ... : T : never : T> | T extends object & { then: (onfulfilled: F, args: _) => any; } ? F extends (value: V, args: _) => any ? V extends null | undefined ? T : T extends object & { then: (onfulfilled: F, args: _) => any; } ? ... : T : never : T) | null'.
  Type '() => Promise<T extends object & { then: (onfulfilled: F, args: _) => any; } ? F extends (value: V, args: _) => any ? V extends null | undefined ? T : T extends object & { then: (onfulfilled: F, args: _) => any; } ? ... : T : never : T>' is not assignable to type '(reason: any) => PromiseLike<T extends object & { then: (onfulfilled: F, args: _) => any; } ? F extends (value: V, args: _) => any ? V extends null | undefined ? T : T extends object & { then: (onfulfilled: F, args: _) => any; } ? ... : T : never : T> | T extends object & { then: (onfulfilled: F, args: _) => any; } ? F extends (value: V, args: _) => any ? V extends null | undefined ? T : T extends object & { then: (onfulfilled: F, args: _) => any; } ? ... : T : never : T'.
    Type 'Promise<T extends object & { then: (onfulfilled: F, args: _) => any; } ? F extends (value: V, args: _) => any ? V extends null | undefined ? T : T extends object & { then: (onfulfilled: F, args: _) => any; } ? ... : T : never : T>' is not assignable to type 'PromiseLike<T extends object & { then: (onfulfilled: F, args: _) => any; } ? F extends (value: V, args: _) => any ? V extends null | undefined ? T : T extends object & { then: (onfulfilled: F, args: _) => any; } ? ... : T : never : T> | T extends object & { then: (onfulfilled: F, args: _) => any; } ? F extends (value: V, args: _) => any ? V extends null | undefined ? T : T extends object & { then: (onfulfilled: F, args: _) => any; } ? ... : T : never : T'.
      Property 'then' is missing in type 'Promise<T extends object & { then: (onfulfilled: F, args: _) => any; } ? F extends (value: V, args: _) => any ? V extends null | undefined ? T : T extends object & { then: (onfulfilled: F, args: _) => any; } ? ... : T : never : T>' but required in type 'PromiseLike<T extends object & { then: (onfulfilled: F, args: _) => any; } ? F extends (value: V, args: _) => any ? V extends null | undefined ? T : T extends object & { then: (onfulfilled: F, args: _) => any; } ? ... : T : never : T>'.
promiseType.ts(195,37): error TS2345: Argument of type '() => Promise<T extends object & { then: (onfulfilled: F, args: _) => any; } ? F extends (value: V, args: _) => any ? V extends null | undefined ? T : T extends object & { then: (onfulfilled: F, args: _) => any; } ? ... : T : never : T>' is not assignable to parameter of type '((reason: any) => PromiseLike<T extends object & { then: (onfulfilled: F, args: _) => any; } ? F extends (value: V, args: _) => any ? V extends null | undefined ? T : T extends object & { then: (onfulfilled: F, args: _) => any; } ? ... : T : never : T> | T extends object & { then: (onfulfilled: F, args: _) => any; } ? F extends (value: V, args: _) => any ? V extends null | undefined ? T : T extends object & { then: (onfulfilled: F, args: _) => any; } ? ... : T : never : T) | null'.
  Type '() => Promise<T extends object & { then: (onfulfilled: F, args: _) => any; } ? F extends (value: V, args: _) => any ? V extends null | undefined ? T : T extends object & { then: (onfulfilled: F, args: _) => any; } ? ... : T : never : T>' is not assignable to type '(reason: any) => PromiseLike<T extends object & { then: (onfulfilled: F, args: _) => any; } ? F extends (value: V, args: _) => any ? V extends null | undefined ? T : T extends object & { then: (onfulfilled: F, args: _) => any; } ? ... : T : never : T> | T extends object & { then: (onfulfilled: F, args: _) => any; } ? F extends (value: V, args: _) => any ? V extends null | undefined ? T : T extends object & { then: (onfulfilled: F, args: _) => any; } ? ... : T : never : T'.
    Type 'Promise<T extends object & { then: (onfulfilled: F, args: _) => any; } ? F extends (value: V, args: _) => any ? V extends null | undefined ? T : T extends object & { then: (onfulfilled: F, args: _) => any; } ? ... : T : never : T>' is not assignable to type 'PromiseLike<T extends object & { then: (onfulfilled: F, args: _) => any; } ? F extends (value: V, args: _) => any ? V extends null | undefined ? T : T extends object & { then: (onfulfilled: F, args: _) => any; } ? ... : T : never : T> | T extends object & { then: (onfulfilled: F, args: _) => any; } ? F extends (value: V, args: _) => any ? V extends null | undefined ? T : T extends object & { then: (onfulfilled: F, args: _) => any; } ? ... : T : never : T'.
      Property 'then' is missing in type 'Promise<T extends object & { then: (onfulfilled: F, args: _) => any; } ? F extends (value: V, args: _) => any ? V extends null | undefined ? T : T extends object & { then: (onfulfilled: F, args: _) => any; } ? ... : T : never : T>' but required in type 'PromiseLike<T extends object & { then: (onfulfilled: F, args: _) => any; } ? F extends (value: V, args: _) => any ? V extends null | undefined ? T : T extends object & { then: (onfulfilled: F, args: _) => any; } ? ... : T : never : T>'.
promiseType.ts(198,20): error TS2345: Argument of type '() => Promise<T extends object & { then: (onfulfilled: F, args: _) => any; } ? F extends (value: V, args: _) => any ? V extends null | undefined ? T : T extends object & { then: (onfulfilled: F, args: _) => any; } ? ... : T : never : T>' is not assignable to parameter of type '((value: IteratorYieldResult<T> | IteratorReturnResult<error>) => PromiseLike<T extends object & { then: (onfulfilled: F, args: _) => any; } ? F extends (value: V, args: _) => any ? V extends null | undefined ? T : T extends object & { then: (onfulfilled: F, args: _) => any; } ? ... : T : never : T> | T extends object & { then: (onfulfilled: F, args: _) => any; } ? F extends (value: V, args: _) => any ? V extends null | undefined ? T : T extends object & { then: (onfulfilled: F, args: _) => any; } ? ... : T : never : T) | null'.
  Type '() => Promise<T extends object & { then: (onfulfilled: F, args: _) => any; } ? F extends (value: V, args: _) => any ? V extends null | undefined ? T : T extends object & { then: (onfulfilled: F, args: _) => any; } ? ... : T : never : T>' is not assignable to type '(value: IteratorYieldResult<T> | IteratorReturnResult<error>) => PromiseLike<T extends object & { then: (onfulfilled: F, args: _) => any; } ? F extends (value: V, args: _) => any ? V extends null | undefined ? T : T extends object & { then: (onfulfilled: F, args: _) => any; } ? ... : T : never : T> | T extends object & { then: (onfulfilled: F, args: _) => any; } ? F extends (value: V, args: _) => any ? V extends null | undefined ? T : T extends object & { then: (onfulfilled: F, args: _) => any; } ? ... : T : never : T'.
    Type 'Promise<T extends object & { then: (onfulfilled: F, args: _) => any; } ? F extends (value: V, args: _) => any ? V extends null | undefined ? T : T extends object & { then: (onfulfilled: F, args: _) => any; } ? ... : T : never : T>' is not assignable to type 'PromiseLike<T extends object & { then: (onfulfilled: F, args: _) => any; } ? F extends (value: V, args: _) => any ? V extends null | undefined ? T : T extends object & { then: (onfulfilled: F, args: _) => any; } ? ... : T : never : T> | T extends object & { then: (onfulfilled: F, args: _) => any; } ? F extends (value: V, args: _) => any ? V extends null | undefined ? T : T extends object & { then: (onfulfilled: F, args: _) => any; } ? ... : T : never : T'.
      Property 'then' is missing in type 'Promise<T extends object & { then: (onfulfilled: F, args: _) => any; } ? F extends (value: V, args: _) => any ? V extends null | undefined ? T : T extends object & { then: (onfulfilled: F, args: _) => any; } ? ... : T : never : T>' but required in type 'PromiseLike<T extends object & { then: (onfulfilled: F, args: _) => any; } ? F extends (value: V, args: _) => any ? V extends null | undefined ? T : T extends object & { then: (onfulfilled: F, args: _) => any; } ? ... : T : never : T>'.
promiseType.ts(199,20): error TS2345: Argument of type '() => Promise<T extends object & { then: (onfulfilled: F, args: _) => any; } ? F extends (value: V, args: _) => any ? V extends null | undefined ? T : T extends object & { then: (onfulfilled: F, args: _) => any; } ? ... : T : never : T>' is not assignable to parameter of type '((value: IteratorYieldResult<T> | IteratorReturnResult<error>) => PromiseLike<T extends object & { then: (onfulfilled: F, args: _) => any; } ? F extends (value: V, args: _) => any ? V extends null | undefined ? T : T extends object & { then: (onfulfilled: F, args: _) => any; } ? ... : T : never : T> | T extends object & { then: (onfulfilled: F, args: _) => any; } ? F extends (value: V, args: _) => any ? V extends null | undefined ? T : T extends object & { then: (onfulfilled: F, args: _) => any; } ? ... : T : never : T) | null'.
  Type '() => Promise<T extends object & { then: (onfulfilled: F, args: _) => any; } ? F extends (value: V, args: _) => any ? V extends null | undefined ? T : T extends object & { then: (onfulfilled: F, args: _) => any; } ? ... : T : never : T>' is not assignable to type '(value: IteratorYieldResult<T> | IteratorReturnResult<error>) => PromiseLike<T extends object & { then: (onfulfilled: F, args: _) => any; } ? F extends (value: V, args: _) => any ? V extends null | undefined ? T : T extends object & { then: (onfulfilled: F, args: _) => any; } ? ... : T : never : T> | T extends object & { then: (onfulfilled: F, args: _) => any; } ? F extends (value: V, args: _) => any ? V extends null | undefined ? T : T extends object & { then: (onfulfilled: F, args: _) => any; } ? ... : T : never : T'.
    Type 'Promise<T extends object & { then: (onfulfilled: F, args: _) => any; } ? F extends (value: V, args: _) => any ? V extends null | undefined ? T : T extends object & { then: (onfulfilled: F, args: _) => any; } ? ... : T : never : T>' is not assignable to type 'PromiseLike<T extends object & { then: (onfulfilled: F, args: _) => any; } ? F extends (value: V, args: _) => any ? V extends null | undefined ? T : T extends object & { then: (onfulfilled: F, args: _) => any; } ? ... : T : never : T> | T extends object & { then: (onfulfilled: F, args: _) => any; } ? F extends (value: V, args: _) => any ? V extends null | undefined ? T : T extends object & { then: (onfulfilled: F, args: _) => any; } ? ... : T : never : T'.
      Property 'then' is missing in type 'Promise<T extends object & { then: (onfulfilled: F, args: _) => any; } ? F extends (value: V, args: _) => any ? V extends null | undefined ? T : T extends object & { then: (onfulfilled: F, args: _) => any; } ? ... : T : never : T>' but required in type 'PromiseLike<T extends object & { then: (onfulfilled: F, args: _) => any; } ? F extends (value: V, args: _) => any ? V extends null | undefined ? T : T extends object & { then: (onfulfilled: F, args: _) => any; } ? ... : T : never : T>'.
promiseType.ts(200,20): error TS2345: Argument of type '() => Promise<T extends object & { then: (onfulfilled: F, args: _) => any; } ? F extends (value: V, args: _) => any ? V extends null | undefined ? T : T extends object & { then: (onfulfilled: F, args: _) => any; } ? ... : T : never : T>' is not assignable to parameter of type '((value: IteratorYieldResult<T> | IteratorReturnResult<error>) => PromiseLike<T extends object & { then: (onfulfilled: F, args: _) => any; } ? F extends (value: V, args: _) => any ? V extends null | undefined ? T : T extends object & { then: (onfulfilled: F, args: _) => any; } ? ... : T : never : T> | T extends object & { then: (onfulfilled: F, args: _) => any; } ? F extends (value: V, args: _) => any ? V extends null | undefined ? T : T extends object & { then: (onfulfilled: F, args: _) => any; } ? ... : T : never : T) | null'.
  Type '() => Promise<T extends object & { then: (onfulfilled: F, args: _) => any; } ? F extends (value: V, args: _) => any ? V extends null | undefined ? T : T extends object & { then: (onfulfilled: F, args: _) => any; } ? ... : T : never : T>' is not assignable to type '(value: IteratorYieldResult<T> | IteratorReturnResult<error>) => PromiseLike<T extends object & { then: (onfulfilled: F, args: _) => any; } ? F extends (value: V, args: _) => any ? V extends null | undefined ? T : T extends object & { then: (onfulfilled: F, args: _) => any; } ? ... : T : never : T> | T extends object & { then: (onfulfilled: F, args: _) => any; } ? F extends (value: V, args: _) => any ? V extends null | undefined ? T : T extends object & { then: (onfulfilled: F, args: _) => any; } ? ... : T : never : T'.
    Type 'Promise<T extends object & { then: (onfulfilled: F, args: _) => any; } ? F extends (value: V, args: _) => any ? V extends null | undefined ? T : T extends object & { then: (onfulfilled: F, args: _) => any; } ? ... : T : never : T>' is not assignable to type 'PromiseLike<T extends object & { then: (onfulfilled: F, args: _) => any; } ? F extends (value: V, args: _) => any ? V extends null | undefined ? T : T extends object & { then: (onfulfilled: F, args: _) => any; } ? ... : T : never : T> | T extends object & { then: (onfulfilled: F, args: _) => any; } ? F extends (value: V, args: _) => any ? V extends null | undefined ? T : T extends object & { then: (onfulfilled: F, args: _) => any; } ? ... : T : never : T'.
      Property 'then' is missing in type 'Promise<T extends object & { then: (onfulfilled: F, args: _) => any; } ? F extends (value: V, args: _) => any ? V extends null | undefined ? T : T extends object & { then: (onfulfilled: F, args: _) => any; } ? ... : T : never : T>' but required in type 'PromiseLike<T extends object & { then: (onfulfilled: F, args: _) => any; } ? F extends (value: V, args: _) => any ? V extends null | undefined ? T : T extends object & { then: (onfulfilled: F, args: _) => any; } ? ... : T : never : T>'.
promiseType.ts(201,20): error TS2345: Argument of type '() => Promise<T extends object & { then: (onfulfilled: F, args: _) => any; } ? F extends (value: V, args: _) => any ? V extends null | undefined ? T : T extends object & { then: (onfulfilled: F, args: _) => any; } ? ... : T : never : T>' is not assignable to parameter of type '((value: IteratorYieldResult<T> | IteratorReturnResult<error>) => PromiseLike<T extends object & { then: (onfulfilled: F, args: _) => any; } ? F extends (value: V, args: _) => any ? V extends null | undefined ? T : T extends object & { then: (onfulfilled: F, args: _) => any; } ? ... : T : never : T> | T extends object & { then: (onfulfilled: F, args: _) => any; } ? F extends (value: V, args: _) => any ? V extends null | undefined ? T : T extends object & { then: (onfulfilled: F, args: _) => any; } ? ... : T : never : T) | null'.
  Type '() => Promise<T extends object & { then: (onfulfilled: F, args: _) => any; } ? F extends (value: V, args: _) => any ? V extends null | undefined ? T : T extends object & { then: (onfulfilled: F, args: _) => any; } ? ... : T : never : T>' is not assignable to type '(value: IteratorYieldResult<T> | IteratorReturnResult<error>) => PromiseLike<T extends object & { then: (onfulfilled: F, args: _) => any; } ? F extends (value: V, args: _) => any ? V extends null | undefined ? T : T extends object & { then: (onfulfilled: F, args: _) => any; } ? ... : T : never : T> | T extends object & { then: (onfulfilled: F, args: _) => any; } ? F extends (value: V, args: _) => any ? V extends null | undefined ? T : T extends object & { then: (onfulfilled: F, args: _) => any; } ? ... : T : never : T'.
    Type 'Promise<T extends object & { then: (onfulfilled: F, args: _) => any; } ? F extends (value: V, args: _) => any ? V extends null | undefined ? T : T extends object & { then: (onfulfilled: F, args: _) => any; } ? ... : T : never : T>' is not assignable to type 'PromiseLike<T extends object & { then: (onfulfilled: F, args: _) => any; } ? F extends (value: V, args: _) => any ? V extends null | undefined ? T : T extends object & { then: (onfulfilled: F, args: _) => any; } ? ... : T : never : T> | T extends object & { then: (onfulfilled: F, args: _) => any; } ? F extends (value: V, args: _) => any ? V extends null | undefined ? T : T extends object & { then: (onfulfilled: F, args: _) => any; } ? ... : T : never : T'.
      Property 'then' is missing in type 'Promise<T extends object & { then: (onfulfilled: F, args: _) => any; } ? F extends (value: V, args: _) => any ? V extends null | undefined ? T : T extends object & { then: (onfulfilled: F, args: _) => any; } ? ... : T : never : T>' but required in type 'PromiseLike<T extends object & { then: (onfulfilled: F, args: _) => any; } ? F extends (value: V, args: _) => any ? V extends null | undefined ? T : T extends object & { then: (onfulfilled: F, args: _) => any; } ? ... : T : never : T>'.
promiseType.ts(202,20): error TS2345: Argument of type '() => Promise<T extends object & { then: (onfulfilled: F, args: _) => any; } ? F extends (value: V, args: _) => any ? V extends null | undefined ? T : T extends object & { then: (onfulfilled: F, args: _) => any; } ? ... : T : never : T>' is not assignable to parameter of type '((value: IteratorYieldResult<T> | IteratorReturnResult<error>) => PromiseLike<T extends object & { then: (onfulfilled: F, args: _) => any; } ? F extends (value: V, args: _) => any ? V extends null | undefined ? T : T extends object & { then: (onfulfilled: F, args: _) => any; } ? ... : T : never : T> | T extends object & { then: (onfulfilled: F, args: _) => any; } ? F extends (value: V, args: _) => any ? V extends null | undefined ? T : T extends object & { then: (onfulfilled: F, args: _) => any; } ? ... : T : never : T) | null'.
  Type '() => Promise<T extends object & { then: (onfulfilled: F, args: _) => any; } ? F extends (value: V, args: _) => any ? V extends null | undefined ? T : T extends object & { then: (onfulfilled: F, args: _) => any; } ? ... : T : never : T>' is not assignable to type '(value: IteratorYieldResult<T> | IteratorReturnResult<error>) => PromiseLike<T extends object & { then: (onfulfilled: F, args: _) => any; } ? F extends (value: V, args: _) => any ? V extends null | undefined ? T : T extends object & { then: (onfulfilled: F, args: _) => any; } ? ... : T : never : T> | T extends object & { then: (onfulfilled: F, args: _) => any; } ? F extends (value: V, args: _) => any ? V extends null | undefined ? T : T extends object & { then: (onfulfilled: F, args: _) => any; } ? ... : T : never : T'.
    Type 'Promise<T extends object & { then: (onfulfilled: F, args: _) => any; } ? F extends (value: V, args: _) => any ? V extends null | undefined ? T : T extends object & { then: (onfulfilled: F, args: _) => any; } ? ... : T : never : T>' is not assignable to type 'PromiseLike<T extends object & { then: (onfulfilled: F, args: _) => any; } ? F extends (value: V, args: _) => any ? V extends null | undefined ? T : T extends object & { then: (onfulfilled: F, args: _) => any; } ? ... : T : never : T> | T extends object & { then: (onfulfilled: F, args: _) => any; } ? F extends (value: V, args: _) => any ? V extends null | undefined ? T : T extends object & { then: (onfulfilled: F, args: _) => any; } ? ... : T : never : T'.
      Property 'then' is missing in type 'Promise<T extends object & { then: (onfulfilled: F, args: _) => any; } ? F extends (value: V, args: _) => any ? V extends null | undefined ? T : T extends object & { then: (onfulfilled: F, args: _) => any; } ? ... : T : never : T>' but required in type 'PromiseLike<T extends object & { then: (onfulfilled: F, args: _) => any; } ? F extends (value: V, args: _) => any ? V extends null | undefined ? T : T extends object & { then: (onfulfilled: F, args: _) => any; } ? ... : T : never : T>'.
promiseType.ts(203,20): error TS2345: Argument of type '() => Promise<T extends object & { then: (onfulfilled: F, args: _) => any; } ? F extends (value: V, args: _) => any ? V extends null | undefined ? T : T extends object & { then: (onfulfilled: F, args: _) => any; } ? ... : T : never : T>' is not assignable to parameter of type '((value: IteratorYieldResult<T> | IteratorReturnResult<error>) => PromiseLike<T extends object & { then: (onfulfilled: F, args: _) => any; } ? F extends (value: V, args: _) => any ? V extends null | undefined ? T : T extends object & { then: (onfulfilled: F, args: _) => any; } ? ... : T : never : T> | T extends object & { then: (onfulfilled: F, args: _) => any; } ? F extends (value: V, args: _) => any ? V extends null | undefined ? T : T extends object & { then: (onfulfilled: F, args: _) => any; } ? ... : T : never : T) | null'.
  Type '() => Promise<T extends object & { then: (onfulfilled: F, args: _) => any; } ? F extends (value: V, args: _) => any ? V extends null | undefined ? T : T extends object & { then: (onfulfilled: F, args: _) => any; } ? ... : T : never : T>' is not assignable to type '(value: IteratorYieldResult<T> | IteratorReturnResult<error>) => PromiseLike<T extends object & { then: (onfulfilled: F, args: _) => any; } ? F extends (value: V, args: _) => any ? V extends null | undefined ? T : T extends object & { then: (onfulfilled: F, args: _) => any; } ? ... : T : never : T> | T extends object & { then: (onfulfilled: F, args: _) => any; } ? F extends (value: V, args: _) => any ? V extends null | undefined ? T : T extends object & { then: (onfulfilled: F, args: _) => any; } ? ... : T : never : T'.
    Type 'Promise<T extends object & { then: (onfulfilled: F, args: _) => any; } ? F extends (value: V, args: _) => any ? V extends null | undefined ? T : T extends object & { then: (onfulfilled: F, args: _) => any; } ? ... : T : never : T>' is not assignable to type 'PromiseLike<T extends object & { then: (onfulfilled: F, args: _) => any; } ? F extends (value: V, args: _) => any ? V extends null | undefined ? T : T extends object & { then: (onfulfilled: F, args: _) => any; } ? ... : T : never : T> | T extends object & { then: (onfulfilled: F, args: _) => any; } ? F extends (value: V, args: _) => any ? V extends null | undefined ? T : T extends object & { then: (onfulfilled: F, args: _) => any; } ? ... : T : never : T'.
      Property 'then' is missing in type 'Promise<T extends object & { then: (onfulfilled: F, args: _) => any; } ? F extends (value: V, args: _) => any ? V extends null | undefined ? T : T extends object & { then: (onfulfilled: F, args: _) => any; } ? ... : T : never : T>' but required in type 'PromiseLike<T extends object & { then: (onfulfilled: F, args: _) => any; } ? F extends (value: V, args: _) => any ? V extends null | undefined ? T : T extends object & { then: (onfulfilled: F, args: _) => any; } ? ... : T : never : T>'.
promiseType.ts(204,20): error TS2345: Argument of type '() => Promise<T extends object & { then: (onfulfilled: F, args: _) => any; } ? F extends (value: V, args: _) => any ? V extends null | undefined ? T : T extends object & { then: (onfulfilled: F, args: _) => any; } ? ... : T : never : T>' is not assignable to parameter of type '((value: IteratorYieldResult<T> | IteratorReturnResult<error>) => PromiseLike<T extends object & { then: (onfulfilled: F, args: _) => any; } ? F extends (value: V, args: _) => any ? V extends null | undefined ? T : T extends object & { then: (onfulfilled: F, args: _) => any; } ? ... : T : never : T> | T extends object & { then: (onfulfilled: F, args: _) => any; } ? F extends (value: V, args: _) => any ? V extends null | undefined ? T : T extends object & { then: (onfulfilled: F, args: _) => any; } ? ... : T : never : T) | null'.
  Type '() => Promise<T extends object & { then: (onfulfilled: F, args: _) => any; } ? F extends (value: V, args: _) => any ? V extends null | undefined ? T : T extends object & { then: (onfulfilled: F, args: _) => any; } ? ... : T : never : T>' is not assignable to type '(value: IteratorYieldResult<T> | IteratorReturnResult<error>) => PromiseLike<T extends object & { then: (onfulfilled: F, args: _) => any; } ? F extends (value: V, args: _) => any ? V extends null | undefined ? T : T extends object & { then: (onfulfilled: F, args: _) => any; } ? ... : T : never : T> | T extends object & { then: (onfulfilled: F, args: _) => any; } ? F extends (value: V, args: _) => any ? V extends null | undefined ? T : T extends object & { then: (onfulfilled: F, args: _) => any; } ? ... : T : never : T'.
    Type 'Promise<T extends object & { then: (onfulfilled: F, args: _) => any; } ? F extends (value: V, args: _) => any ? V extends null | undefined ? T : T extends object & { then: (onfulfilled: F, args: _) => any; } ? ... : T : never : T>' is not assignable to type 'PromiseLike<T extends object & { then: (onfulfilled: F, args: _) => any; } ? F extends (value: V, args: _) => any ? V extends null | undefined ? T : T extends object & { then: (onfulfilled: F, args: _) => any; } ? ... : T : never : T> | T extends object & { then: (onfulfilled: F, args: _) => any; } ? F extends (value: V, args: _) => any ? V extends null | undefined ? T : T extends object & { then: (onfulfilled: F, args: _) => any; } ? ... : T : never : T'.
      Property 'then' is missing in type 'Promise<T extends object & { then: (onfulfilled: F, args: _) => any; } ? F extends (value: V, args: _) => any ? V extends null | undefined ? T : T extends object & { then: (onfulfilled: F, args: _) => any; } ? ... : T : never : T>' but required in type 'PromiseLike<T extends object & { then: (onfulfilled: F, args: _) => any; } ? F extends (value: V, args: _) => any ? V extends null | undefined ? T : T extends object & { then: (onfulfilled: F, args: _) => any; } ? ... : T : never : T>'.
promiseType.ts(205,20): error TS2345: Argument of type '() => Promise<T extends object & { then: (onfulfilled: F, args: _) => any; } ? F extends (value: V, args: _) => any ? V extends null | undefined ? T : T extends object & { then: (onfulfilled: F, args: _) => any; } ? ... : T : never : T>' is not assignable to parameter of type '((value: IteratorYieldResult<T> | IteratorReturnResult<error>) => PromiseLike<T extends object & { then: (onfulfilled: F, args: _) => any; } ? F extends (value: V, args: _) => any ? V extends null | undefined ? T : T extends object & { then: (onfulfilled: F, args: _) => any; } ? ... : T : never : T> | T extends object & { then: (onfulfilled: F, args: _) => any; } ? F extends (value: V, args: _) => any ? V extends null | undefined ? T : T extends object & { then: (onfulfilled: F, args: _) => any; } ? ... : T : never : T) | null'.
  Type '() => Promise<T extends object & { then: (onfulfilled: F, args: _) => any; } ? F extends (value: V, args: _) => any ? V extends null | undefined ? T : T extends object & { then: (onfulfilled: F, args: _) => any; } ? ... : T : never : T>' is not assignable to type '(value: IteratorYieldResult<T> | IteratorReturnResult<error>) => PromiseLike<T extends object & { then: (onfulfilled: F, args: _) => any; } ? F extends (value: V, args: _) => any ? V extends null | undefined ? T : T extends object & { then: (onfulfilled: F, args: _) => any; } ? ... : T : never : T> | T extends object & { then: (onfulfilled: F, args: _) => any; } ? F extends (value: V, args: _) => any ? V extends null | undefined ? T : T extends object & { then: (onfulfilled: F, args: _) => any; } ? ... : T : never : T'.
    Type 'Promise<T extends object & { then: (onfulfilled: F, args: _) => any; } ? F extends (value: V, args: _) => any ? V extends null | undefined ? T : T extends object & { then: (onfulfilled: F, args: _) => any; } ? ... : T : never : T>' is not assignable to type 'PromiseLike<T extends object & { then: (onfulfilled: F, args: _) => any; } ? F extends (value: V, args: _) => any ? V extends null | undefined ? T : T extends object & { then: (onfulfilled: F, args: _) => any; } ? ... : T : never : T> | T extends object & { then: (onfulfilled: F, args: _) => any; } ? F extends (value: V, args: _) => any ? V extends null | undefined ? T : T extends object & { then: (onfulfilled: F, args: _) => any; } ? ... : T : never : T'.
      Property 'then' is missing in type 'Promise<T extends object & { then: (onfulfilled: F, args: _) => any; } ? F extends (value: V, args: _) => any ? V extends null | undefined ? T : T extends object & { then: (onfulfilled: F, args: _) => any; } ? ... : T : never : T>' but required in type 'PromiseLike<T extends object & { then: (onfulfilled: F, args: _) => any; } ? F extends (value: V, args: _) => any ? V extends null | undefined ? T : T extends object & { then: (onfulfilled: F, args: _) => any; } ? ... : T : never : T>'.
promiseType.ts(206,20): error TS2345: Argument of type '() => Promise<T extends object & { then: (onfulfilled: F, args: _) => any; } ? F extends (value: V, args: _) => any ? V extends null | undefined ? T : T extends object & { then: (onfulfilled: F, args: _) => any; } ? ... : T : never : T>' is not assignable to parameter of type '((value: IteratorYieldResult<T> | IteratorReturnResult<error>) => PromiseLike<T extends object & { then: (onfulfilled: F, args: _) => any; } ? F extends (value: V, args: _) => any ? V extends null | undefined ? T : T extends object & { then: (onfulfilled: F, args: _) => any; } ? ... : T : never : T> | T extends object & { then: (onfulfilled: F, args: _) => any; } ? F extends (value: V, args: _) => any ? V extends null | undefined ? T : T extends object & { then: (onfulfilled: F, args: _) => any; } ? ... : T : never : T) | null'.
  Type '() => Promise<T extends object & { then: (onfulfilled: F, args: _) => any; } ? F extends (value: V, args: _) => any ? V extends null | undefined ? T : T extends object & { then: (onfulfilled: F, args: _) => any; } ? ... : T : never : T>' is not assignable to type '(value: IteratorYieldResult<T> | IteratorReturnResult<error>) => PromiseLike<T extends object & { then: (onfulfilled: F, args: _) => any; } ? F extends (value: V, args: _) => any ? V extends null | undefined ? T : T extends object & { then: (onfulfilled: F, args: _) => any; } ? ... : T : never : T> | T extends object & { then: (onfulfilled: F, args: _) => any; } ? F extends (value: V, args: _) => any ? V extends null | undefined ? T : T extends object & { then: (onfulfilled: F, args: _) => any; } ? ... : T : never : T'.
    Type 'Promise<T extends object & { then: (onfulfilled: F, args: _) => any; } ? F extends (value: V, args: _) => any ? V extends null | undefined ? T : T extends object & { then: (onfulfilled: F, args: _) => any; } ? ... : T : never : T>' is not assignable to type 'PromiseLike<T extends object & { then: (onfulfilled: F, args: _) => any; } ? F extends (value: V, args: _) => any ? V extends null | undefined ? T : T extends object & { then: (onfulfilled: F, args: _) => any; } ? ... : T : never : T> | T extends object & { then: (onfulfilled: F, args: _) => any; } ? F extends (value: V, args: _) => any ? V extends null | undefined ? T : T extends object & { then: (onfulfilled: F, args: _) => any; } ? ... : T : never : T'.
      Property 'then' is missing in type 'Promise<T extends object & { then: (onfulfilled: F, args: _) => any; } ? F extends (value: V, args: _) => any ? V extends null | undefined ? T : T extends object & { then: (onfulfilled: F, args: _) => any; } ? ... : T : never : T>' but required in type 'PromiseLike<T extends object & { then: (onfulfilled: F, args: _) => any; } ? F extends (value: V, args: _) => any ? V extends null | undefined ? T : T extends object & { then: (onfulfilled: F, args: _) => any; } ? ... : T : never : T>'.
promiseType.ts(207,20): error TS2345: Argument of type '() => Promise<T extends object & { then: (onfulfilled: F, args: _) => any; } ? F extends (value: V, args: _) => any ? V extends null | undefined ? T : T extends object & { then: (onfulfilled: F, args: _) => any; } ? ... : T : never : T>' is not assignable to parameter of type '((value: IteratorYieldResult<T> | IteratorReturnResult<error>) => PromiseLike<T extends object & { then: (onfulfilled: F, args: _) => any; } ? F extends (value: V, args: _) => any ? V extends null | undefined ? T : T extends object & { then: (onfulfilled: F, args: _) => any; } ? ... : T : never : T> | T extends object & { then: (onfulfilled: F, args: _) => any; } ? F extends (value: V, args: _) => any ? V extends null | undefined ? T : T extends object & { then: (onfulfilled: F, args: _) => any; } ? ... : T : never : T) | null'.
  Type '() => Promise<T extends object & { then: (onfulfilled: F, args: _) => any; } ? F extends (value: V, args: _) => any ? V extends null | undefined ? T : T extends object & { then: (onfulfilled: F, args: _) => any; } ? ... : T : never : T>' is not assignable to type '(value: IteratorYieldResult<T> | IteratorReturnResult<error>) => PromiseLike<T extends object & { then: (onfulfilled: F, args: _) => any; } ? F extends (value: V, args: _) => any ? V extends null | undefined ? T : T extends object & { then: (onfulfilled: F, args: _) => any; } ? ... : T : never : T> | T extends object & { then: (onfulfilled: F, args: _) => any; } ? F extends (value: V, args: _) => any ? V extends null | undefined ? T : T extends object & { then: (onfulfilled: F, args: _) => any; } ? ... : T : never : T'.
    Type 'Promise<T extends object & { then: (onfulfilled: F, args: _) => any; } ? F extends (value: V, args: _) => any ? V extends null | undefined ? T : T extends object & { then: (onfulfilled: F, args: _) => any; } ? ... : T : never : T>' is not assignable to type 'PromiseLike<T extends object & { then: (onfulfilled: F, args: _) => any; } ? F extends (value: V, args: _) => any ? V extends null | undefined ? T : T extends object & { then: (onfulfilled: F, args: _) => any; } ? ... : T : never : T> | T extends object & { then: (onfulfilled: F, args: _) => any; } ? F extends (value: V, args: _) => any ? V extends null | undefined ? T : T extends object & { then: (onfulfilled: F, args: _) => any; } ? ... : T : never : T'.
      Property 'then' is missing in type 'Promise<T extends object & { then: (onfulfilled: F, args: _) => any; } ? F extends (value: V, args: _) => any ? V extends null | undefined ? T : T extends object & { then: (onfulfilled: F, args: _) => any; } ? ... : T : never : T>' but required in type 'PromiseLike<T extends object & { then: (onfulfilled: F, args: _) => any; } ? F extends (value: V, args: _) => any ? V extends null | undefined ? T : T extends object & { then: (onfulfilled: F, args: _) => any; } ? ... : T : never : T>'.
promiseType.ts(217,47): error TS2345: Argument of type '() => Promise<T extends object & { then: (onfulfilled: F, args: _) => any; } ? F extends (value: V, args: _) => any ? V extends null | undefined ? T : T extends object & { then: (onfulfilled: F, args: _) => any; } ? ... : T : never : T>' is not assignable to parameter of type '((reason: any) => PromiseLike<T extends object & { then: (onfulfilled: F, args: _) => any; } ? F extends (value: V, args: _) => any ? V extends null | undefined ? T : T extends object & { then: (onfulfilled: F, args: _) => any; } ? ... : T : never : T> | T extends object & { then: (onfulfilled: F, args: _) => any; } ? F extends (value: V, args: _) => any ? V extends null | undefined ? T : T extends object & { then: (onfulfilled: F, args: _) => any; } ? ... : T : never : T) | null'.
  Type '() => Promise<T extends object & { then: (onfulfilled: F, args: _) => any; } ? F extends (value: V, args: _) => any ? V extends null | undefined ? T : T extends object & { then: (onfulfilled: F, args: _) => any; } ? ... : T : never : T>' is not assignable to type '(reason: any) => PromiseLike<T extends object & { then: (onfulfilled: F, args: _) => any; } ? F extends (value: V, args: _) => any ? V extends null | undefined ? T : T extends object & { then: (onfulfilled: F, args: _) => any; } ? ... : T : never : T> | T extends object & { then: (onfulfilled: F, args: _) => any; } ? F extends (value: V, args: _) => any ? V extends null | undefined ? T : T extends object & { then: (onfulfilled: F, args: _) => any; } ? ... : T : never : T'.
    Type 'Promise<T extends object & { then: (onfulfilled: F, args: _) => any; } ? F extends (value: V, args: _) => any ? V extends null | undefined ? T : T extends object & { then: (onfulfilled: F, args: _) => any; } ? ... : T : never : T>' is not assignable to type 'PromiseLike<T extends object & { then: (onfulfilled: F, args: _) => any; } ? F extends (value: V, args: _) => any ? V extends null | undefined ? T : T extends object & { then: (onfulfilled: F, args: _) => any; } ? ... : T : never : T> | T extends object & { then: (onfulfilled: F, args: _) => any; } ? F extends (value: V, args: _) => any ? V extends null | undefined ? T : T extends object & { then: (onfulfilled: F, args: _) => any; } ? ... : T : never : T'.
      Property 'then' is missing in type 'Promise<T extends object & { then: (onfulfilled: F, args: _) => any; } ? F extends (value: V, args: _) => any ? V extends null | undefined ? T : T extends object & { then: (onfulfilled: F, args: _) => any; } ? ... : T : never : T>' but required in type 'PromiseLike<T extends object & { then: (onfulfilled: F, args: _) => any; } ? F extends (value: V, args: _) => any ? V extends null | undefined ? T : T extends object & { then: (onfulfilled: F, args: _) => any; } ? ... : T : never : T>'.
",,default
_submodules/TypeScript/tests/cases/compiler/promiseTypeInference.ts,,"promiseTypeInference.ts(10,47): error TS2345: Argument of type 'T' is not assignable to parameter of type 'string'.
",,default
_submodules/TypeScript/tests/cases/compiler/promiseTypeStrictNull.ts,,"promiseTypeStrictNull.ts(97,21): error TS2345: Argument of type '() => Promise<T extends object & { then: (onfulfilled: F, args: _) => any; } ? F extends (value: V, args: _) => any ? V extends null | undefined ? T : T extends object & { then: (onfulfilled: F, args: _) => any; } ? ... : T : never : T>' is not assignable to parameter of type '((reason: any) => PromiseLike<T extends object & { then: (onfulfilled: F, args: _) => any; } ? F extends (value: V, args: _) => any ? V extends null | undefined ? T : T extends object & { then: (onfulfilled: F, args: _) => any; } ? ... : T : never : T> | T extends object & { then: (onfulfilled: F, args: _) => any; } ? F extends (value: V, args: _) => any ? V extends null | undefined ? T : T extends object & { then: (onfulfilled: F, args: _) => any; } ? ... : T : never : T) | null'.
  Type '() => Promise<T extends object & { then: (onfulfilled: F, args: _) => any; } ? F extends (value: V, args: _) => any ? V extends null | undefined ? T : T extends object & { then: (onfulfilled: F, args: _) => any; } ? ... : T : never : T>' is not assignable to type '(reason: any) => PromiseLike<T extends object & { then: (onfulfilled: F, args: _) => any; } ? F extends (value: V, args: _) => any ? V extends null | undefined ? T : T extends object & { then: (onfulfilled: F, args: _) => any; } ? ... : T : never : T> | T extends object & { then: (onfulfilled: F, args: _) => any; } ? F extends (value: V, args: _) => any ? V extends null | undefined ? T : T extends object & { then: (onfulfilled: F, args: _) => any; } ? ... : T : never : T'.
    Type 'Promise<T extends object & { then: (onfulfilled: F, args: _) => any; } ? F extends (value: V, args: _) => any ? V extends null | undefined ? T : T extends object & { then: (onfulfilled: F, args: _) => any; } ? ... : T : never : T>' is not assignable to type 'PromiseLike<T extends object & { then: (onfulfilled: F, args: _) => any; } ? F extends (value: V, args: _) => any ? V extends null | undefined ? T : T extends object & { then: (onfulfilled: F, args: _) => any; } ? ... : T : never : T> | T extends object & { then: (onfulfilled: F, args: _) => any; } ? F extends (value: V, args: _) => any ? V extends null | undefined ? T : T extends object & { then: (onfulfilled: F, args: _) => any; } ? ... : T : never : T'.
      Property 'then' is missing in type 'Promise<T extends object & { then: (onfulfilled: F, args: _) => any; } ? F extends (value: V, args: _) => any ? V extends null | undefined ? T : T extends object & { then: (onfulfilled: F, args: _) => any; } ? ... : T : never : T>' but required in type 'PromiseLike<T extends object & { then: (onfulfilled: F, args: _) => any; } ? F extends (value: V, args: _) => any ? V extends null | undefined ? T : T extends object & { then: (onfulfilled: F, args: _) => any; } ? ... : T : never : T>'.
promiseTypeStrictNull.ts(107,20): error TS2345: Argument of type '() => Promise<T extends object & { then: (onfulfilled: F, args: _) => any; } ? F extends (value: V, args: _) => any ? V extends null | undefined ? T : T extends object & { then: (onfulfilled: F, args: _) => any; } ? ... : T : never : T>' is not assignable to parameter of type '((value: IteratorYieldResult<T> | IteratorReturnResult<error>) => PromiseLike<T extends object & { then: (onfulfilled: F, args: _) => any; } ? F extends (value: V, args: _) => any ? V extends null | undefined ? T : T extends object & { then: (onfulfilled: F, args: _) => any; } ? ... : T : never : T> | T extends object & { then: (onfulfilled: F, args: _) => any; } ? F extends (value: V, args: _) => any ? V extends null | undefined ? T : T extends object & { then: (onfulfilled: F, args: _) => any; } ? ... : T : never : T) | null'.
  Type '() => Promise<T extends object & { then: (onfulfilled: F, args: _) => any; } ? F extends (value: V, args: _) => any ? V extends null | undefined ? T : T extends object & { then: (onfulfilled: F, args: _) => any; } ? ... : T : never : T>' is not assignable to type '(value: IteratorYieldResult<T> | IteratorReturnResult<error>) => PromiseLike<T extends object & { then: (onfulfilled: F, args: _) => any; } ? F extends (value: V, args: _) => any ? V extends null | undefined ? T : T extends object & { then: (onfulfilled: F, args: _) => any; } ? ... : T : never : T> | T extends object & { then: (onfulfilled: F, args: _) => any; } ? F extends (value: V, args: _) => any ? V extends null | undefined ? T : T extends object & { then: (onfulfilled: F, args: _) => any; } ? ... : T : never : T'.
    Type 'Promise<T extends object & { then: (onfulfilled: F, args: _) => any; } ? F extends (value: V, args: _) => any ? V extends null | undefined ? T : T extends object & { then: (onfulfilled: F, args: _) => any; } ? ... : T : never : T>' is not assignable to type 'PromiseLike<T extends object & { then: (onfulfilled: F, args: _) => any; } ? F extends (value: V, args: _) => any ? V extends null | undefined ? T : T extends object & { then: (onfulfilled: F, args: _) => any; } ? ... : T : never : T> | T extends object & { then: (onfulfilled: F, args: _) => any; } ? F extends (value: V, args: _) => any ? V extends null | undefined ? T : T extends object & { then: (onfulfilled: F, args: _) => any; } ? ... : T : never : T'.
      Property 'then' is missing in type 'Promise<T extends object & { then: (onfulfilled: F, args: _) => any; } ? F extends (value: V, args: _) => any ? V extends null | undefined ? T : T extends object & { then: (onfulfilled: F, args: _) => any; } ? ... : T : never : T>' but required in type 'PromiseLike<T extends object & { then: (onfulfilled: F, args: _) => any; } ? F extends (value: V, args: _) => any ? V extends null | undefined ? T : T extends object & { then: (onfulfilled: F, args: _) => any; } ? ... : T : never : T>'.
promiseTypeStrictNull.ts(118,31): error TS2345: Argument of type '() => Promise<T extends object & { then: (onfulfilled: F, args: _) => any; } ? F extends (value: V, args: _) => any ? V extends null | undefined ? T : T extends object & { then: (onfulfilled: F, args: _) => any; } ? ... : T : never : T>' is not assignable to parameter of type '((reason: any) => PromiseLike<T extends object & { then: (onfulfilled: F, args: _) => any; } ? F extends (value: V, args: _) => any ? V extends null | undefined ? T : T extends object & { then: (onfulfilled: F, args: _) => any; } ? ... : T : never : T> | T extends object & { then: (onfulfilled: F, args: _) => any; } ? F extends (value: V, args: _) => any ? V extends null | undefined ? T : T extends object & { then: (onfulfilled: F, args: _) => any; } ? ... : T : never : T) | null'.
  Type '() => Promise<T extends object & { then: (onfulfilled: F, args: _) => any; } ? F extends (value: V, args: _) => any ? V extends null | undefined ? T : T extends object & { then: (onfulfilled: F, args: _) => any; } ? ... : T : never : T>' is not assignable to type '(reason: any) => PromiseLike<T extends object & { then: (onfulfilled: F, args: _) => any; } ? F extends (value: V, args: _) => any ? V extends null | undefined ? T : T extends object & { then: (onfulfilled: F, args: _) => any; } ? ... : T : never : T> | T extends object & { then: (onfulfilled: F, args: _) => any; } ? F extends (value: V, args: _) => any ? V extends null | undefined ? T : T extends object & { then: (onfulfilled: F, args: _) => any; } ? ... : T : never : T'.
    Type 'Promise<T extends object & { then: (onfulfilled: F, args: _) => any; } ? F extends (value: V, args: _) => any ? V extends null | undefined ? T : T extends object & { then: (onfulfilled: F, args: _) => any; } ? ... : T : never : T>' is not assignable to type 'PromiseLike<T extends object & { then: (onfulfilled: F, args: _) => any; } ? F extends (value: V, args: _) => any ? V extends null | undefined ? T : T extends object & { then: (onfulfilled: F, args: _) => any; } ? ... : T : never : T> | T extends object & { then: (onfulfilled: F, args: _) => any; } ? F extends (value: V, args: _) => any ? V extends null | undefined ? T : T extends object & { then: (onfulfilled: F, args: _) => any; } ? ... : T : never : T'.
      Property 'then' is missing in type 'Promise<T extends object & { then: (onfulfilled: F, args: _) => any; } ? F extends (value: V, args: _) => any ? V extends null | undefined ? T : T extends object & { then: (onfulfilled: F, args: _) => any; } ? ... : T : never : T>' but required in type 'PromiseLike<T extends object & { then: (onfulfilled: F, args: _) => any; } ? F extends (value: V, args: _) => any ? V extends null | undefined ? T : T extends object & { then: (onfulfilled: F, args: _) => any; } ? ... : T : never : T>'.
promiseTypeStrictNull.ts(129,26): error TS2345: Argument of type '() => Promise<T extends object & { then: (onfulfilled: F, args: _) => any; } ? F extends (value: V, args: _) => any ? V extends null | undefined ? T : T extends object & { then: (onfulfilled: F, args: _) => any; } ? ... : T : never : T>' is not assignable to parameter of type '((reason: any) => PromiseLike<T extends object & { then: (onfulfilled: F, args: _) => any; } ? F extends (value: V, args: _) => any ? V extends null | undefined ? T : T extends object & { then: (onfulfilled: F, args: _) => any; } ? ... : T : never : T> | T extends object & { then: (onfulfilled: F, args: _) => any; } ? F extends (value: V, args: _) => any ? V extends null | undefined ? T : T extends object & { then: (onfulfilled: F, args: _) => any; } ? ... : T : never : T) | null'.
  Type '() => Promise<T extends object & { then: (onfulfilled: F, args: _) => any; } ? F extends (value: V, args: _) => any ? V extends null | undefined ? T : T extends object & { then: (onfulfilled: F, args: _) => any; } ? ... : T : never : T>' is not assignable to type '(reason: any) => PromiseLike<T extends object & { then: (onfulfilled: F, args: _) => any; } ? F extends (value: V, args: _) => any ? V extends null | undefined ? T : T extends object & { then: (onfulfilled: F, args: _) => any; } ? ... : T : never : T> | T extends object & { then: (onfulfilled: F, args: _) => any; } ? F extends (value: V, args: _) => any ? V extends null | undefined ? T : T extends object & { then: (onfulfilled: F, args: _) => any; } ? ... : T : never : T'.
    Type 'Promise<T extends object & { then: (onfulfilled: F, args: _) => any; } ? F extends (value: V, args: _) => any ? V extends null | undefined ? T : T extends object & { then: (onfulfilled: F, args: _) => any; } ? ... : T : never : T>' is not assignable to type 'PromiseLike<T extends object & { then: (onfulfilled: F, args: _) => any; } ? F extends (value: V, args: _) => any ? V extends null | undefined ? T : T extends object & { then: (onfulfilled: F, args: _) => any; } ? ... : T : never : T> | T extends object & { then: (onfulfilled: F, args: _) => any; } ? F extends (value: V, args: _) => any ? V extends null | undefined ? T : T extends object & { then: (onfulfilled: F, args: _) => any; } ? ... : T : never : T'.
      Property 'then' is missing in type 'Promise<T extends object & { then: (onfulfilled: F, args: _) => any; } ? F extends (value: V, args: _) => any ? V extends null | undefined ? T : T extends object & { then: (onfulfilled: F, args: _) => any; } ? ... : T : never : T>' but required in type 'PromiseLike<T extends object & { then: (onfulfilled: F, args: _) => any; } ? F extends (value: V, args: _) => any ? V extends null | undefined ? T : T extends object & { then: (onfulfilled: F, args: _) => any; } ? ... : T : never : T>'.
promiseTypeStrictNull.ts(140,31): error TS2345: Argument of type '() => Promise<T extends object & { then: (onfulfilled: F, args: _) => any; } ? F extends (value: V, args: _) => any ? V extends null | undefined ? T : T extends object & { then: (onfulfilled: F, args: _) => any; } ? ... : T : never : T>' is not assignable to parameter of type '((reason: any) => PromiseLike<T extends object & { then: (onfulfilled: F, args: _) => any; } ? F extends (value: V, args: _) => any ? V extends null | undefined ? T : T extends object & { then: (onfulfilled: F, args: _) => any; } ? ... : T : never : T> | T extends object & { then: (onfulfilled: F, args: _) => any; } ? F extends (value: V, args: _) => any ? V extends null | undefined ? T : T extends object & { then: (onfulfilled: F, args: _) => any; } ? ... : T : never : T) | null'.
  Type '() => Promise<T extends object & { then: (onfulfilled: F, args: _) => any; } ? F extends (value: V, args: _) => any ? V extends null | undefined ? T : T extends object & { then: (onfulfilled: F, args: _) => any; } ? ... : T : never : T>' is not assignable to type '(reason: any) => PromiseLike<T extends object & { then: (onfulfilled: F, args: _) => any; } ? F extends (value: V, args: _) => any ? V extends null | undefined ? T : T extends object & { then: (onfulfilled: F, args: _) => any; } ? ... : T : never : T> | T extends object & { then: (onfulfilled: F, args: _) => any; } ? F extends (value: V, args: _) => any ? V extends null | undefined ? T : T extends object & { then: (onfulfilled: F, args: _) => any; } ? ... : T : never : T'.
    Type 'Promise<T extends object & { then: (onfulfilled: F, args: _) => any; } ? F extends (value: V, args: _) => any ? V extends null | undefined ? T : T extends object & { then: (onfulfilled: F, args: _) => any; } ? ... : T : never : T>' is not assignable to type 'PromiseLike<T extends object & { then: (onfulfilled: F, args: _) => any; } ? F extends (value: V, args: _) => any ? V extends null | undefined ? T : T extends object & { then: (onfulfilled: F, args: _) => any; } ? ... : T : never : T> | T extends object & { then: (onfulfilled: F, args: _) => any; } ? F extends (value: V, args: _) => any ? V extends null | undefined ? T : T extends object & { then: (onfulfilled: F, args: _) => any; } ? ... : T : never : T'.
      Property 'then' is missing in type 'Promise<T extends object & { then: (onfulfilled: F, args: _) => any; } ? F extends (value: V, args: _) => any ? V extends null | undefined ? T : T extends object & { then: (onfulfilled: F, args: _) => any; } ? ... : T : never : T>' but required in type 'PromiseLike<T extends object & { then: (onfulfilled: F, args: _) => any; } ? F extends (value: V, args: _) => any ? V extends null | undefined ? T : T extends object & { then: (onfulfilled: F, args: _) => any; } ? ... : T : never : T>'.
promiseTypeStrictNull.ts(151,29): error TS2345: Argument of type '() => Promise<T extends object & { then: (onfulfilled: F, args: _) => any; } ? F extends (value: V, args: _) => any ? V extends null | undefined ? T : T extends object & { then: (onfulfilled: F, args: _) => any; } ? ... : T : never : T>' is not assignable to parameter of type '((reason: any) => PromiseLike<T extends object & { then: (onfulfilled: F, args: _) => any; } ? F extends (value: V, args: _) => any ? V extends null | undefined ? T : T extends object & { then: (onfulfilled: F, args: _) => any; } ? ... : T : never : T> | T extends object & { then: (onfulfilled: F, args: _) => any; } ? F extends (value: V, args: _) => any ? V extends null | undefined ? T : T extends object & { then: (onfulfilled: F, args: _) => any; } ? ... : T : never : T) | null'.
  Type '() => Promise<T extends object & { then: (onfulfilled: F, args: _) => any; } ? F extends (value: V, args: _) => any ? V extends null | undefined ? T : T extends object & { then: (onfulfilled: F, args: _) => any; } ? ... : T : never : T>' is not assignable to type '(reason: any) => PromiseLike<T extends object & { then: (onfulfilled: F, args: _) => any; } ? F extends (value: V, args: _) => any ? V extends null | undefined ? T : T extends object & { then: (onfulfilled: F, args: _) => any; } ? ... : T : never : T> | T extends object & { then: (onfulfilled: F, args: _) => any; } ? F extends (value: V, args: _) => any ? V extends null | undefined ? T : T extends object & { then: (onfulfilled: F, args: _) => any; } ? ... : T : never : T'.
    Type 'Promise<T extends object & { then: (onfulfilled: F, args: _) => any; } ? F extends (value: V, args: _) => any ? V extends null | undefined ? T : T extends object & { then: (onfulfilled: F, args: _) => any; } ? ... : T : never : T>' is not assignable to type 'PromiseLike<T extends object & { then: (onfulfilled: F, args: _) => any; } ? F extends (value: V, args: _) => any ? V extends null | undefined ? T : T extends object & { then: (onfulfilled: F, args: _) => any; } ? ... : T : never : T> | T extends object & { then: (onfulfilled: F, args: _) => any; } ? F extends (value: V, args: _) => any ? V extends null | undefined ? T : T extends object & { then: (onfulfilled: F, args: _) => any; } ? ... : T : never : T'.
      Property 'then' is missing in type 'Promise<T extends object & { then: (onfulfilled: F, args: _) => any; } ? F extends (value: V, args: _) => any ? V extends null | undefined ? T : T extends object & { then: (onfulfilled: F, args: _) => any; } ? ... : T : never : T>' but required in type 'PromiseLike<T extends object & { then: (onfulfilled: F, args: _) => any; } ? F extends (value: V, args: _) => any ? V extends null | undefined ? T : T extends object & { then: (onfulfilled: F, args: _) => any; } ? ... : T : never : T>'.
promiseTypeStrictNull.ts(162,37): error TS2345: Argument of type '() => Promise<T extends object & { then: (onfulfilled: F, args: _) => any; } ? F extends (value: V, args: _) => any ? V extends null | undefined ? T : T extends object & { then: (onfulfilled: F, args: _) => any; } ? ... : T : never : T>' is not assignable to parameter of type '((reason: any) => PromiseLike<T extends object & { then: (onfulfilled: F, args: _) => any; } ? F extends (value: V, args: _) => any ? V extends null | undefined ? T : T extends object & { then: (onfulfilled: F, args: _) => any; } ? ... : T : never : T> | T extends object & { then: (onfulfilled: F, args: _) => any; } ? F extends (value: V, args: _) => any ? V extends null | undefined ? T : T extends object & { then: (onfulfilled: F, args: _) => any; } ? ... : T : never : T) | null'.
  Type '() => Promise<T extends object & { then: (onfulfilled: F, args: _) => any; } ? F extends (value: V, args: _) => any ? V extends null | undefined ? T : T extends object & { then: (onfulfilled: F, args: _) => any; } ? ... : T : never : T>' is not assignable to type '(reason: any) => PromiseLike<T extends object & { then: (onfulfilled: F, args: _) => any; } ? F extends (value: V, args: _) => any ? V extends null | undefined ? T : T extends object & { then: (onfulfilled: F, args: _) => any; } ? ... : T : never : T> | T extends object & { then: (onfulfilled: F, args: _) => any; } ? F extends (value: V, args: _) => any ? V extends null | undefined ? T : T extends object & { then: (onfulfilled: F, args: _) => any; } ? ... : T : never : T'.
    Type 'Promise<T extends object & { then: (onfulfilled: F, args: _) => any; } ? F extends (value: V, args: _) => any ? V extends null | undefined ? T : T extends object & { then: (onfulfilled: F, args: _) => any; } ? ... : T : never : T>' is not assignable to type 'PromiseLike<T extends object & { then: (onfulfilled: F, args: _) => any; } ? F extends (value: V, args: _) => any ? V extends null | undefined ? T : T extends object & { then: (onfulfilled: F, args: _) => any; } ? ... : T : never : T> | T extends object & { then: (onfulfilled: F, args: _) => any; } ? F extends (value: V, args: _) => any ? V extends null | undefined ? T : T extends object & { then: (onfulfilled: F, args: _) => any; } ? ... : T : never : T'.
      Property 'then' is missing in type 'Promise<T extends object & { then: (onfulfilled: F, args: _) => any; } ? F extends (value: V, args: _) => any ? V extends null | undefined ? T : T extends object & { then: (onfulfilled: F, args: _) => any; } ? ... : T : never : T>' but required in type 'PromiseLike<T extends object & { then: (onfulfilled: F, args: _) => any; } ? F extends (value: V, args: _) => any ? V extends null | undefined ? T : T extends object & { then: (onfulfilled: F, args: _) => any; } ? ... : T : never : T>'.
promiseTypeStrictNull.ts(173,32): error TS2345: Argument of type '() => Promise<T extends object & { then: (onfulfilled: F, args: _) => any; } ? F extends (value: V, args: _) => any ? V extends null | undefined ? T : T extends object & { then: (onfulfilled: F, args: _) => any; } ? ... : T : never : T>' is not assignable to parameter of type '((reason: any) => PromiseLike<T extends object & { then: (onfulfilled: F, args: _) => any; } ? F extends (value: V, args: _) => any ? V extends null | undefined ? T : T extends object & { then: (onfulfilled: F, args: _) => any; } ? ... : T : never : T> | T extends object & { then: (onfulfilled: F, args: _) => any; } ? F extends (value: V, args: _) => any ? V extends null | undefined ? T : T extends object & { then: (onfulfilled: F, args: _) => any; } ? ... : T : never : T) | null'.
  Type '() => Promise<T extends object & { then: (onfulfilled: F, args: _) => any; } ? F extends (value: V, args: _) => any ? V extends null | undefined ? T : T extends object & { then: (onfulfilled: F, args: _) => any; } ? ... : T : never : T>' is not assignable to type '(reason: any) => PromiseLike<T extends object & { then: (onfulfilled: F, args: _) => any; } ? F extends (value: V, args: _) => any ? V extends null | undefined ? T : T extends object & { then: (onfulfilled: F, args: _) => any; } ? ... : T : never : T> | T extends object & { then: (onfulfilled: F, args: _) => any; } ? F extends (value: V, args: _) => any ? V extends null | undefined ? T : T extends object & { then: (onfulfilled: F, args: _) => any; } ? ... : T : never : T'.
    Type 'Promise<T extends object & { then: (onfulfilled: F, args: _) => any; } ? F extends (value: V, args: _) => any ? V extends null | undefined ? T : T extends object & { then: (onfulfilled: F, args: _) => any; } ? ... : T : never : T>' is not assignable to type 'PromiseLike<T extends object & { then: (onfulfilled: F, args: _) => any; } ? F extends (value: V, args: _) => any ? V extends null | undefined ? T : T extends object & { then: (onfulfilled: F, args: _) => any; } ? ... : T : never : T> | T extends object & { then: (onfulfilled: F, args: _) => any; } ? F extends (value: V, args: _) => any ? V extends null | undefined ? T : T extends object & { then: (onfulfilled: F, args: _) => any; } ? ... : T : never : T'.
      Property 'then' is missing in type 'Promise<T extends object & { then: (onfulfilled: F, args: _) => any; } ? F extends (value: V, args: _) => any ? V extends null | undefined ? T : T extends object & { then: (onfulfilled: F, args: _) => any; } ? ... : T : never : T>' but required in type 'PromiseLike<T extends object & { then: (onfulfilled: F, args: _) => any; } ? F extends (value: V, args: _) => any ? V extends null | undefined ? T : T extends object & { then: (onfulfilled: F, args: _) => any; } ? ... : T : never : T>'.
promiseTypeStrictNull.ts(184,30): error TS2345: Argument of type '() => Promise<T extends object & { then: (onfulfilled: F, args: _) => any; } ? F extends (value: V, args: _) => any ? V extends null | undefined ? T : T extends object & { then: (onfulfilled: F, args: _) => any; } ? ... : T : never : T>' is not assignable to parameter of type '((reason: any) => PromiseLike<T extends object & { then: (onfulfilled: F, args: _) => any; } ? F extends (value: V, args: _) => any ? V extends null | undefined ? T : T extends object & { then: (onfulfilled: F, args: _) => any; } ? ... : T : never : T> | T extends object & { then: (onfulfilled: F, args: _) => any; } ? F extends (value: V, args: _) => any ? V extends null | undefined ? T : T extends object & { then: (onfulfilled: F, args: _) => any; } ? ... : T : never : T) | null'.
  Type '() => Promise<T extends object & { then: (onfulfilled: F, args: _) => any; } ? F extends (value: V, args: _) => any ? V extends null | undefined ? T : T extends object & { then: (onfulfilled: F, args: _) => any; } ? ... : T : never : T>' is not assignable to type '(reason: any) => PromiseLike<T extends object & { then: (onfulfilled: F, args: _) => any; } ? F extends (value: V, args: _) => any ? V extends null | undefined ? T : T extends object & { then: (onfulfilled: F, args: _) => any; } ? ... : T : never : T> | T extends object & { then: (onfulfilled: F, args: _) => any; } ? F extends (value: V, args: _) => any ? V extends null | undefined ? T : T extends object & { then: (onfulfilled: F, args: _) => any; } ? ... : T : never : T'.
    Type 'Promise<T extends object & { then: (onfulfilled: F, args: _) => any; } ? F extends (value: V, args: _) => any ? V extends null | undefined ? T : T extends object & { then: (onfulfilled: F, args: _) => any; } ? ... : T : never : T>' is not assignable to type 'PromiseLike<T extends object & { then: (onfulfilled: F, args: _) => any; } ? F extends (value: V, args: _) => any ? V extends null | undefined ? T : T extends object & { then: (onfulfilled: F, args: _) => any; } ? ... : T : never : T> | T extends object & { then: (onfulfilled: F, args: _) => any; } ? F extends (value: V, args: _) => any ? V extends null | undefined ? T : T extends object & { then: (onfulfilled: F, args: _) => any; } ? ... : T : never : T'.
      Property 'then' is missing in type 'Promise<T extends object & { then: (onfulfilled: F, args: _) => any; } ? F extends (value: V, args: _) => any ? V extends null | undefined ? T : T extends object & { then: (onfulfilled: F, args: _) => any; } ? ... : T : never : T>' but required in type 'PromiseLike<T extends object & { then: (onfulfilled: F, args: _) => any; } ? F extends (value: V, args: _) => any ? V extends null | undefined ? T : T extends object & { then: (onfulfilled: F, args: _) => any; } ? ... : T : never : T>'.
promiseTypeStrictNull.ts(195,37): error TS2345: Argument of type '() => Promise<T extends object & { then: (onfulfilled: F, args: _) => any; } ? F extends (value: V, args: _) => any ? V extends null | undefined ? T : T extends object & { then: (onfulfilled: F, args: _) => any; } ? ... : T : never : T>' is not assignable to parameter of type '((reason: any) => PromiseLike<T extends object & { then: (onfulfilled: F, args: _) => any; } ? F extends (value: V, args: _) => any ? V extends null | undefined ? T : T extends object & { then: (onfulfilled: F, args: _) => any; } ? ... : T : never : T> | T extends object & { then: (onfulfilled: F, args: _) => any; } ? F extends (value: V, args: _) => any ? V extends null | undefined ? T : T extends object & { then: (onfulfilled: F, args: _) => any; } ? ... : T : never : T) | null'.
  Type '() => Promise<T extends object & { then: (onfulfilled: F, args: _) => any; } ? F extends (value: V, args: _) => any ? V extends null | undefined ? T : T extends object & { then: (onfulfilled: F, args: _) => any; } ? ... : T : never : T>' is not assignable to type '(reason: any) => PromiseLike<T extends object & { then: (onfulfilled: F, args: _) => any; } ? F extends (value: V, args: _) => any ? V extends null | undefined ? T : T extends object & { then: (onfulfilled: F, args: _) => any; } ? ... : T : never : T> | T extends object & { then: (onfulfilled: F, args: _) => any; } ? F extends (value: V, args: _) => any ? V extends null | undefined ? T : T extends object & { then: (onfulfilled: F, args: _) => any; } ? ... : T : never : T'.
    Type 'Promise<T extends object & { then: (onfulfilled: F, args: _) => any; } ? F extends (value: V, args: _) => any ? V extends null | undefined ? T : T extends object & { then: (onfulfilled: F, args: _) => any; } ? ... : T : never : T>' is not assignable to type 'PromiseLike<T extends object & { then: (onfulfilled: F, args: _) => any; } ? F extends (value: V, args: _) => any ? V extends null | undefined ? T : T extends object & { then: (onfulfilled: F, args: _) => any; } ? ... : T : never : T> | T extends object & { then: (onfulfilled: F, args: _) => any; } ? F extends (value: V, args: _) => any ? V extends null | undefined ? T : T extends object & { then: (onfulfilled: F, args: _) => any; } ? ... : T : never : T'.
      Property 'then' is missing in type 'Promise<T extends object & { then: (onfulfilled: F, args: _) => any; } ? F extends (value: V, args: _) => any ? V extends null | undefined ? T : T extends object & { then: (onfulfilled: F, args: _) => any; } ? ... : T : never : T>' but required in type 'PromiseLike<T extends object & { then: (onfulfilled: F, args: _) => any; } ? F extends (value: V, args: _) => any ? V extends null | undefined ? T : T extends object & { then: (onfulfilled: F, args: _) => any; } ? ... : T : never : T>'.
promiseTypeStrictNull.ts(198,20): error TS2345: Argument of type '() => Promise<T extends object & { then: (onfulfilled: F, args: _) => any; } ? F extends (value: V, args: _) => any ? V extends null | undefined ? T : T extends object & { then: (onfulfilled: F, args: _) => any; } ? ... : T : never : T>' is not assignable to parameter of type '((value: IteratorYieldResult<T> | IteratorReturnResult<error>) => PromiseLike<T extends object & { then: (onfulfilled: F, args: _) => any; } ? F extends (value: V, args: _) => any ? V extends null | undefined ? T : T extends object & { then: (onfulfilled: F, args: _) => any; } ? ... : T : never : T> | T extends object & { then: (onfulfilled: F, args: _) => any; } ? F extends (value: V, args: _) => any ? V extends null | undefined ? T : T extends object & { then: (onfulfilled: F, args: _) => any; } ? ... : T : never : T) | null'.
  Type '() => Promise<T extends object & { then: (onfulfilled: F, args: _) => any; } ? F extends (value: V, args: _) => any ? V extends null | undefined ? T : T extends object & { then: (onfulfilled: F, args: _) => any; } ? ... : T : never : T>' is not assignable to type '(value: IteratorYieldResult<T> | IteratorReturnResult<error>) => PromiseLike<T extends object & { then: (onfulfilled: F, args: _) => any; } ? F extends (value: V, args: _) => any ? V extends null | undefined ? T : T extends object & { then: (onfulfilled: F, args: _) => any; } ? ... : T : never : T> | T extends object & { then: (onfulfilled: F, args: _) => any; } ? F extends (value: V, args: _) => any ? V extends null | undefined ? T : T extends object & { then: (onfulfilled: F, args: _) => any; } ? ... : T : never : T'.
    Type 'Promise<T extends object & { then: (onfulfilled: F, args: _) => any; } ? F extends (value: V, args: _) => any ? V extends null | undefined ? T : T extends object & { then: (onfulfilled: F, args: _) => any; } ? ... : T : never : T>' is not assignable to type 'PromiseLike<T extends object & { then: (onfulfilled: F, args: _) => any; } ? F extends (value: V, args: _) => any ? V extends null | undefined ? T : T extends object & { then: (onfulfilled: F, args: _) => any; } ? ... : T : never : T> | T extends object & { then: (onfulfilled: F, args: _) => any; } ? F extends (value: V, args: _) => any ? V extends null | undefined ? T : T extends object & { then: (onfulfilled: F, args: _) => any; } ? ... : T : never : T'.
      Property 'then' is missing in type 'Promise<T extends object & { then: (onfulfilled: F, args: _) => any; } ? F extends (value: V, args: _) => any ? V extends null | undefined ? T : T extends object & { then: (onfulfilled: F, args: _) => any; } ? ... : T : never : T>' but required in type 'PromiseLike<T extends object & { then: (onfulfilled: F, args: _) => any; } ? F extends (value: V, args: _) => any ? V extends null | undefined ? T : T extends object & { then: (onfulfilled: F, args: _) => any; } ? ... : T : never : T>'.
promiseTypeStrictNull.ts(199,20): error TS2345: Argument of type '() => Promise<T extends object & { then: (onfulfilled: F, args: _) => any; } ? F extends (value: V, args: _) => any ? V extends null | undefined ? T : T extends object & { then: (onfulfilled: F, args: _) => any; } ? ... : T : never : T>' is not assignable to parameter of type '((value: IteratorYieldResult<T> | IteratorReturnResult<error>) => PromiseLike<T extends object & { then: (onfulfilled: F, args: _) => any; } ? F extends (value: V, args: _) => any ? V extends null | undefined ? T : T extends object & { then: (onfulfilled: F, args: _) => any; } ? ... : T : never : T> | T extends object & { then: (onfulfilled: F, args: _) => any; } ? F extends (value: V, args: _) => any ? V extends null | undefined ? T : T extends object & { then: (onfulfilled: F, args: _) => any; } ? ... : T : never : T) | null'.
  Type '() => Promise<T extends object & { then: (onfulfilled: F, args: _) => any; } ? F extends (value: V, args: _) => any ? V extends null | undefined ? T : T extends object & { then: (onfulfilled: F, args: _) => any; } ? ... : T : never : T>' is not assignable to type '(value: IteratorYieldResult<T> | IteratorReturnResult<error>) => PromiseLike<T extends object & { then: (onfulfilled: F, args: _) => any; } ? F extends (value: V, args: _) => any ? V extends null | undefined ? T : T extends object & { then: (onfulfilled: F, args: _) => any; } ? ... : T : never : T> | T extends object & { then: (onfulfilled: F, args: _) => any; } ? F extends (value: V, args: _) => any ? V extends null | undefined ? T : T extends object & { then: (onfulfilled: F, args: _) => any; } ? ... : T : never : T'.
    Type 'Promise<T extends object & { then: (onfulfilled: F, args: _) => any; } ? F extends (value: V, args: _) => any ? V extends null | undefined ? T : T extends object & { then: (onfulfilled: F, args: _) => any; } ? ... : T : never : T>' is not assignable to type 'PromiseLike<T extends object & { then: (onfulfilled: F, args: _) => any; } ? F extends (value: V, args: _) => any ? V extends null | undefined ? T : T extends object & { then: (onfulfilled: F, args: _) => any; } ? ... : T : never : T> | T extends object & { then: (onfulfilled: F, args: _) => any; } ? F extends (value: V, args: _) => any ? V extends null | undefined ? T : T extends object & { then: (onfulfilled: F, args: _) => any; } ? ... : T : never : T'.
      Property 'then' is missing in type 'Promise<T extends object & { then: (onfulfilled: F, args: _) => any; } ? F extends (value: V, args: _) => any ? V extends null | undefined ? T : T extends object & { then: (onfulfilled: F, args: _) => any; } ? ... : T : never : T>' but required in type 'PromiseLike<T extends object & { then: (onfulfilled: F, args: _) => any; } ? F extends (value: V, args: _) => any ? V extends null | undefined ? T : T extends object & { then: (onfulfilled: F, args: _) => any; } ? ... : T : never : T>'.
promiseTypeStrictNull.ts(200,20): error TS2345: Argument of type '() => Promise<T extends object & { then: (onfulfilled: F, args: _) => any; } ? F extends (value: V, args: _) => any ? V extends null | undefined ? T : T extends object & { then: (onfulfilled: F, args: _) => any; } ? ... : T : never : T>' is not assignable to parameter of type '((value: IteratorYieldResult<T> | IteratorReturnResult<error>) => PromiseLike<T extends object & { then: (onfulfilled: F, args: _) => any; } ? F extends (value: V, args: _) => any ? V extends null | undefined ? T : T extends object & { then: (onfulfilled: F, args: _) => any; } ? ... : T : never : T> | T extends object & { then: (onfulfilled: F, args: _) => any; } ? F extends (value: V, args: _) => any ? V extends null | undefined ? T : T extends object & { then: (onfulfilled: F, args: _) => any; } ? ... : T : never : T) | null'.
  Type '() => Promise<T extends object & { then: (onfulfilled: F, args: _) => any; } ? F extends (value: V, args: _) => any ? V extends null | undefined ? T : T extends object & { then: (onfulfilled: F, args: _) => any; } ? ... : T : never : T>' is not assignable to type '(value: IteratorYieldResult<T> | IteratorReturnResult<error>) => PromiseLike<T extends object & { then: (onfulfilled: F, args: _) => any; } ? F extends (value: V, args: _) => any ? V extends null | undefined ? T : T extends object & { then: (onfulfilled: F, args: _) => any; } ? ... : T : never : T> | T extends object & { then: (onfulfilled: F, args: _) => any; } ? F extends (value: V, args: _) => any ? V extends null | undefined ? T : T extends object & { then: (onfulfilled: F, args: _) => any; } ? ... : T : never : T'.
    Type 'Promise<T extends object & { then: (onfulfilled: F, args: _) => any; } ? F extends (value: V, args: _) => any ? V extends null | undefined ? T : T extends object & { then: (onfulfilled: F, args: _) => any; } ? ... : T : never : T>' is not assignable to type 'PromiseLike<T extends object & { then: (onfulfilled: F, args: _) => any; } ? F extends (value: V, args: _) => any ? V extends null | undefined ? T : T extends object & { then: (onfulfilled: F, args: _) => any; } ? ... : T : never : T> | T extends object & { then: (onfulfilled: F, args: _) => any; } ? F extends (value: V, args: _) => any ? V extends null | undefined ? T : T extends object & { then: (onfulfilled: F, args: _) => any; } ? ... : T : never : T'.
      Property 'then' is missing in type 'Promise<T extends object & { then: (onfulfilled: F, args: _) => any; } ? F extends (value: V, args: _) => any ? V extends null | undefined ? T : T extends object & { then: (onfulfilled: F, args: _) => any; } ? ... : T : never : T>' but required in type 'PromiseLike<T extends object & { then: (onfulfilled: F, args: _) => any; } ? F extends (value: V, args: _) => any ? V extends null | undefined ? T : T extends object & { then: (onfulfilled: F, args: _) => any; } ? ... : T : never : T>'.
promiseTypeStrictNull.ts(201,20): error TS2345: Argument of type '() => Promise<T extends object & { then: (onfulfilled: F, args: _) => any; } ? F extends (value: V, args: _) => any ? V extends null | undefined ? T : T extends object & { then: (onfulfilled: F, args: _) => any; } ? ... : T : never : T>' is not assignable to parameter of type '((value: IteratorYieldResult<T> | IteratorReturnResult<error>) => PromiseLike<T extends object & { then: (onfulfilled: F, args: _) => any; } ? F extends (value: V, args: _) => any ? V extends null | undefined ? T : T extends object & { then: (onfulfilled: F, args: _) => any; } ? ... : T : never : T> | T extends object & { then: (onfulfilled: F, args: _) => any; } ? F extends (value: V, args: _) => any ? V extends null | undefined ? T : T extends object & { then: (onfulfilled: F, args: _) => any; } ? ... : T : never : T) | null'.
  Type '() => Promise<T extends object & { then: (onfulfilled: F, args: _) => any; } ? F extends (value: V, args: _) => any ? V extends null | undefined ? T : T extends object & { then: (onfulfilled: F, args: _) => any; } ? ... : T : never : T>' is not assignable to type '(value: IteratorYieldResult<T> | IteratorReturnResult<error>) => PromiseLike<T extends object & { then: (onfulfilled: F, args: _) => any; } ? F extends (value: V, args: _) => any ? V extends null | undefined ? T : T extends object & { then: (onfulfilled: F, args: _) => any; } ? ... : T : never : T> | T extends object & { then: (onfulfilled: F, args: _) => any; } ? F extends (value: V, args: _) => any ? V extends null | undefined ? T : T extends object & { then: (onfulfilled: F, args: _) => any; } ? ... : T : never : T'.
    Type 'Promise<T extends object & { then: (onfulfilled: F, args: _) => any; } ? F extends (value: V, args: _) => any ? V extends null | undefined ? T : T extends object & { then: (onfulfilled: F, args: _) => any; } ? ... : T : never : T>' is not assignable to type 'PromiseLike<T extends object & { then: (onfulfilled: F, args: _) => any; } ? F extends (value: V, args: _) => any ? V extends null | undefined ? T : T extends object & { then: (onfulfilled: F, args: _) => any; } ? ... : T : never : T> | T extends object & { then: (onfulfilled: F, args: _) => any; } ? F extends (value: V, args: _) => any ? V extends null | undefined ? T : T extends object & { then: (onfulfilled: F, args: _) => any; } ? ... : T : never : T'.
      Property 'then' is missing in type 'Promise<T extends object & { then: (onfulfilled: F, args: _) => any; } ? F extends (value: V, args: _) => any ? V extends null | undefined ? T : T extends object & { then: (onfulfilled: F, args: _) => any; } ? ... : T : never : T>' but required in type 'PromiseLike<T extends object & { then: (onfulfilled: F, args: _) => any; } ? F extends (value: V, args: _) => any ? V extends null | undefined ? T : T extends object & { then: (onfulfilled: F, args: _) => any; } ? ... : T : never : T>'.
promiseTypeStrictNull.ts(202,20): error TS2345: Argument of type '() => Promise<T extends object & { then: (onfulfilled: F, args: _) => any; } ? F extends (value: V, args: _) => any ? V extends null | undefined ? T : T extends object & { then: (onfulfilled: F, args: _) => any; } ? ... : T : never : T>' is not assignable to parameter of type '((value: IteratorYieldResult<T> | IteratorReturnResult<error>) => PromiseLike<T extends object & { then: (onfulfilled: F, args: _) => any; } ? F extends (value: V, args: _) => any ? V extends null | undefined ? T : T extends object & { then: (onfulfilled: F, args: _) => any; } ? ... : T : never : T> | T extends object & { then: (onfulfilled: F, args: _) => any; } ? F extends (value: V, args: _) => any ? V extends null | undefined ? T : T extends object & { then: (onfulfilled: F, args: _) => any; } ? ... : T : never : T) | null'.
  Type '() => Promise<T extends object & { then: (onfulfilled: F, args: _) => any; } ? F extends (value: V, args: _) => any ? V extends null | undefined ? T : T extends object & { then: (onfulfilled: F, args: _) => any; } ? ... : T : never : T>' is not assignable to type '(value: IteratorYieldResult<T> | IteratorReturnResult<error>) => PromiseLike<T extends object & { then: (onfulfilled: F, args: _) => any; } ? F extends (value: V, args: _) => any ? V extends null | undefined ? T : T extends object & { then: (onfulfilled: F, args: _) => any; } ? ... : T : never : T> | T extends object & { then: (onfulfilled: F, args: _) => any; } ? F extends (value: V, args: _) => any ? V extends null | undefined ? T : T extends object & { then: (onfulfilled: F, args: _) => any; } ? ... : T : never : T'.
    Type 'Promise<T extends object & { then: (onfulfilled: F, args: _) => any; } ? F extends (value: V, args: _) => any ? V extends null | undefined ? T : T extends object & { then: (onfulfilled: F, args: _) => any; } ? ... : T : never : T>' is not assignable to type 'PromiseLike<T extends object & { then: (onfulfilled: F, args: _) => any; } ? F extends (value: V, args: _) => any ? V extends null | undefined ? T : T extends object & { then: (onfulfilled: F, args: _) => any; } ? ... : T : never : T> | T extends object & { then: (onfulfilled: F, args: _) => any; } ? F extends (value: V, args: _) => any ? V extends null | undefined ? T : T extends object & { then: (onfulfilled: F, args: _) => any; } ? ... : T : never : T'.
      Property 'then' is missing in type 'Promise<T extends object & { then: (onfulfilled: F, args: _) => any; } ? F extends (value: V, args: _) => any ? V extends null | undefined ? T : T extends object & { then: (onfulfilled: F, args: _) => any; } ? ... : T : never : T>' but required in type 'PromiseLike<T extends object & { then: (onfulfilled: F, args: _) => any; } ? F extends (value: V, args: _) => any ? V extends null | undefined ? T : T extends object & { then: (onfulfilled: F, args: _) => any; } ? ... : T : never : T>'.
promiseTypeStrictNull.ts(203,20): error TS2345: Argument of type '() => Promise<T extends object & { then: (onfulfilled: F, args: _) => any; } ? F extends (value: V, args: _) => any ? V extends null | undefined ? T : T extends object & { then: (onfulfilled: F, args: _) => any; } ? ... : T : never : T>' is not assignable to parameter of type '((value: IteratorYieldResult<T> | IteratorReturnResult<error>) => PromiseLike<T extends object & { then: (onfulfilled: F, args: _) => any; } ? F extends (value: V, args: _) => any ? V extends null | undefined ? T : T extends object & { then: (onfulfilled: F, args: _) => any; } ? ... : T : never : T> | T extends object & { then: (onfulfilled: F, args: _) => any; } ? F extends (value: V, args: _) => any ? V extends null | undefined ? T : T extends object & { then: (onfulfilled: F, args: _) => any; } ? ... : T : never : T) | null'.
  Type '() => Promise<T extends object & { then: (onfulfilled: F, args: _) => any; } ? F extends (value: V, args: _) => any ? V extends null | undefined ? T : T extends object & { then: (onfulfilled: F, args: _) => any; } ? ... : T : never : T>' is not assignable to type '(value: IteratorYieldResult<T> | IteratorReturnResult<error>) => PromiseLike<T extends object & { then: (onfulfilled: F, args: _) => any; } ? F extends (value: V, args: _) => any ? V extends null | undefined ? T : T extends object & { then: (onfulfilled: F, args: _) => any; } ? ... : T : never : T> | T extends object & { then: (onfulfilled: F, args: _) => any; } ? F extends (value: V, args: _) => any ? V extends null | undefined ? T : T extends object & { then: (onfulfilled: F, args: _) => any; } ? ... : T : never : T'.
    Type 'Promise<T extends object & { then: (onfulfilled: F, args: _) => any; } ? F extends (value: V, args: _) => any ? V extends null | undefined ? T : T extends object & { then: (onfulfilled: F, args: _) => any; } ? ... : T : never : T>' is not assignable to type 'PromiseLike<T extends object & { then: (onfulfilled: F, args: _) => any; } ? F extends (value: V, args: _) => any ? V extends null | undefined ? T : T extends object & { then: (onfulfilled: F, args: _) => any; } ? ... : T : never : T> | T extends object & { then: (onfulfilled: F, args: _) => any; } ? F extends (value: V, args: _) => any ? V extends null | undefined ? T : T extends object & { then: (onfulfilled: F, args: _) => any; } ? ... : T : never : T'.
      Property 'then' is missing in type 'Promise<T extends object & { then: (onfulfilled: F, args: _) => any; } ? F extends (value: V, args: _) => any ? V extends null | undefined ? T : T extends object & { then: (onfulfilled: F, args: _) => any; } ? ... : T : never : T>' but required in type 'PromiseLike<T extends object & { then: (onfulfilled: F, args: _) => any; } ? F extends (value: V, args: _) => any ? V extends null | undefined ? T : T extends object & { then: (onfulfilled: F, args: _) => any; } ? ... : T : never : T>'.
promiseTypeStrictNull.ts(204,20): error TS2345: Argument of type '() => Promise<T extends object & { then: (onfulfilled: F, args: _) => any; } ? F extends (value: V, args: _) => any ? V extends null | undefined ? T : T extends object & { then: (onfulfilled: F, args: _) => any; } ? ... : T : never : T>' is not assignable to parameter of type '((value: IteratorYieldResult<T> | IteratorReturnResult<error>) => PromiseLike<T extends object & { then: (onfulfilled: F, args: _) => any; } ? F extends (value: V, args: _) => any ? V extends null | undefined ? T : T extends object & { then: (onfulfilled: F, args: _) => any; } ? ... : T : never : T> | T extends object & { then: (onfulfilled: F, args: _) => any; } ? F extends (value: V, args: _) => any ? V extends null | undefined ? T : T extends object & { then: (onfulfilled: F, args: _) => any; } ? ... : T : never : T) | null'.
  Type '() => Promise<T extends object & { then: (onfulfilled: F, args: _) => any; } ? F extends (value: V, args: _) => any ? V extends null | undefined ? T : T extends object & { then: (onfulfilled: F, args: _) => any; } ? ... : T : never : T>' is not assignable to type '(value: IteratorYieldResult<T> | IteratorReturnResult<error>) => PromiseLike<T extends object & { then: (onfulfilled: F, args: _) => any; } ? F extends (value: V, args: _) => any ? V extends null | undefined ? T : T extends object & { then: (onfulfilled: F, args: _) => any; } ? ... : T : never : T> | T extends object & { then: (onfulfilled: F, args: _) => any; } ? F extends (value: V, args: _) => any ? V extends null | undefined ? T : T extends object & { then: (onfulfilled: F, args: _) => any; } ? ... : T : never : T'.
    Type 'Promise<T extends object & { then: (onfulfilled: F, args: _) => any; } ? F extends (value: V, args: _) => any ? V extends null | undefined ? T : T extends object & { then: (onfulfilled: F, args: _) => any; } ? ... : T : never : T>' is not assignable to type 'PromiseLike<T extends object & { then: (onfulfilled: F, args: _) => any; } ? F extends (value: V, args: _) => any ? V extends null | undefined ? T : T extends object & { then: (onfulfilled: F, args: _) => any; } ? ... : T : never : T> | T extends object & { then: (onfulfilled: F, args: _) => any; } ? F extends (value: V, args: _) => any ? V extends null | undefined ? T : T extends object & { then: (onfulfilled: F, args: _) => any; } ? ... : T : never : T'.
      Property 'then' is missing in type 'Promise<T extends object & { then: (onfulfilled: F, args: _) => any; } ? F extends (value: V, args: _) => any ? V extends null | undefined ? T : T extends object & { then: (onfulfilled: F, args: _) => any; } ? ... : T : never : T>' but required in type 'PromiseLike<T extends object & { then: (onfulfilled: F, args: _) => any; } ? F extends (value: V, args: _) => any ? V extends null | undefined ? T : T extends object & { then: (onfulfilled: F, args: _) => any; } ? ... : T : never : T>'.
promiseTypeStrictNull.ts(205,20): error TS2345: Argument of type '() => Promise<T extends object & { then: (onfulfilled: F, args: _) => any; } ? F extends (value: V, args: _) => any ? V extends null | undefined ? T : T extends object & { then: (onfulfilled: F, args: _) => any; } ? ... : T : never : T>' is not assignable to parameter of type '((value: IteratorYieldResult<T> | IteratorReturnResult<error>) => PromiseLike<T extends object & { then: (onfulfilled: F, args: _) => any; } ? F extends (value: V, args: _) => any ? V extends null | undefined ? T : T extends object & { then: (onfulfilled: F, args: _) => any; } ? ... : T : never : T> | T extends object & { then: (onfulfilled: F, args: _) => any; } ? F extends (value: V, args: _) => any ? V extends null | undefined ? T : T extends object & { then: (onfulfilled: F, args: _) => any; } ? ... : T : never : T) | null'.
  Type '() => Promise<T extends object & { then: (onfulfilled: F, args: _) => any; } ? F extends (value: V, args: _) => any ? V extends null | undefined ? T : T extends object & { then: (onfulfilled: F, args: _) => any; } ? ... : T : never : T>' is not assignable to type '(value: IteratorYieldResult<T> | IteratorReturnResult<error>) => PromiseLike<T extends object & { then: (onfulfilled: F, args: _) => any; } ? F extends (value: V, args: _) => any ? V extends null | undefined ? T : T extends object & { then: (onfulfilled: F, args: _) => any; } ? ... : T : never : T> | T extends object & { then: (onfulfilled: F, args: _) => any; } ? F extends (value: V, args: _) => any ? V extends null | undefined ? T : T extends object & { then: (onfulfilled: F, args: _) => any; } ? ... : T : never : T'.
    Type 'Promise<T extends object & { then: (onfulfilled: F, args: _) => any; } ? F extends (value: V, args: _) => any ? V extends null | undefined ? T : T extends object & { then: (onfulfilled: F, args: _) => any; } ? ... : T : never : T>' is not assignable to type 'PromiseLike<T extends object & { then: (onfulfilled: F, args: _) => any; } ? F extends (value: V, args: _) => any ? V extends null | undefined ? T : T extends object & { then: (onfulfilled: F, args: _) => any; } ? ... : T : never : T> | T extends object & { then: (onfulfilled: F, args: _) => any; } ? F extends (value: V, args: _) => any ? V extends null | undefined ? T : T extends object & { then: (onfulfilled: F, args: _) => any; } ? ... : T : never : T'.
      Property 'then' is missing in type 'Promise<T extends object & { then: (onfulfilled: F, args: _) => any; } ? F extends (value: V, args: _) => any ? V extends null | undefined ? T : T extends object & { then: (onfulfilled: F, args: _) => any; } ? ... : T : never : T>' but required in type 'PromiseLike<T extends object & { then: (onfulfilled: F, args: _) => any; } ? F extends (value: V, args: _) => any ? V extends null | undefined ? T : T extends object & { then: (onfulfilled: F, args: _) => any; } ? ... : T : never : T>'.
promiseTypeStrictNull.ts(206,20): error TS2345: Argument of type '() => Promise<T extends object & { then: (onfulfilled: F, args: _) => any; } ? F extends (value: V, args: _) => any ? V extends null | undefined ? T : T extends object & { then: (onfulfilled: F, args: _) => any; } ? ... : T : never : T>' is not assignable to parameter of type '((value: IteratorYieldResult<T> | IteratorReturnResult<error>) => PromiseLike<T extends object & { then: (onfulfilled: F, args: _) => any; } ? F extends (value: V, args: _) => any ? V extends null | undefined ? T : T extends object & { then: (onfulfilled: F, args: _) => any; } ? ... : T : never : T> | T extends object & { then: (onfulfilled: F, args: _) => any; } ? F extends (value: V, args: _) => any ? V extends null | undefined ? T : T extends object & { then: (onfulfilled: F, args: _) => any; } ? ... : T : never : T) | null'.
  Type '() => Promise<T extends object & { then: (onfulfilled: F, args: _) => any; } ? F extends (value: V, args: _) => any ? V extends null | undefined ? T : T extends object & { then: (onfulfilled: F, args: _) => any; } ? ... : T : never : T>' is not assignable to type '(value: IteratorYieldResult<T> | IteratorReturnResult<error>) => PromiseLike<T extends object & { then: (onfulfilled: F, args: _) => any; } ? F extends (value: V, args: _) => any ? V extends null | undefined ? T : T extends object & { then: (onfulfilled: F, args: _) => any; } ? ... : T : never : T> | T extends object & { then: (onfulfilled: F, args: _) => any; } ? F extends (value: V, args: _) => any ? V extends null | undefined ? T : T extends object & { then: (onfulfilled: F, args: _) => any; } ? ... : T : never : T'.
    Type 'Promise<T extends object & { then: (onfulfilled: F, args: _) => any; } ? F extends (value: V, args: _) => any ? V extends null | undefined ? T : T extends object & { then: (onfulfilled: F, args: _) => any; } ? ... : T : never : T>' is not assignable to type 'PromiseLike<T extends object & { then: (onfulfilled: F, args: _) => any; } ? F extends (value: V, args: _) => any ? V extends null | undefined ? T : T extends object & { then: (onfulfilled: F, args: _) => any; } ? ... : T : never : T> | T extends object & { then: (onfulfilled: F, args: _) => any; } ? F extends (value: V, args: _) => any ? V extends null | undefined ? T : T extends object & { then: (onfulfilled: F, args: _) => any; } ? ... : T : never : T'.
      Property 'then' is missing in type 'Promise<T extends object & { then: (onfulfilled: F, args: _) => any; } ? F extends (value: V, args: _) => any ? V extends null | undefined ? T : T extends object & { then: (onfulfilled: F, args: _) => any; } ? ... : T : never : T>' but required in type 'PromiseLike<T extends object & { then: (onfulfilled: F, args: _) => any; } ? F extends (value: V, args: _) => any ? V extends null | undefined ? T : T extends object & { then: (onfulfilled: F, args: _) => any; } ? ... : T : never : T>'.
promiseTypeStrictNull.ts(207,20): error TS2345: Argument of type '() => Promise<T extends object & { then: (onfulfilled: F, args: _) => any; } ? F extends (value: V, args: _) => any ? V extends null | undefined ? T : T extends object & { then: (onfulfilled: F, args: _) => any; } ? ... : T : never : T>' is not assignable to parameter of type '((value: IteratorYieldResult<T> | IteratorReturnResult<error>) => PromiseLike<T extends object & { then: (onfulfilled: F, args: _) => any; } ? F extends (value: V, args: _) => any ? V extends null | undefined ? T : T extends object & { then: (onfulfilled: F, args: _) => any; } ? ... : T : never : T> | T extends object & { then: (onfulfilled: F, args: _) => any; } ? F extends (value: V, args: _) => any ? V extends null | undefined ? T : T extends object & { then: (onfulfilled: F, args: _) => any; } ? ... : T : never : T) | null'.
  Type '() => Promise<T extends object & { then: (onfulfilled: F, args: _) => any; } ? F extends (value: V, args: _) => any ? V extends null | undefined ? T : T extends object & { then: (onfulfilled: F, args: _) => any; } ? ... : T : never : T>' is not assignable to type '(value: IteratorYieldResult<T> | IteratorReturnResult<error>) => PromiseLike<T extends object & { then: (onfulfilled: F, args: _) => any; } ? F extends (value: V, args: _) => any ? V extends null | undefined ? T : T extends object & { then: (onfulfilled: F, args: _) => any; } ? ... : T : never : T> | T extends object & { then: (onfulfilled: F, args: _) => any; } ? F extends (value: V, args: _) => any ? V extends null | undefined ? T : T extends object & { then: (onfulfilled: F, args: _) => any; } ? ... : T : never : T'.
    Type 'Promise<T extends object & { then: (onfulfilled: F, args: _) => any; } ? F extends (value: V, args: _) => any ? V extends null | undefined ? T : T extends object & { then: (onfulfilled: F, args: _) => any; } ? ... : T : never : T>' is not assignable to type 'PromiseLike<T extends object & { then: (onfulfilled: F, args: _) => any; } ? F extends (value: V, args: _) => any ? V extends null | undefined ? T : T extends object & { then: (onfulfilled: F, args: _) => any; } ? ... : T : never : T> | T extends object & { then: (onfulfilled: F, args: _) => any; } ? F extends (value: V, args: _) => any ? V extends null | undefined ? T : T extends object & { then: (onfulfilled: F, args: _) => any; } ? ... : T : never : T'.
      Property 'then' is missing in type 'Promise<T extends object & { then: (onfulfilled: F, args: _) => any; } ? F extends (value: V, args: _) => any ? V extends null | undefined ? T : T extends object & { then: (onfulfilled: F, args: _) => any; } ? ... : T : never : T>' but required in type 'PromiseLike<T extends object & { then: (onfulfilled: F, args: _) => any; } ? F extends (value: V, args: _) => any ? V extends null | undefined ? T : T extends object & { then: (onfulfilled: F, args: _) => any; } ? ... : T : never : T>'.
promiseTypeStrictNull.ts(217,47): error TS2345: Argument of type '() => Promise<T extends object & { then: (onfulfilled: F, args: _) => any; } ? F extends (value: V, args: _) => any ? V extends null | undefined ? T : T extends object & { then: (onfulfilled: F, args: _) => any; } ? ... : T : never : T>' is not assignable to parameter of type '((reason: any) => PromiseLike<T extends object & { then: (onfulfilled: F, args: _) => any; } ? F extends (value: V, args: _) => any ? V extends null | undefined ? T : T extends object & { then: (onfulfilled: F, args: _) => any; } ? ... : T : never : T> | T extends object & { then: (onfulfilled: F, args: _) => any; } ? F extends (value: V, args: _) => any ? V extends null | undefined ? T : T extends object & { then: (onfulfilled: F, args: _) => any; } ? ... : T : never : T) | null'.
  Type '() => Promise<T extends object & { then: (onfulfilled: F, args: _) => any; } ? F extends (value: V, args: _) => any ? V extends null | undefined ? T : T extends object & { then: (onfulfilled: F, args: _) => any; } ? ... : T : never : T>' is not assignable to type '(reason: any) => PromiseLike<T extends object & { then: (onfulfilled: F, args: _) => any; } ? F extends (value: V, args: _) => any ? V extends null | undefined ? T : T extends object & { then: (onfulfilled: F, args: _) => any; } ? ... : T : never : T> | T extends object & { then: (onfulfilled: F, args: _) => any; } ? F extends (value: V, args: _) => any ? V extends null | undefined ? T : T extends object & { then: (onfulfilled: F, args: _) => any; } ? ... : T : never : T'.
    Type 'Promise<T extends object & { then: (onfulfilled: F, args: _) => any; } ? F extends (value: V, args: _) => any ? V extends null | undefined ? T : T extends object & { then: (onfulfilled: F, args: _) => any; } ? ... : T : never : T>' is not assignable to type 'PromiseLike<T extends object & { then: (onfulfilled: F, args: _) => any; } ? F extends (value: V, args: _) => any ? V extends null | undefined ? T : T extends object & { then: (onfulfilled: F, args: _) => any; } ? ... : T : never : T> | T extends object & { then: (onfulfilled: F, args: _) => any; } ? F extends (value: V, args: _) => any ? V extends null | undefined ? T : T extends object & { then: (onfulfilled: F, args: _) => any; } ? ... : T : never : T'.
      Property 'then' is missing in type 'Promise<T extends object & { then: (onfulfilled: F, args: _) => any; } ? F extends (value: V, args: _) => any ? V extends null | undefined ? T : T extends object & { then: (onfulfilled: F, args: _) => any; } ? ... : T : never : T>' but required in type 'PromiseLike<T extends object & { then: (onfulfilled: F, args: _) => any; } ? F extends (value: V, args: _) => any ? V extends null | undefined ? T : T extends object & { then: (onfulfilled: F, args: _) => any; } ? ... : T : never : T>'.
",,default
_submodules/TypeScript/tests/cases/compiler/promiseWithResolvers.ts,,"promiseWithResolvers.ts(2,46): error TS2339: Property 'withResolvers' does not exist on type 'PromiseConstructor'.
",,default
_submodules/TypeScript/tests/cases/compiler/propTypeValidatorInference.ts,,"file.ts(17,21): error TS2503: Cannot find namespace 'PropTypes'.
file.ts(48,23): error TS2503: Cannot find namespace 'PropTypes'.
file.ts(50,40): error TS2503: Cannot find namespace 'PropTypes'.
",,default
_submodules/TypeScript/tests/cases/compiler/prototypeOnConstructorFunctions.ts,,"prototypeOnConstructorFunctions.ts(9,9): error TS2339: Property 'prototype' does not exist on type 'new (options: any, element: any) => any'.
",,default
_submodules/TypeScript/tests/cases/compiler/ramdaToolsNoInfinite.ts,,"ramdaToolsNoInfinite.ts(20,34): error TS2536: Type 'T extends [] | [any] ? false : true extends true ? 0 : 1' cannot be used to index type '{ 0: any; 1: T extends [any, any[][]] ? T[0] : never; }'.
ramdaToolsNoInfinite.ts(37,74): error TS2536: Type 'I[""length""] extends N ? 1 : 0' cannot be used to index type '{ 0: any; 1: T; }'.
ramdaToolsNoInfinite.ts(57,94): error TS2536: Type 'I[""length""] extends Index ? 1 : 0' cannot be used to index type '{ 0: any; 1: From; }'.
ramdaToolsNoInfinite.ts(66,81): error TS2536: Type 'I[""length""] extends T[""length""] ? 1 : 0' cannot be used to index type '{ 0: any; 1: R; }'.
ramdaToolsNoInfinite.ts(98,100): error TS2536: Type 'I[""length""] extends T1[""length""] ? 1 : 0' cannot be used to index type 'GapsOfWorker<T1, T2, TN, I>'.
",,default
_submodules/TypeScript/tests/cases/compiler/ramdaToolsNoInfinite2.ts,,"ramdaToolsNoInfinite2.ts(19,51): error TS2314: Generic type 'Key<I>' requires 1 type argument(s).
ramdaToolsNoInfinite2.ts(21,50): error TS2314: Generic type 'Key<I>' requires 1 type argument(s).
ramdaToolsNoInfinite2.ts(41,47): error TS2314: Generic type 'Key<I>' requires 1 type argument(s).
ramdaToolsNoInfinite2.ts(43,46): error TS2314: Generic type 'Key<I>' requires 1 type argument(s).
ramdaToolsNoInfinite2.ts(45,83): error TS2536: Type 'strict' cannot be used to index type '{ 1: never; 0: O extends unknown ? never : never; }'.
ramdaToolsNoInfinite2.ts(60,42): error TS2536: Type 'B' cannot be used to index type '{ 0: 1; 1: 0; }'.
ramdaToolsNoInfinite2.ts(99,81): error TS2314: Generic type 'Key<I>' requires 1 type argument(s).
ramdaToolsNoInfinite2.ts(186,57): error TS2314: Generic type 'Key<I>' requires 1 type argument(s).
ramdaToolsNoInfinite2.ts(186,100): error TS2536: Type 'O extends unknown ? string : never & string | number | symbol extends K ? 1 : 0 extends 1 ? 1 : 0' cannot be used to index type '{ 1: { ""flat"": { [K in keyof O]: O[K] extends null | undefined ? never : U; } & object; ""deep"": { [K in keyof O]: error; }; }[depth]; 0: { ""flat"": { [K in keyof O]: (O extends unknown ? { [P in K]: O[P]; } & object : never)[K] extends null | undefined ? never : U; } & object; ""deep"": { [K in keyof O]: error; }; }[depth] & { [P in K]: O[P]; } & object extends Function ? A : { [K in keyof A]: A[K]; } & object; }'.
ramdaToolsNoInfinite2.ts(250,68): error TS2536: Type 'fmt' cannot be used to index type '{ ""s"": I[2]; ""n"": I[3]; }'.
ramdaToolsNoInfinite2.ts(281,95): error TS2536: Type 'I[3] extends { ""s"": L[""length""] extends any ? any : string; ""n"": L[""length""]; }[fmt] ? 1 : 0' cannot be used to index type '{ 0: { 0: error; 1: unknown; }[{ ""-40"": [""__"", ""-39"", ""-40"", 40, ""-""]; ""-39"": [""-40"", ""-38"", ""-39"", 39, ""-""]; ""-38"": [""-39"", ""-37"", ""-38"", 38, ""-""]; ""-37"": [""-38"", ""-36"", ""-37"", 37, ""-""]; ""-36"": [""-37"", ""-35"", ""-36"", 36, ""-""]; ""-35"": [""-36"", ""-34"", ""-35"", 35, ""-""]; ""-34"": [""-35"", ""-33"", ""-34"", 34, ""-""]; ""-33"": [""-34"", ""-32"", ""-33"", 33, ""-""]; ""-32"": [""-33"", ""-31"", ""-32"", 32, ""-""]; ""-31"": [""-32"", ""-30"", ""-31"", 31, ""-""]; ""-30"": [""-31"", ""-29"", ""-30"", 30, ""-""]; ""-29"": [""-30"", ""-28"", ""-29"", 29, ""-""]; ""-28"": [""-29"", ""-27"", ""-28"", 28, ""-""]; ""-27"": [""-28"", ""-26"", ""-27"", 27, ""-""]; ""-26"": [""-27"", ""-25"", ""-26"", 26, ""-""]; ""-25"": [""-26"", ""-24"", ""-25"", 25, ""-""]; ""-24"": [""-25"", ""-23"", ""-24"", 24, ""-""]; ""-23"": [""-24"", ""-22"", ""-23"", 23, ""-""]; ""-22"": [""-23"", ""-21"", ""-22"", 22, ""-""]; ""-21"": [""-22"", ""-20"", ""-21"", 21, ""-""]; ""-20"": [""-21"", ""-19"", ""-20"", 20, ""-""]; ""-19"": [""-20"", ""-18"", ""-19"", 19, ""-""]; ""-18"": [""-19"", ""-17"", ""-18"", 18, ""-""]; ""-17"": [""-18"", ""-16"", ""-17"", 17, ""-""]; ""-16"": [""-17"", ""-15"", ""-16"", 16, ""-""]; ""-15"": [""-16"", ""-14"", ""-15"", 15, ""-""]; ""-14"": [""-15"", ""-13"", ""-14"", 14, ""-""]; ""-13"": [""-14"", ""-12"", ""-13"", 13, ""-""]; ""-12"": [""-13"", ""-11"", ""-12"", 12, ""-""]; ""-11"": [""-12"", ""-10"", ""-11"", 11, ""-""]; ""-10"": [""-11"", ""-9"", ""-10"", 10, ""-""]; ""-9"": [""-10"", ""-8"", ""-9"", 9, ""-""]; ""-8"": [""-9"", ""-7"", ""-8"", 8, ""-""]; ""-7"": [""-8"", ""-6"", ""-7"", 7, ""-""]; ""-6"": [""-7"", ""-5"", ""-6"", 6, ""-""]; ""-5"": [""-6"", ""-4"", ""-5"", 5, ""-""]; ""-4"": [""-5"", ""-3"", ""-4"", 4, ""-""]; ""-3"": [""-4"", ""-2"", ""-3"", 3, ""-""]; ""-2"": [""-3"", ""-1"", ""-2"", 2, ""-""]; ""-1"": [""-2"", ""0"", ""-1"", 1, ""-""]; ""0"": [""-1"", ""1"", ""0"", 0, ""0""]; ""1"": [""0"", ""2"", ""1"", 1, ""+""]; ""2"": [""1"", ""3"", ""2"", 2, ""+""]; ""3"": [""2"", ""4"", ""3"", 3, ""+""]; ""4"": [""3"", ""5"", ""4"", 4, ""+""]; ""5"": [""4"", ""6"", ""5"", 5, ""+""]; ""6"": [""5"", ""7"", ""6"", 6, ""+""]; ""7"": [""6"", ""8"", ""7"", 7, ""+""]; ""8"": [""7"", ""9"", ""8"", 8, ""+""]; ""9"": [""8"", ""10"", ""9"", 9, ""+""]; ""10"": [""9"", ""11"", ""10"", 10, ""+""]; ""11"": [""10"", ""12"", ""11"", 11, ""+""]; ""12"": [""11"", ""13"", ""12"", 12, ""+""]; ""13"": [""12"", ""14"", ""13"", 13, ""+""]; ""14"": [""13"", ""15"", ""14"", 14, ""+""]; ""15"": [""14"", ""16"", ""15"", 15, ""+""]; ""16"": [""15"", ""17"", ""16"", 16, ""+""]; ""17"": [""16"", ""18"", ""17"", 17, ""+""]; ""18"": [""17"", ""19"", ""18"", 18, ""+""]; ""19"": [""18"", ""20"", ""19"", 19, ""+""]; ""20"": [""19"", ""21"", ""20"", 20, ""+""]; ""21"": [""20"", ""22"", ""21"", 21, ""+""]; ""22"": [""21"", ""23"", ""22"", 22, ""+""]; ""23"": [""22"", ""24"", ""23"", 23, ""+""]; ""24"": [""23"", ""25"", ""24"", 24, ""+""]; ""25"": [""24"", ""26"", ""25"", 25, ""+""]; ""26"": [""25"", ""27"", ""26"", 26, ""+""]; ""27"": [""26"", ""28"", ""27"", 27, ""+""]; ""28"": [""27"", ""29"", ""28"", 28, ""+""]; ""29"": [""28"", ""30"", ""29"", 29, ""+""]; ""30"": [""29"", ""31"", ""30"", 30, ""+""]; ""31"": [""30"", ""32"", ""31"", 31, ""+""]; ""32"": [""31"", ""33"", ""32"", 32, ""+""]; ""33"": [""32"", ""34"", ""33"", 33, ""+""]; ""34"": [""33"", ""35"", ""34"", 34, ""+""]; ""35"": [""34"", ""36"", ""35"", 35, ""+""]; ""36"": [""35"", ""37"", ""36"", 36, ""+""]; ""37"": [""36"", ""38"", ""37"", 37, ""+""]; ""38"": [""37"", ""39"", ""38"", 38, ""+""]; ""39"": [""38"", ""40"", ""39"", 39, ""+""]; ""40"": [""39"", ""__"", ""40"", 40, ""+""]; ""__"": [""__"", ""__"", string, number, ""-"" | ""0"" | ""+""]; }[I[1]][3] extends { ""s"": L[""length""] extends any ? any : string; ""n"": L[""length""]; }[fmt] ? 1 : 0]; 1: LO; }'.
ramdaToolsNoInfinite2.ts(345,45): error TS2536: Type 'I[1]' cannot be used to index type '{ ""-40"": [""__"", ""-39"", ""-40"", 40, ""-""]; ""-39"": [""-40"", ""-38"", ""-39"", 39, ""-""]; ""-38"": [""-39"", ""-37"", ""-38"", 38, ""-""]; ""-37"": [""-38"", ""-36"", ""-37"", 37, ""-""]; ""-36"": [""-37"", ""-35"", ""-36"", 36, ""-""]; ""-35"": [""-36"", ""-34"", ""-35"", 35, ""-""]; ""-34"": [""-35"", ""-33"", ""-34"", 34, ""-""]; ""-33"": [""-34"", ""-32"", ""-33"", 33, ""-""]; ""-32"": [""-33"", ""-31"", ""-32"", 32, ""-""]; ""-31"": [""-32"", ""-30"", ""-31"", 31, ""-""]; ""-30"": [""-31"", ""-29"", ""-30"", 30, ""-""]; ""-29"": [""-30"", ""-28"", ""-29"", 29, ""-""]; ""-28"": [""-29"", ""-27"", ""-28"", 28, ""-""]; ""-27"": [""-28"", ""-26"", ""-27"", 27, ""-""]; ""-26"": [""-27"", ""-25"", ""-26"", 26, ""-""]; ""-25"": [""-26"", ""-24"", ""-25"", 25, ""-""]; ""-24"": [""-25"", ""-23"", ""-24"", 24, ""-""]; ""-23"": [""-24"", ""-22"", ""-23"", 23, ""-""]; ""-22"": [""-23"", ""-21"", ""-22"", 22, ""-""]; ""-21"": [""-22"", ""-20"", ""-21"", 21, ""-""]; ""-20"": [""-21"", ""-19"", ""-20"", 20, ""-""]; ""-19"": [""-20"", ""-18"", ""-19"", 19, ""-""]; ""-18"": [""-19"", ""-17"", ""-18"", 18, ""-""]; ""-17"": [""-18"", ""-16"", ""-17"", 17, ""-""]; ""-16"": [""-17"", ""-15"", ""-16"", 16, ""-""]; ""-15"": [""-16"", ""-14"", ""-15"", 15, ""-""]; ""-14"": [""-15"", ""-13"", ""-14"", 14, ""-""]; ""-13"": [""-14"", ""-12"", ""-13"", 13, ""-""]; ""-12"": [""-13"", ""-11"", ""-12"", 12, ""-""]; ""-11"": [""-12"", ""-10"", ""-11"", 11, ""-""]; ""-10"": [""-11"", ""-9"", ""-10"", 10, ""-""]; ""-9"": [""-10"", ""-8"", ""-9"", 9, ""-""]; ""-8"": [""-9"", ""-7"", ""-8"", 8, ""-""]; ""-7"": [""-8"", ""-6"", ""-7"", 7, ""-""]; ""-6"": [""-7"", ""-5"", ""-6"", 6, ""-""]; ""-5"": [""-6"", ""-4"", ""-5"", 5, ""-""]; ""-4"": [""-5"", ""-3"", ""-4"", 4, ""-""]; ""-3"": [""-4"", ""-2"", ""-3"", 3, ""-""]; ""-2"": [""-3"", ""-1"", ""-2"", 2, ""-""]; ""-1"": [""-2"", ""0"", ""-1"", 1, ""-""]; ""0"": [""-1"", ""1"", ""0"", 0, ""0""]; ""1"": [""0"", ""2"", ""1"", 1, ""+""]; ""2"": [""1"", ""3"", ""2"", 2, ""+""]; ""3"": [""2"", ""4"", ""3"", 3, ""+""]; ""4"": [""3"", ""5"", ""4"", 4, ""+""]; ""5"": [""4"", ""6"", ""5"", 5, ""+""]; ""6"": [""5"", ""7"", ""6"", 6, ""+""]; ""7"": [""6"", ""8"", ""7"", 7, ""+""]; ""8"": [""7"", ""9"", ""8"", 8, ""+""]; ""9"": [""8"", ""10"", ""9"", 9, ""+""]; ""10"": [""9"", ""11"", ""10"", 10, ""+""]; ""11"": [""10"", ""12"", ""11"", 11, ""+""]; ""12"": [""11"", ""13"", ""12"", 12, ""+""]; ""13"": [""12"", ""14"", ""13"", 13, ""+""]; ""14"": [""13"", ""15"", ""14"", 14, ""+""]; ""15"": [""14"", ""16"", ""15"", 15, ""+""]; ""16"": [""15"", ""17"", ""16"", 16, ""+""]; ""17"": [""16"", ""18"", ""17"", 17, ""+""]; ""18"": [""17"", ""19"", ""18"", 18, ""+""]; ""19"": [""18"", ""20"", ""19"", 19, ""+""]; ""20"": [""19"", ""21"", ""20"", 20, ""+""]; ""21"": [""20"", ""22"", ""21"", 21, ""+""]; ""22"": [""21"", ""23"", ""22"", 22, ""+""]; ""23"": [""22"", ""24"", ""23"", 23, ""+""]; ""24"": [""23"", ""25"", ""24"", 24, ""+""]; ""25"": [""24"", ""26"", ""25"", 25, ""+""]; ""26"": [""25"", ""27"", ""26"", 26, ""+""]; ""27"": [""26"", ""28"", ""27"", 27, ""+""]; ""28"": [""27"", ""29"", ""28"", 28, ""+""]; ""29"": [""28"", ""30"", ""29"", 29, ""+""]; ""30"": [""29"", ""31"", ""30"", 30, ""+""]; ""31"": [""30"", ""32"", ""31"", 31, ""+""]; ""32"": [""31"", ""33"", ""32"", 32, ""+""]; ""33"": [""32"", ""34"", ""33"", 33, ""+""]; ""34"": [""33"", ""35"", ""34"", 34, ""+""]; ""35"": [""34"", ""36"", ""35"", 35, ""+""]; ""36"": [""35"", ""37"", ""36"", 36, ""+""]; ""37"": [""36"", ""38"", ""37"", 37, ""+""]; ""38"": [""37"", ""39"", ""38"", 38, ""+""]; ""39"": [""38"", ""40"", ""39"", 39, ""+""]; ""40"": [""39"", ""__"", ""40"", 40, ""+""]; ""__"": [""__"", ""__"", string, number, ""-"" | ""0"" | ""+""]; }'.
ramdaToolsNoInfinite2.ts(364,45): error TS2536: Type 'I[0]' cannot be used to index type '{ ""-40"": [""__"", ""-39"", ""-40"", 40, ""-""]; ""-39"": [""-40"", ""-38"", ""-39"", 39, ""-""]; ""-38"": [""-39"", ""-37"", ""-38"", 38, ""-""]; ""-37"": [""-38"", ""-36"", ""-37"", 37, ""-""]; ""-36"": [""-37"", ""-35"", ""-36"", 36, ""-""]; ""-35"": [""-36"", ""-34"", ""-35"", 35, ""-""]; ""-34"": [""-35"", ""-33"", ""-34"", 34, ""-""]; ""-33"": [""-34"", ""-32"", ""-33"", 33, ""-""]; ""-32"": [""-33"", ""-31"", ""-32"", 32, ""-""]; ""-31"": [""-32"", ""-30"", ""-31"", 31, ""-""]; ""-30"": [""-31"", ""-29"", ""-30"", 30, ""-""]; ""-29"": [""-30"", ""-28"", ""-29"", 29, ""-""]; ""-28"": [""-29"", ""-27"", ""-28"", 28, ""-""]; ""-27"": [""-28"", ""-26"", ""-27"", 27, ""-""]; ""-26"": [""-27"", ""-25"", ""-26"", 26, ""-""]; ""-25"": [""-26"", ""-24"", ""-25"", 25, ""-""]; ""-24"": [""-25"", ""-23"", ""-24"", 24, ""-""]; ""-23"": [""-24"", ""-22"", ""-23"", 23, ""-""]; ""-22"": [""-23"", ""-21"", ""-22"", 22, ""-""]; ""-21"": [""-22"", ""-20"", ""-21"", 21, ""-""]; ""-20"": [""-21"", ""-19"", ""-20"", 20, ""-""]; ""-19"": [""-20"", ""-18"", ""-19"", 19, ""-""]; ""-18"": [""-19"", ""-17"", ""-18"", 18, ""-""]; ""-17"": [""-18"", ""-16"", ""-17"", 17, ""-""]; ""-16"": [""-17"", ""-15"", ""-16"", 16, ""-""]; ""-15"": [""-16"", ""-14"", ""-15"", 15, ""-""]; ""-14"": [""-15"", ""-13"", ""-14"", 14, ""-""]; ""-13"": [""-14"", ""-12"", ""-13"", 13, ""-""]; ""-12"": [""-13"", ""-11"", ""-12"", 12, ""-""]; ""-11"": [""-12"", ""-10"", ""-11"", 11, ""-""]; ""-10"": [""-11"", ""-9"", ""-10"", 10, ""-""]; ""-9"": [""-10"", ""-8"", ""-9"", 9, ""-""]; ""-8"": [""-9"", ""-7"", ""-8"", 8, ""-""]; ""-7"": [""-8"", ""-6"", ""-7"", 7, ""-""]; ""-6"": [""-7"", ""-5"", ""-6"", 6, ""-""]; ""-5"": [""-6"", ""-4"", ""-5"", 5, ""-""]; ""-4"": [""-5"", ""-3"", ""-4"", 4, ""-""]; ""-3"": [""-4"", ""-2"", ""-3"", 3, ""-""]; ""-2"": [""-3"", ""-1"", ""-2"", 2, ""-""]; ""-1"": [""-2"", ""0"", ""-1"", 1, ""-""]; ""0"": [""-1"", ""1"", ""0"", 0, ""0""]; ""1"": [""0"", ""2"", ""1"", 1, ""+""]; ""2"": [""1"", ""3"", ""2"", 2, ""+""]; ""3"": [""2"", ""4"", ""3"", 3, ""+""]; ""4"": [""3"", ""5"", ""4"", 4, ""+""]; ""5"": [""4"", ""6"", ""5"", 5, ""+""]; ""6"": [""5"", ""7"", ""6"", 6, ""+""]; ""7"": [""6"", ""8"", ""7"", 7, ""+""]; ""8"": [""7"", ""9"", ""8"", 8, ""+""]; ""9"": [""8"", ""10"", ""9"", 9, ""+""]; ""10"": [""9"", ""11"", ""10"", 10, ""+""]; ""11"": [""10"", ""12"", ""11"", 11, ""+""]; ""12"": [""11"", ""13"", ""12"", 12, ""+""]; ""13"": [""12"", ""14"", ""13"", 13, ""+""]; ""14"": [""13"", ""15"", ""14"", 14, ""+""]; ""15"": [""14"", ""16"", ""15"", 15, ""+""]; ""16"": [""15"", ""17"", ""16"", 16, ""+""]; ""17"": [""16"", ""18"", ""17"", 17, ""+""]; ""18"": [""17"", ""19"", ""18"", 18, ""+""]; ""19"": [""18"", ""20"", ""19"", 19, ""+""]; ""20"": [""19"", ""21"", ""20"", 20, ""+""]; ""21"": [""20"", ""22"", ""21"", 21, ""+""]; ""22"": [""21"", ""23"", ""22"", 22, ""+""]; ""23"": [""22"", ""24"", ""23"", 23, ""+""]; ""24"": [""23"", ""25"", ""24"", 24, ""+""]; ""25"": [""24"", ""26"", ""25"", 25, ""+""]; ""26"": [""25"", ""27"", ""26"", 26, ""+""]; ""27"": [""26"", ""28"", ""27"", 27, ""+""]; ""28"": [""27"", ""29"", ""28"", 28, ""+""]; ""29"": [""28"", ""30"", ""29"", 29, ""+""]; ""30"": [""29"", ""31"", ""30"", 30, ""+""]; ""31"": [""30"", ""32"", ""31"", 31, ""+""]; ""32"": [""31"", ""33"", ""32"", 32, ""+""]; ""33"": [""32"", ""34"", ""33"", 33, ""+""]; ""34"": [""33"", ""35"", ""34"", 34, ""+""]; ""35"": [""34"", ""36"", ""35"", 35, ""+""]; ""36"": [""35"", ""37"", ""36"", 36, ""+""]; ""37"": [""36"", ""38"", ""37"", 37, ""+""]; ""38"": [""37"", ""39"", ""38"", 38, ""+""]; ""39"": [""38"", ""40"", ""39"", 39, ""+""]; ""40"": [""39"", ""__"", ""40"", 40, ""+""]; ""__"": [""__"", ""__"", string, number, ""-"" | ""0"" | ""+""]; }'.
ramdaToolsNoInfinite2.ts(500,98): error TS2536: Type 'number | L extends unknown ? string : never & string | number | symbol extends never ? never : U extends K ? 1 : 0 extends 1 ? 1 : 0' cannot be used to index type '{ 1: { 1: { ""flat"": { [K in keyof O]: L[K] extends null | undefined ? never : U; } & object; ""deep"": { [K in keyof O]: error; }; }[depth]; 0: { ""flat"": { [K in keyof O]: (L extends unknown ? { [P in K]: O[P]; } & object : never)[K] extends null | undefined ? never : U; } & object; ""deep"": { [K in keyof O]: error; }; }[depth] & { [P in K]: L[P]; } & object extends Function ? A : { [K in keyof A]: A[K]; } & object; }[number | L extends unknown ? string : never & string | number | symbol extends never ? never : U extends string | number | symbol ? 1 : 0 extends 1 ? 1 : 0] & object extends ReadonlyArray<A> ? A1 : A2; 0: { 1: { ""flat"": { [K in keyof O]: (L extends unknown ? L | { [P in K]: L[P]; } & object : never)[K] extends null | undefined ? never : U; } & object; ""deep"": { [K in keyof O]: error; }; }[depth]; 0: { ""flat"": { [K in keyof O]: (L extends unknown ? L | { [P in K]: L[P]; } & object : never extends unknown ? { [P in K]: O[P]; } & object : never)[K] extends null | undefined ? never : U; } & object; ""deep"": { [K in keyof O]: error; }; }[depth] & { [P in K]: (L extends unknown ? L | { [P in K]: L[P]; } & object : never)[P]; } & object extends Function ? A : { [K in keyof A]: A[K]; } & object; }[number | L extends unknown ? L | { [P in K]: L[P]; } & object : never extends unknown ? string : never & string | number | symbol extends never ? never : U extends K extends number ? string | number | symbol : N ? 1 : 0 extends 1 ? 1 : 0] & object extends unknown ? X | ReadonlyArray<A> : never; }'.
ramdaToolsNoInfinite2.ts(501,33): error TS2314: Generic type 'Key<I>' requires 1 type argument(s).
ramdaToolsNoInfinite2.ts(503,23): error TS2344: Type '{ [K in keyof L]: L[K] | object & { [K in typeof symbol]: ""x""; }; }' does not satisfy the constraint 'ReadonlyArray<A>'.
ramdaToolsNoInfinite2.ts(553,116): error TS2536: Type 'I[3] extends { ""s"": L1[""length""] extends any ? any : string; ""n"": L1[""length""]; }[fmt] ? 1 : 0' cannot be used to index type '{ 0: { 0: error; 1: { 0: error; 1: { ""->"": any; ""<-"": any; }[way] extends X ? X extends ReadonlyArray<A> ? A1 : A2 : never; }[I[3] extends { ""s"": any; ""n"": any; }[fmt] ? 1 : 0] extends X ? X extends ReadonlyArray<A> ? A1 : A2 : never; }[{ ""-40"": [""__"", ""-39"", ""-40"", 40, ""-""]; ""-39"": [""-40"", ""-38"", ""-39"", 39, ""-""]; ""-38"": [""-39"", ""-37"", ""-38"", 38, ""-""]; ""-37"": [""-38"", ""-36"", ""-37"", 37, ""-""]; ""-36"": [""-37"", ""-35"", ""-36"", 36, ""-""]; ""-35"": [""-36"", ""-34"", ""-35"", 35, ""-""]; ""-34"": [""-35"", ""-33"", ""-34"", 34, ""-""]; ""-33"": [""-34"", ""-32"", ""-33"", 33, ""-""]; ""-32"": [""-33"", ""-31"", ""-32"", 32, ""-""]; ""-31"": [""-32"", ""-30"", ""-31"", 31, ""-""]; ""-30"": [""-31"", ""-29"", ""-30"", 30, ""-""]; ""-29"": [""-30"", ""-28"", ""-29"", 29, ""-""]; ""-28"": [""-29"", ""-27"", ""-28"", 28, ""-""]; ""-27"": [""-28"", ""-26"", ""-27"", 27, ""-""]; ""-26"": [""-27"", ""-25"", ""-26"", 26, ""-""]; ""-25"": [""-26"", ""-24"", ""-25"", 25, ""-""]; ""-24"": [""-25"", ""-23"", ""-24"", 24, ""-""]; ""-23"": [""-24"", ""-22"", ""-23"", 23, ""-""]; ""-22"": [""-23"", ""-21"", ""-22"", 22, ""-""]; ""-21"": [""-22"", ""-20"", ""-21"", 21, ""-""]; ""-20"": [""-21"", ""-19"", ""-20"", 20, ""-""]; ""-19"": [""-20"", ""-18"", ""-19"", 19, ""-""]; ""-18"": [""-19"", ""-17"", ""-18"", 18, ""-""]; ""-17"": [""-18"", ""-16"", ""-17"", 17, ""-""]; ""-16"": [""-17"", ""-15"", ""-16"", 16, ""-""]; ""-15"": [""-16"", ""-14"", ""-15"", 15, ""-""]; ""-14"": [""-15"", ""-13"", ""-14"", 14, ""-""]; ""-13"": [""-14"", ""-12"", ""-13"", 13, ""-""]; ""-12"": [""-13"", ""-11"", ""-12"", 12, ""-""]; ""-11"": [""-12"", ""-10"", ""-11"", 11, ""-""]; ""-10"": [""-11"", ""-9"", ""-10"", 10, ""-""]; ""-9"": [""-10"", ""-8"", ""-9"", 9, ""-""]; ""-8"": [""-9"", ""-7"", ""-8"", 8, ""-""]; ""-7"": [""-8"", ""-6"", ""-7"", 7, ""-""]; ""-6"": [""-7"", ""-5"", ""-6"", 6, ""-""]; ""-5"": [""-6"", ""-4"", ""-5"", 5, ""-""]; ""-4"": [""-5"", ""-3"", ""-4"", 4, ""-""]; ""-3"": [""-4"", ""-2"", ""-3"", 3, ""-""]; ""-2"": [""-3"", ""-1"", ""-2"", 2, ""-""]; ""-1"": [""-2"", ""0"", ""-1"", 1, ""-""]; ""0"": [""-1"", ""1"", ""0"", 0, ""0""]; ""1"": [""0"", ""2"", ""1"", 1, ""+""]; ""2"": [""1"", ""3"", ""2"", 2, ""+""]; ""3"": [""2"", ""4"", ""3"", 3, ""+""]; ""4"": [""3"", ""5"", ""4"", 4, ""+""]; ""5"": [""4"", ""6"", ""5"", 5, ""+""]; ""6"": [""5"", ""7"", ""6"", 6, ""+""]; ""7"": [""6"", ""8"", ""7"", 7, ""+""]; ""8"": [""7"", ""9"", ""8"", 8, ""+""]; ""9"": [""8"", ""10"", ""9"", 9, ""+""]; ""10"": [""9"", ""11"", ""10"", 10, ""+""]; ""11"": [""10"", ""12"", ""11"", 11, ""+""]; ""12"": [""11"", ""13"", ""12"", 12, ""+""]; ""13"": [""12"", ""14"", ""13"", 13, ""+""]; ""14"": [""13"", ""15"", ""14"", 14, ""+""]; ""15"": [""14"", ""16"", ""15"", 15, ""+""]; ""16"": [""15"", ""17"", ""16"", 16, ""+""]; ""17"": [""16"", ""18"", ""17"", 17, ""+""]; ""18"": [""17"", ""19"", ""18"", 18, ""+""]; ""19"": [""18"", ""20"", ""19"", 19, ""+""]; ""20"": [""19"", ""21"", ""20"", 20, ""+""]; ""21"": [""20"", ""22"", ""21"", 21, ""+""]; ""22"": [""21"", ""23"", ""22"", 22, ""+""]; ""23"": [""22"", ""24"", ""23"", 23, ""+""]; ""24"": [""23"", ""25"", ""24"", 24, ""+""]; ""25"": [""24"", ""26"", ""25"", 25, ""+""]; ""26"": [""25"", ""27"", ""26"", 26, ""+""]; ""27"": [""26"", ""28"", ""27"", 27, ""+""]; ""28"": [""27"", ""29"", ""28"", 28, ""+""]; ""29"": [""28"", ""30"", ""29"", 29, ""+""]; ""30"": [""29"", ""31"", ""30"", 30, ""+""]; ""31"": [""30"", ""32"", ""31"", 31, ""+""]; ""32"": [""31"", ""33"", ""32"", 32, ""+""]; ""33"": [""32"", ""34"", ""33"", 33, ""+""]; ""34"": [""33"", ""35"", ""34"", 34, ""+""]; ""35"": [""34"", ""36"", ""35"", 35, ""+""]; ""36"": [""35"", ""37"", ""36"", 36, ""+""]; ""37"": [""36"", ""38"", ""37"", 37, ""+""]; ""38"": [""37"", ""39"", ""38"", 38, ""+""]; ""39"": [""38"", ""40"", ""39"", 39, ""+""]; ""40"": [""39"", ""__"", ""40"", 40, ""+""]; ""__"": [""__"", ""__"", string, number, ""-"" | ""0"" | ""+""]; }[I[1]][3] extends { ""s"": L1[""length""] extends any ? any : string; ""n"": L1[""length""]; }[fmt] ? 1 : 0]; 1: { 0: error; 1: { ""->"": any; ""<-"": any; }[way] extends X ? X extends ReadonlyArray<A> ? A1 : A2 : never; }[I[3] extends { ""s"": any; ""n"": any; }[fmt] ? 1 : 0] extends X ? X extends ReadonlyArray<A> ? A1 : A2 : never; }'.
ramdaToolsNoInfinite2.ts(560,5): error TS2589: Type instantiation is excessively deep and possibly infinite.
ramdaToolsNoInfinite2.ts(560,45): error TS2344: Type '{ [K in keyof L]: L[K] | object & { [K in typeof symbol]: ""x""; }; }' does not satisfy the constraint 'ReadonlyArray<A>'.
",,default
_submodules/TypeScript/tests/cases/compiler/reactJsxReactResolvedNodeNext.tsx,,"node_modules/@types/react/jsx-dev-runtime.d.ts(1,8): error TS2307: Cannot find module './' or its corresponding type declarations.
node_modules/@types/react/jsx-runtime.d.ts(1,8): error TS2307: Cannot find module './' or its corresponding type declarations.
",,default
_submodules/TypeScript/tests/cases/compiler/reactJsxReactResolvedNodeNextEsm.tsx,,"node_modules/@types/react/jsx-dev-runtime.d.ts(1,8): error TS2307: Cannot find module './' or its corresponding type declarations.
node_modules/@types/react/jsx-runtime.d.ts(1,8): error TS2307: Cannot find module './' or its corresponding type declarations.
",,default
_submodules/TypeScript/tests/cases/compiler/reactNamespaceInvalidInput.tsx,"error TS5059: Invalid value for '--reactNamespace'. 'my-React-Lib' is not a valid identifier.
reactNamespaceInvalidInput.tsx(1,1): error TS7026: JSX element implicitly has type 'any' because no interface 'JSX.IntrinsicElements' exists.
reactNamespaceInvalidInput.tsx(1,2): error TS2874: This JSX tag requires 'my-React-Lib' to be in scope, but it could not be found.


!!! error TS5059: Invalid value for '--reactNamespace'. 'my-React-Lib' is not a valid identifier.","reactNamespaceInvalidInput.tsx(1,2): error TS2874: This JSX tag requires 'my-React-Lib' to be in scope, but it could not be found.
",,default
_submodules/TypeScript/tests/cases/compiler/reactTransitiveImportHasValidDeclaration.ts,,"node_modules/create-emotion-styled/types/react/index.d.ts(2,16): error TS2664: Invalid module name in augmentation, module 'react' cannot be found.
node_modules/create-emotion-styled/types/react/index.d.ts(8,12): error TS2503: Cannot find namespace 'React'.
",,default
_submodules/TypeScript/tests/cases/compiler/recursiveArrayNotCircular.ts,,"recursiveArrayNotCircular.ts(23,38): error TS2339: Property 'payload' does not exist on type 'never'.
recursiveArrayNotCircular.ts(26,39): error TS2339: Property 'payload' does not exist on type 'never'.
recursiveArrayNotCircular.ts(29,38): error TS2339: Property 'payload' does not exist on type 'never'.
recursiveArrayNotCircular.ts(32,20): error TS2339: Property 'payload' does not exist on type 'never'.
recursiveArrayNotCircular.ts(34,37): error TS2345: Argument of type 'error' is not assignable to parameter of type 'never'.
",,default
_submodules/TypeScript/tests/cases/compiler/reducibleIndexedAccessTypes.ts,,"reducibleIndexedAccessTypes.ts(35,15): error TS7006: Parameter 'data' implicitly has an 'any' type.
",,default
_submodules/TypeScript/tests/cases/compiler/reexportDefaultIsCallable.ts,,"usage.ts(2,35): error TS2749: 'Base' refers to a value, but is being used as a type here. Did you mean 'typeof Base'?
",,default
_submodules/TypeScript/tests/cases/compiler/regexpExecAndMatchTypeUsages.ts,"error TS5052: Option 'exactOptionalPropertyTypes' cannot be specified without specifying option 'strictNullChecks'.
regexpExecAndMatchTypeUsages.ts(20,9): error TS2322: Type 'RegExpMatchArray' is not assignable to type 'RegExpExecArray'.
  Property 'index' is optional in type 'RegExpMatchArray' but required in type 'RegExpExecArray'.


!!! error TS5052: Option 'exactOptionalPropertyTypes' cannot be specified without specifying option 'strictNullChecks'.","regexpExecAndMatchTypeUsages.ts(7,5): error TS2322: Type 'undefined' is not assignable to type '{ [key: string]: string; }'.
regexpExecAndMatchTypeUsages.ts(14,5): error TS2322: Type 'undefined' is not assignable to type '{ [key: string]: string; }'.
",,strict=false
_submodules/TypeScript/tests/cases/compiler/relatedViaDiscriminatedTypeNoError2.ts,,"relatedViaDiscriminatedTypeNoError2.ts(9,1): error TS2322: Type '{ name: ""A"" | ""B""; }' is not assignable to type '{ name: ""A""; } | { name: ""B""; }'.
  Types of property 'name' are incompatible.
    Type '""A"" | ""B""' is not assignable to type '""A""'.
      Type '""B""' is not assignable to type '""A""'.
",,default
_submodules/TypeScript/tests/cases/compiler/resolutionCandidateFromPackageJsonField2.ts,"test.ts(1,19): error TS5097: An import path can only end with a '.ts' extension when 'allowImportingTsExtensions' is enabled.",,,default
_submodules/TypeScript/tests/cases/compiler/resolveModuleNameWithSameLetDeclarationName1.ts,,"resolveModuleNameWithSameLetDeclarationName1.ts(1,19): error TS2300: Duplicate identifier 'foo'.
resolveModuleNameWithSameLetDeclarationName1.ts(8,5): error TS2300: Duplicate identifier 'foo'.
",,default
_submodules/TypeScript/tests/cases/compiler/returnInfiniteIntersection.ts,,"returnInfiniteIntersection.ts(6,14): error TS2349: This expression is not callable.
  Type 'error & { p: error; }' has no call signatures.
",,default
_submodules/TypeScript/tests/cases/compiler/returnTypeInferenceContextualParameterTypesInGenerator1.ts,,"returnTypeInferenceContextualParameterTypesInGenerator1.ts(50,3): error TS2345: Argument of type 'Effect<unknown>' is not assignable to parameter of type 'Effect<{ [Current in Rpc as Current[""_tag""]]: (payload: Current extends R ? _Payload : never) => Current extends R ? _Success : never; }>'.
  Types of property '_A' are incompatible.
    Type 'unknown' is not assignable to type '{ [Current in Rpc as Current[""_tag""]]: (payload: Current extends R ? _Payload : never) => Current extends R ? _Success : never; }'.
returnTypeInferenceContextualParameterTypesInGenerator1.ts(50,7): error TS2345: Argument of type '() => { Register: (id: any) => string; }' is not assignable to parameter of type '() => Generator<Effect<any>, unknown>'.
  Type '{ Register: (id: any) => string; }' is not assignable to type 'Generator<Effect<any>, unknown>'.
    Type '{ Register: (id: any) => string; }' is missing the following properties from type 'Generator<Effect<any>, unknown>': next, return, throw, [Symbol.iterator], and 13 more.
returnTypeInferenceContextualParameterTypesInGenerator1.ts(52,18): error TS7006: Parameter 'id' implicitly has an 'any' type.
",,default
_submodules/TypeScript/tests/cases/compiler/returnTypeInferenceContextualTypeIgnoreAnyUnknown1.ts,,"returnTypeInferenceContextualTypeIgnoreAnyUnknown1.ts(18,25): error TS7006: Parameter 'arg' implicitly has an 'any' type.
returnTypeInferenceContextualTypeIgnoreAnyUnknown1.ts(21,17): error TS7006: Parameter 'arg' implicitly has an 'any' type.
returnTypeInferenceContextualTypeIgnoreAnyUnknown1.ts(25,17): error TS7006: Parameter 'arg' implicitly has an 'any' type.
",,default
_submodules/TypeScript/tests/cases/compiler/reuseInnerModuleMember.ts,,"reuseInnerModuleMember_1.ts(8,12): error TS2304: Cannot find name 'alpha'.
",,default
_submodules/TypeScript/tests/cases/compiler/reverseMappedIntersectionInference1.ts,,"reverseMappedIntersectionInference1.ts(26,15): error TS7006: Parameter 'errorArg' implicitly has an 'any' type.
reverseMappedIntersectionInference1.ts(36,15): error TS7006: Parameter 'errorArg' implicitly has an 'any' type.
",,default
_submodules/TypeScript/tests/cases/compiler/reverseMappedIntersectionInference2.ts,,"reverseMappedIntersectionInference2.ts(22,17): error TS7006: Parameter 'dataArg' implicitly has an 'any' type.
reverseMappedIntersectionInference2.ts(26,15): error TS7006: Parameter 'errorArg' implicitly has an 'any' type.
reverseMappedIntersectionInference2.ts(32,17): error TS7006: Parameter 'dataArg' implicitly has an 'any' type.
reverseMappedIntersectionInference2.ts(36,15): error TS7006: Parameter 'errorArg' implicitly has an 'any' type.
",,default
_submodules/TypeScript/tests/cases/compiler/reverseMappedTypeContextualTypesPerElementOfTupleConstraint.ts,,"reverseMappedTypeContextualTypesPerElementOfTupleConstraint.ts(21,16): error TS7006: Parameter 'event' implicitly has an 'any' type.
reverseMappedTypeContextualTypesPerElementOfTupleConstraint.ts(25,16): error TS7006: Parameter 'event' implicitly has an 'any' type.
",,default
_submodules/TypeScript/tests/cases/compiler/reverseMappedTypePrimitiveConstraintProperty.ts,,"reverseMappedTypePrimitiveConstraintProperty.ts(10,3): error TS2353: Object literal may only specify known properties, and 'extra' does not exist in type '{ prop: T[""prop""]; nested: T[""nested""]; }'.
",,default
_submodules/TypeScript/tests/cases/compiler/signatureCombiningRestParameters2.ts,,"signatureCombiningRestParameters2.ts(6,25): error TS2304: Cannot find name ''.
",,default
_submodules/TypeScript/tests/cases/compiler/signatureInstantiationWithRecursiveConstraints.ts,,"signatureInstantiationWithRecursiveConstraints.ts(11,7): error TS2322: Type 'Bar' is not assignable to type 'Foo'.
  Types of property 'myFunc' are incompatible.
    Type '<T>(arg: T) => any' is not assignable to type '<T>(arg: T) => any'.
      Types of parameters 'arg' and 'arg' are incompatible.
        Type 'T' is not assignable to type 'Bar'.
",,default
_submodules/TypeScript/tests/cases/compiler/simplifyingConditionalWithInteriorConditionalIsRelated.ts,,"simplifyingConditionalWithInteriorConditionalIsRelated.ts(19,5): error TS2322: Type 'unknown' is not assignable to type 'T'.
  'T' could be instantiated with an arbitrary type which could be unrelated to 'unknown'.
",,default
_submodules/TypeScript/tests/cases/compiler/sliceResultCast.ts,,"sliceResultCast.ts(3,3): error TS2339: Property 'slice' does not exist on type '[number, string] | [number, string, string]'.
",,default
_submodules/TypeScript/tests/cases/compiler/sourceMap-LineBreaks.ts,,"sourceMap-LineBreaks.ts(1,33): error TS1127: Invalid character.
sourceMap-LineBreaks.ts(2,38): error TS1127: Invalid character.
sourceMap-LineBreaks.ts(18,9): error TS1127: Invalid character.
sourceMap-LineBreaks.ts(20,9): error TS1127: Invalid character.
",,target=es2015
_submodules/TypeScript/tests/cases/compiler/sourceMapValidationDestructuringForArrayBindingPattern.ts,"error TS2318: Cannot find global type 'Iterable'.


!!! error TS2318: Cannot find global type 'Iterable'.",,,target=es2015
_submodules/TypeScript/tests/cases/compiler/sourceMapValidationDestructuringForArrayBindingPattern2.ts,,"sourceMapValidationDestructuringForArrayBindingPattern2.ts(24,7): error TS1109: Expression expected.
sourceMapValidationDestructuringForArrayBindingPattern2.ts(27,7): error TS1109: Expression expected.
sourceMapValidationDestructuringForArrayBindingPattern2.ts(30,7): error TS1109: Expression expected.
sourceMapValidationDestructuringForArrayBindingPattern2.ts(33,7): error TS1109: Expression expected.
sourceMapValidationDestructuringForArrayBindingPattern2.ts(36,7): error TS1109: Expression expected.
sourceMapValidationDestructuringForArrayBindingPattern2.ts(39,7): error TS1109: Expression expected.
",,target=es2015
_submodules/TypeScript/tests/cases/compiler/sourceMapValidationDestructuringForArrayBindingPatternDefaultValues2.ts,,"sourceMapValidationDestructuringForArrayBindingPatternDefaultValues2.ts(24,7): error TS1109: Expression expected.
sourceMapValidationDestructuringForArrayBindingPatternDefaultValues2.ts(27,7): error TS1109: Expression expected.
sourceMapValidationDestructuringForArrayBindingPatternDefaultValues2.ts(30,7): error TS1109: Expression expected.
sourceMapValidationDestructuringForArrayBindingPatternDefaultValues2.ts(33,7): error TS1109: Expression expected.
sourceMapValidationDestructuringForArrayBindingPatternDefaultValues2.ts(39,7): error TS1109: Expression expected.
sourceMapValidationDestructuringForArrayBindingPatternDefaultValues2.ts(45,7): error TS1109: Expression expected.
",,target=es2015
_submodules/TypeScript/tests/cases/compiler/sourceMapValidationDestructuringForObjectBindingPatternDefaultValues2.ts,,"sourceMapValidationDestructuringForObjectBindingPatternDefaultValues2.ts(64,13): error TS1005: ',' expected.
sourceMapValidationDestructuringForObjectBindingPatternDefaultValues2.ts(64,15): error TS1005: ',' expected.
sourceMapValidationDestructuringForObjectBindingPatternDefaultValues2.ts(67,13): error TS1005: ',' expected.
sourceMapValidationDestructuringForObjectBindingPatternDefaultValues2.ts(67,15): error TS1005: ',' expected.
sourceMapValidationDestructuringForObjectBindingPatternDefaultValues2.ts(70,13): error TS1005: ',' expected.
sourceMapValidationDestructuringForObjectBindingPatternDefaultValues2.ts(70,15): error TS1005: ',' expected.
sourceMapValidationDestructuringForObjectBindingPatternDefaultValues2.ts(75,17): error TS1005: ',' expected.
sourceMapValidationDestructuringForObjectBindingPatternDefaultValues2.ts(75,19): error TS1005: ',' expected.
sourceMapValidationDestructuringForObjectBindingPatternDefaultValues2.ts(76,19): error TS1005: ',' expected.
sourceMapValidationDestructuringForObjectBindingPatternDefaultValues2.ts(76,21): error TS1005: ',' expected.
sourceMapValidationDestructuringForObjectBindingPatternDefaultValues2.ts(83,17): error TS1005: ',' expected.
sourceMapValidationDestructuringForObjectBindingPatternDefaultValues2.ts(83,19): error TS1005: ',' expected.
sourceMapValidationDestructuringForObjectBindingPatternDefaultValues2.ts(84,19): error TS1005: ',' expected.
sourceMapValidationDestructuringForObjectBindingPatternDefaultValues2.ts(84,21): error TS1005: ',' expected.
sourceMapValidationDestructuringForObjectBindingPatternDefaultValues2.ts(91,17): error TS1005: ',' expected.
sourceMapValidationDestructuringForObjectBindingPatternDefaultValues2.ts(91,19): error TS1005: ',' expected.
sourceMapValidationDestructuringForObjectBindingPatternDefaultValues2.ts(92,19): error TS1005: ',' expected.
sourceMapValidationDestructuringForObjectBindingPatternDefaultValues2.ts(92,21): error TS1005: ',' expected.
sourceMapValidationDestructuringForObjectBindingPatternDefaultValues2.ts(138,13): error TS1005: ',' expected.
sourceMapValidationDestructuringForObjectBindingPatternDefaultValues2.ts(138,15): error TS1005: ',' expected.
sourceMapValidationDestructuringForObjectBindingPatternDefaultValues2.ts(138,31): error TS1005: ',' expected.
sourceMapValidationDestructuringForObjectBindingPatternDefaultValues2.ts(138,33): error TS1005: ',' expected.
sourceMapValidationDestructuringForObjectBindingPatternDefaultValues2.ts(141,13): error TS1005: ',' expected.
sourceMapValidationDestructuringForObjectBindingPatternDefaultValues2.ts(141,15): error TS1005: ',' expected.
sourceMapValidationDestructuringForObjectBindingPatternDefaultValues2.ts(141,31): error TS1005: ',' expected.
sourceMapValidationDestructuringForObjectBindingPatternDefaultValues2.ts(141,33): error TS1005: ',' expected.
sourceMapValidationDestructuringForObjectBindingPatternDefaultValues2.ts(144,13): error TS1005: ',' expected.
sourceMapValidationDestructuringForObjectBindingPatternDefaultValues2.ts(144,15): error TS1005: ',' expected.
sourceMapValidationDestructuringForObjectBindingPatternDefaultValues2.ts(144,31): error TS1005: ',' expected.
sourceMapValidationDestructuringForObjectBindingPatternDefaultValues2.ts(144,33): error TS1005: ',' expected.
sourceMapValidationDestructuringForObjectBindingPatternDefaultValues2.ts(148,10): error TS1005: ',' expected.
sourceMapValidationDestructuringForObjectBindingPatternDefaultValues2.ts(148,12): error TS1005: ',' expected.
sourceMapValidationDestructuringForObjectBindingPatternDefaultValues2.ts(150,17): error TS1005: ',' expected.
sourceMapValidationDestructuringForObjectBindingPatternDefaultValues2.ts(150,19): error TS1005: ',' expected.
sourceMapValidationDestructuringForObjectBindingPatternDefaultValues2.ts(151,19): error TS1005: ',' expected.
sourceMapValidationDestructuringForObjectBindingPatternDefaultValues2.ts(151,21): error TS1005: ',' expected.
sourceMapValidationDestructuringForObjectBindingPatternDefaultValues2.ts(157,10): error TS1005: ',' expected.
sourceMapValidationDestructuringForObjectBindingPatternDefaultValues2.ts(157,12): error TS1005: ',' expected.
sourceMapValidationDestructuringForObjectBindingPatternDefaultValues2.ts(159,17): error TS1005: ',' expected.
sourceMapValidationDestructuringForObjectBindingPatternDefaultValues2.ts(159,19): error TS1005: ',' expected.
sourceMapValidationDestructuringForObjectBindingPatternDefaultValues2.ts(160,19): error TS1005: ',' expected.
sourceMapValidationDestructuringForObjectBindingPatternDefaultValues2.ts(160,21): error TS1005: ',' expected.
sourceMapValidationDestructuringForObjectBindingPatternDefaultValues2.ts(166,10): error TS1005: ',' expected.
sourceMapValidationDestructuringForObjectBindingPatternDefaultValues2.ts(166,12): error TS1005: ',' expected.
sourceMapValidationDestructuringForObjectBindingPatternDefaultValues2.ts(168,17): error TS1005: ',' expected.
sourceMapValidationDestructuringForObjectBindingPatternDefaultValues2.ts(168,19): error TS1005: ',' expected.
sourceMapValidationDestructuringForObjectBindingPatternDefaultValues2.ts(169,19): error TS1005: ',' expected.
sourceMapValidationDestructuringForObjectBindingPatternDefaultValues2.ts(169,21): error TS1005: ',' expected.
",,default
_submodules/TypeScript/tests/cases/compiler/sourceMapValidationDestructuringForOfArrayBindingPattern2.ts,,"sourceMapValidationDestructuringForOfArrayBindingPattern2.ts(26,7): error TS1109: Expression expected.
sourceMapValidationDestructuringForOfArrayBindingPattern2.ts(26,9): error TS2454: Variable 'nameA' is used before being assigned.
sourceMapValidationDestructuringForOfArrayBindingPattern2.ts(29,7): error TS1109: Expression expected.
sourceMapValidationDestructuringForOfArrayBindingPattern2.ts(29,9): error TS2454: Variable 'nameA' is used before being assigned.
sourceMapValidationDestructuringForOfArrayBindingPattern2.ts(32,7): error TS1109: Expression expected.
sourceMapValidationDestructuringForOfArrayBindingPattern2.ts(32,9): error TS2454: Variable 'nameA' is used before being assigned.
sourceMapValidationDestructuringForOfArrayBindingPattern2.ts(35,7): error TS1109: Expression expected.
sourceMapValidationDestructuringForOfArrayBindingPattern2.ts(35,10): error TS2454: Variable 'primarySkillA' is used before being assigned.
sourceMapValidationDestructuringForOfArrayBindingPattern2.ts(35,25): error TS2454: Variable 'secondarySkillA' is used before being assigned.
sourceMapValidationDestructuringForOfArrayBindingPattern2.ts(38,7): error TS1109: Expression expected.
sourceMapValidationDestructuringForOfArrayBindingPattern2.ts(38,10): error TS2454: Variable 'primarySkillA' is used before being assigned.
sourceMapValidationDestructuringForOfArrayBindingPattern2.ts(38,25): error TS2454: Variable 'secondarySkillA' is used before being assigned.
sourceMapValidationDestructuringForOfArrayBindingPattern2.ts(41,7): error TS1109: Expression expected.
sourceMapValidationDestructuringForOfArrayBindingPattern2.ts(41,10): error TS2454: Variable 'primarySkillA' is used before being assigned.
sourceMapValidationDestructuringForOfArrayBindingPattern2.ts(41,25): error TS2454: Variable 'secondarySkillA' is used before being assigned.
sourceMapValidationDestructuringForOfArrayBindingPattern2.ts(45,7): error TS2454: Variable 'numberB' is used before being assigned.
sourceMapValidationDestructuringForOfArrayBindingPattern2.ts(48,7): error TS2454: Variable 'numberB' is used before being assigned.
sourceMapValidationDestructuringForOfArrayBindingPattern2.ts(51,7): error TS2454: Variable 'numberB' is used before being assigned.
sourceMapValidationDestructuringForOfArrayBindingPattern2.ts(54,7): error TS2454: Variable 'nameB' is used before being assigned.
sourceMapValidationDestructuringForOfArrayBindingPattern2.ts(57,7): error TS2454: Variable 'nameB' is used before being assigned.
sourceMapValidationDestructuringForOfArrayBindingPattern2.ts(60,7): error TS2454: Variable 'nameB' is used before being assigned.
sourceMapValidationDestructuringForOfArrayBindingPattern2.ts(64,7): error TS2454: Variable 'numberA2' is used before being assigned.
sourceMapValidationDestructuringForOfArrayBindingPattern2.ts(64,17): error TS2454: Variable 'nameA2' is used before being assigned.
sourceMapValidationDestructuringForOfArrayBindingPattern2.ts(64,25): error TS2454: Variable 'skillA2' is used before being assigned.
sourceMapValidationDestructuringForOfArrayBindingPattern2.ts(67,7): error TS2454: Variable 'numberA2' is used before being assigned.
sourceMapValidationDestructuringForOfArrayBindingPattern2.ts(67,17): error TS2454: Variable 'nameA2' is used before being assigned.
sourceMapValidationDestructuringForOfArrayBindingPattern2.ts(67,25): error TS2454: Variable 'skillA2' is used before being assigned.
sourceMapValidationDestructuringForOfArrayBindingPattern2.ts(70,7): error TS2454: Variable 'numberA2' is used before being assigned.
sourceMapValidationDestructuringForOfArrayBindingPattern2.ts(70,17): error TS2454: Variable 'nameA2' is used before being assigned.
sourceMapValidationDestructuringForOfArrayBindingPattern2.ts(70,25): error TS2454: Variable 'skillA2' is used before being assigned.
sourceMapValidationDestructuringForOfArrayBindingPattern2.ts(73,7): error TS2454: Variable 'nameMA' is used before being assigned.
sourceMapValidationDestructuringForOfArrayBindingPattern2.ts(73,16): error TS2454: Variable 'primarySkillA' is used before being assigned.
sourceMapValidationDestructuringForOfArrayBindingPattern2.ts(73,31): error TS2454: Variable 'secondarySkillA' is used before being assigned.
sourceMapValidationDestructuringForOfArrayBindingPattern2.ts(76,7): error TS2454: Variable 'nameMA' is used before being assigned.
sourceMapValidationDestructuringForOfArrayBindingPattern2.ts(76,16): error TS2454: Variable 'primarySkillA' is used before being assigned.
sourceMapValidationDestructuringForOfArrayBindingPattern2.ts(76,31): error TS2454: Variable 'secondarySkillA' is used before being assigned.
sourceMapValidationDestructuringForOfArrayBindingPattern2.ts(79,7): error TS2454: Variable 'nameMA' is used before being assigned.
sourceMapValidationDestructuringForOfArrayBindingPattern2.ts(79,16): error TS2454: Variable 'primarySkillA' is used before being assigned.
sourceMapValidationDestructuringForOfArrayBindingPattern2.ts(79,31): error TS2454: Variable 'secondarySkillA' is used before being assigned.
sourceMapValidationDestructuringForOfArrayBindingPattern2.ts(83,7): error TS2454: Variable 'numberA3' is used before being assigned.
sourceMapValidationDestructuringForOfArrayBindingPattern2.ts(83,20): error TS2454: Variable 'robotAInfo' is used before being assigned.
sourceMapValidationDestructuringForOfArrayBindingPattern2.ts(86,7): error TS2454: Variable 'numberA3' is used before being assigned.
sourceMapValidationDestructuringForOfArrayBindingPattern2.ts(86,20): error TS2454: Variable 'robotAInfo' is used before being assigned.
sourceMapValidationDestructuringForOfArrayBindingPattern2.ts(89,7): error TS2454: Variable 'numberA3' is used before being assigned.
sourceMapValidationDestructuringForOfArrayBindingPattern2.ts(89,20): error TS2454: Variable 'robotAInfo' is used before being assigned.
sourceMapValidationDestructuringForOfArrayBindingPattern2.ts(92,10): error TS2454: Variable 'multiRobotAInfo' is used before being assigned.
sourceMapValidationDestructuringForOfArrayBindingPattern2.ts(95,10): error TS2454: Variable 'multiRobotAInfo' is used before being assigned.
sourceMapValidationDestructuringForOfArrayBindingPattern2.ts(98,10): error TS2454: Variable 'multiRobotAInfo' is used before being assigned.
",,target=es2015
_submodules/TypeScript/tests/cases/compiler/sourceMapValidationDestructuringForOfArrayBindingPatternDefaultValues2.ts,,"sourceMapValidationDestructuringForOfArrayBindingPatternDefaultValues2.ts(26,7): error TS1109: Expression expected.
sourceMapValidationDestructuringForOfArrayBindingPatternDefaultValues2.ts(29,7): error TS1109: Expression expected.
sourceMapValidationDestructuringForOfArrayBindingPatternDefaultValues2.ts(32,7): error TS1109: Expression expected.
sourceMapValidationDestructuringForOfArrayBindingPatternDefaultValues2.ts(35,7): error TS1109: Expression expected.
sourceMapValidationDestructuringForOfArrayBindingPatternDefaultValues2.ts(41,7): error TS1109: Expression expected.
sourceMapValidationDestructuringForOfArrayBindingPatternDefaultValues2.ts(47,7): error TS1109: Expression expected.
sourceMapValidationDestructuringForOfArrayBindingPatternDefaultValues2.ts(101,25): error TS2454: Variable 'robotAInfo' is used before being assigned.
sourceMapValidationDestructuringForOfArrayBindingPatternDefaultValues2.ts(104,25): error TS2454: Variable 'robotAInfo' is used before being assigned.
sourceMapValidationDestructuringForOfArrayBindingPatternDefaultValues2.ts(107,25): error TS2454: Variable 'robotAInfo' is used before being assigned.
",,target=es2015
_submodules/TypeScript/tests/cases/compiler/sourceMapValidationDestructuringVariableStatementArrayBindingPattern3.ts,,"sourceMapValidationDestructuringVariableStatementArrayBindingPattern3.ts(18,2): error TS1109: Expression expected.
sourceMapValidationDestructuringVariableStatementArrayBindingPattern3.ts(19,2): error TS1109: Expression expected.
sourceMapValidationDestructuringVariableStatementArrayBindingPattern3.ts(20,2): error TS1109: Expression expected.
sourceMapValidationDestructuringVariableStatementArrayBindingPattern3.ts(21,2): error TS1109: Expression expected.
sourceMapValidationDestructuringVariableStatementArrayBindingPattern3.ts(22,2): error TS1109: Expression expected.
sourceMapValidationDestructuringVariableStatementArrayBindingPattern3.ts(23,2): error TS1109: Expression expected.
",,target=es2015
_submodules/TypeScript/tests/cases/compiler/sourceMapValidationDestructuringVariableStatementArrayBindingPatternDefaultValues3.ts,,"sourceMapValidationDestructuringVariableStatementArrayBindingPatternDefaultValues3.ts(18,2): error TS1109: Expression expected.
sourceMapValidationDestructuringVariableStatementArrayBindingPatternDefaultValues3.ts(19,2): error TS1109: Expression expected.
sourceMapValidationDestructuringVariableStatementArrayBindingPatternDefaultValues3.ts(20,2): error TS1109: Expression expected.
sourceMapValidationDestructuringVariableStatementArrayBindingPatternDefaultValues3.ts(21,2): error TS1109: Expression expected.
sourceMapValidationDestructuringVariableStatementArrayBindingPatternDefaultValues3.ts(22,2): error TS1109: Expression expected.
sourceMapValidationDestructuringVariableStatementArrayBindingPatternDefaultValues3.ts(23,2): error TS1109: Expression expected.
",,target=es2015
_submodules/TypeScript/tests/cases/compiler/sourceMapValidationForIn.ts,,"sourceMapValidationForIn.ts(4,17): error TS1005: ';' expected.
sourceMapValidationForIn.ts(9,13): error TS2339: Property 'Echo' does not exist on type 'never'.
sourceMapValidationForIn.ts(11,17): error TS1005: ';' expected.
sourceMapValidationForIn.ts(13,13): error TS2339: Property 'Echo' does not exist on type 'never'.
",,default
_submodules/TypeScript/tests/cases/compiler/spreadOfObjectLiteralAssignableToIndexSignature.ts,,"spreadOfObjectLiteralAssignableToIndexSignature.ts(5,17): error TS2339: Property 'propA' does not exist on type 'RecordOfRecords'.
spreadOfObjectLiteralAssignableToIndexSignature.ts(6,17): error TS2339: Property 'propB' does not exist on type 'RecordOfRecords'.
spreadOfObjectLiteralAssignableToIndexSignature.ts(7,17): error TS2339: Property 'propC' does not exist on type 'RecordOfRecords'.
spreadOfObjectLiteralAssignableToIndexSignature.ts(11,25): error TS2339: Property 'propA' does not exist on type 'RecordOfRecordsOrEmpty'.
spreadOfObjectLiteralAssignableToIndexSignature.ts(12,25): error TS2339: Property 'propB' does not exist on type 'RecordOfRecordsOrEmpty'.
spreadOfObjectLiteralAssignableToIndexSignature.ts(13,25): error TS2339: Property 'propC' does not exist on type 'RecordOfRecordsOrEmpty'.
",,default
_submodules/TypeScript/tests/cases/compiler/stackDepthLimitCastingType.ts,,"index.ts(5,38): error TS2503: Cannot find namespace 'Backbone'.
",,default
_submodules/TypeScript/tests/cases/compiler/staticIndexSignatureAndNormalIndexSignature.ts,,"staticIndexSignatureAndNormalIndexSignature.ts(3,5): error TS1071: 'static' modifier cannot appear on an index signature.
",,default
_submodules/TypeScript/tests/cases/compiler/strictFunctionTypes1.ts,,"strictFunctionTypes1.ts(13,15): error TS2345: Argument of type '(x: Object) => void' is not assignable to parameter of type '(x: unknown) => void'.
  Types of parameters 'x' and 'x' are incompatible.
    Type 'unknown' is not assignable to type 'Object'.
strictFunctionTypes1.ts(15,15): error TS2345: Argument of type '""abc""' is not assignable to parameter of type '""def""'.
strictFunctionTypes1.ts(16,15): error TS2345: Argument of type '(x: Object) => void' is not assignable to parameter of type 'Func<unknown>'.
  Types of parameters 'x' and 'x' are incompatible.
    Type 'T' is not assignable to type 'Object'.
",,default
_submodules/TypeScript/tests/cases/compiler/strictNullLogicalAndOr.ts,,"strictNullLogicalAndOr.ts(6,1): error TS2349: This expression is not callable.
  Type 'Boolean' has no call signatures.
strictNullLogicalAndOr.ts(10,3): error TS2322: Type 'boolean' is not assignable to type 'number'.
",,default
_submodules/TypeScript/tests/cases/compiler/strictNullNotNullIndexTypeNoLib.ts,"error TS2318: Cannot find global type 'Array'.
error TS2318: Cannot find global type 'Boolean'.
error TS2318: Cannot find global type 'CallableFunction'.
error TS2318: Cannot find global type 'Function'.
error TS2318: Cannot find global type 'IArguments'.
error TS2318: Cannot find global type 'NewableFunction'.
error TS2318: Cannot find global type 'Number'.
error TS2318: Cannot find global type 'Object'.
error TS2318: Cannot find global type 'RegExp'.
error TS2318: Cannot find global type 'String'.


!!! error TS2318: Cannot find global type 'Array'.
!!! error TS2318: Cannot find global type 'Boolean'.
!!! error TS2318: Cannot find global type 'CallableFunction'.
!!! error TS2318: Cannot find global type 'Function'.
!!! error TS2318: Cannot find global type 'IArguments'.
!!! error TS2318: Cannot find global type 'NewableFunction'.
!!! error TS2318: Cannot find global type 'Number'.
!!! error TS2318: Cannot find global type 'Object'.
!!! error TS2318: Cannot find global type 'RegExp'.
!!! error TS2318: Cannot find global type 'String'.",,,default
_submodules/TypeScript/tests/cases/compiler/strictTypeofUnionNarrowing.ts,,"strictTypeofUnionNarrowing.ts(2,43): error TS18048: 'anything' is possibly 'undefined'.
strictTypeofUnionNarrowing.ts(2,52): error TS2339: Property 'toUpperCase' does not exist on type '{ toString: () => string; }'.
strictTypeofUnionNarrowing.ts(6,43): error TS18048: 'anything' is possibly 'undefined'.
strictTypeofUnionNarrowing.ts(6,52): error TS2339: Property 'toUpperCase' does not exist on type 'object'.
strictTypeofUnionNarrowing.ts(10,43): error TS18048: 'anything' is possibly 'undefined'.
strictTypeofUnionNarrowing.ts(14,43): error TS18048: 'anything' is possibly 'undefined'.
strictTypeofUnionNarrowing.ts(14,52): error TS2339: Property 'toUpperCase' does not exist on type '{ toString: () => string; }'.
",,default
_submodules/TypeScript/tests/cases/compiler/stringLiteralPropertyNameWithLineContinuation1.ts,,"stringLiteralPropertyNameWithLineContinuation1.ts(3,3): error TS2339: Property 'text' does not exist on type '{ ""text\
"": string; }'.
",,default
_submodules/TypeScript/tests/cases/compiler/stripMembersOptionality.ts,,"stripMembersOptionality.ts(11,1): error TS2722: Cannot invoke an object which is possibly 'undefined'.
",,exactoptionalpropertytypes=false
_submodules/TypeScript/tests/cases/compiler/stripMembersOptionality.ts,,"stripMembersOptionality.ts(11,1): error TS2722: Cannot invoke an object which is possibly 'undefined'.
",,exactoptionalpropertytypes=true
_submodules/TypeScript/tests/cases/compiler/subtypeReductionUnionConstraints.ts,,"subtypeReductionUnionConstraints.ts(25,36): error TS2339: Property 'children' does not exist on type 'never'.
",,default
_submodules/TypeScript/tests/cases/compiler/superHasMethodsFromMergedInterface.ts,,"superHasMethodsFromMergedInterface.ts(5,15): error TS2339: Property 'm2' does not exist on type 'Sub'.
",,default
_submodules/TypeScript/tests/cases/compiler/taggedTemplateStringWithSymbolExpression01.ts,,"taggedTemplateStringWithSymbolExpression01.ts(6,5): error TS2322: Type '(template: any, val: symbol) => number' is not assignable to type 'number'.
taggedTemplateStringWithSymbolExpression01.ts(6,25): error TS1005: ',' expected.
",,default
_submodules/TypeScript/tests/cases/compiler/taggedTemplateStringsHexadecimalEscapes.ts,,"taggedTemplateStringsHexadecimalEscapes.ts(4,1): error TS1434: Unexpected keyword or identifier.
",,default
_submodules/TypeScript/tests/cases/compiler/taggedTemplateStringsHexadecimalEscapesES6.ts,,"taggedTemplateStringsHexadecimalEscapesES6.ts(4,1): error TS1434: Unexpected keyword or identifier.
",,default
_submodules/TypeScript/tests/cases/compiler/taggedTemplateStringsWithCurriedFunction.ts,,"taggedTemplateStringsWithCurriedFunction.ts(5,19): error TS1005: ';' expected.
taggedTemplateStringsWithCurriedFunction.ts(6,19): error TS1005: ';' expected.
taggedTemplateStringsWithCurriedFunction.ts(7,19): error TS1005: ';' expected.
taggedTemplateStringsWithCurriedFunction.ts(8,35): error TS1005: ';' expected.
taggedTemplateStringsWithCurriedFunction.ts(9,35): error TS1005: ';' expected.
",,target=es2015
_submodules/TypeScript/tests/cases/compiler/taggedTemplateStringsWithMultilineTemplate.ts,,"taggedTemplateStringsWithMultilineTemplate.ts(4,1): error TS1434: Unexpected keyword or identifier.
",,default
_submodules/TypeScript/tests/cases/compiler/taggedTemplateStringsWithMultilineTemplateES6.ts,,"taggedTemplateStringsWithMultilineTemplateES6.ts(4,1): error TS1434: Unexpected keyword or identifier.
",,default
_submodules/TypeScript/tests/cases/compiler/taggedTemplateStringsWithUnicodeEscapes.ts,,"taggedTemplateStringsWithUnicodeEscapes.ts(4,1): error TS1434: Unexpected keyword or identifier.
",,default
_submodules/TypeScript/tests/cases/compiler/taggedTemplateStringsWithUnicodeEscapesES6.ts,,"taggedTemplateStringsWithUnicodeEscapesES6.ts(4,1): error TS1434: Unexpected keyword or identifier.
",,default
_submodules/TypeScript/tests/cases/compiler/taggedTemplateStringsWithWhitespaceEscapes.ts,,"taggedTemplateStringsWithWhitespaceEscapes.ts(4,1): error TS1434: Unexpected keyword or identifier.
",,default
_submodules/TypeScript/tests/cases/compiler/taggedTemplateStringsWithWhitespaceEscapesES6.ts,,"taggedTemplateStringsWithWhitespaceEscapesES6.ts(4,1): error TS1434: Unexpected keyword or identifier.
",,default
_submodules/TypeScript/tests/cases/compiler/taggedTemplateWithoutDeclaredHelper.ts,,"error TS6053: File 'node_modules/tslib/index.d.ts' not found.
foo.ts(5,26): error TS1005: ',' expected.


!!! error TS6053: File 'node_modules/tslib/index.d.ts' not found.
",,target=es2015
_submodules/TypeScript/tests/cases/compiler/taggedTemplatesInDifferentScopes.ts,,"taggedTemplatesInDifferentScopes.ts(5,5): error TS1434: Unexpected keyword or identifier.
taggedTemplatesInDifferentScopes.ts(6,5): error TS1434: Unexpected keyword or identifier.
taggedTemplatesInDifferentScopes.ts(10,5): error TS1434: Unexpected keyword or identifier.
taggedTemplatesInDifferentScopes.ts(11,5): error TS1434: Unexpected keyword or identifier.
",,default
_submodules/TypeScript/tests/cases/compiler/taggedTemplatesInModuleAndGlobal.ts,,"global.ts(7,18): error TS1005: ';' expected.
global.ts(7,18): error TS7027: Unreachable code detected.
module.ts(7,14): error TS1005: ';' expected.
module.ts(7,14): error TS7027: Unreachable code detected.
",,target=es2015
_submodules/TypeScript/tests/cases/compiler/thisInTypeQuery.ts,,"thisInTypeQuery.ts(17,33): error TS2304: Cannot find name ''.
thisInTypeQuery.ts(26,24): error TS2304: Cannot find name 'this'.
",,default
_submodules/TypeScript/tests/cases/compiler/toStringOnPrimitives.ts,,"toStringOnPrimitives.ts(1,6): error TS2339: Property 'toString' does not exist on type 'true'.
toStringOnPrimitives.ts(3,7): error TS2339: Property 'toString' does not exist on type 'boolean'.
",,default
_submodules/TypeScript/tests/cases/compiler/trackedSymbolsNoCrash.ts,,"index.ts(6,5): error TS2552: Cannot find name 'node'. Did you mean 'Node'?
index.ts(6,9): error TS1005: ')' expected.
index.ts(6,11): error TS1155: 'const' declarations must be initialized.
index.ts(6,14): error TS1005: ',' expected.
index.ts(6,15): error TS1155: 'const' declarations must be initialized.
index.ts(6,20): error TS1005: ',' expected.
index.ts(6,22): error TS1155: 'const' declarations must be initialized.
index.ts(6,27): error TS1005: ',' expected.
index.ts(6,29): error TS1155: 'const' declarations must be initialized.
index.ts(7,3): error TS1128: Declaration or statement expected.
index.ts(7,4): error TS1128: Declaration or statement expected.
index.ts(7,6): error TS1434: Unexpected keyword or identifier.
index.ts(7,6): error TS2552: Cannot find name 'node'. Did you mean 'Node'?
index.ts(7,11): error TS2304: Cannot find name 'is'.
index.ts(7,11): error TS1228: A type predicate is only allowed in return type position for functions and methods.
index.ts(7,40): error TS2304: Cannot find name 'NodeType'.
index.ts(7,52): error TS1109: Expression expected.
index.ts(8,5): error TS2552: Cannot find name 'node'. Did you mean 'Node'?
index.ts(8,20): error TS2304: Cannot find name 'nodeType'.
",,default
_submodules/TypeScript/tests/cases/compiler/trailingCommasES5.ts,,"trailingCommasES5.ts(10,14): error TS1109: Expression expected.
trailingCommasES5.ts(11,11): error TS1109: Expression expected.
trailingCommasES5.ts(11,13): error TS1109: Expression expected.
",,target=es2015
_submodules/TypeScript/tests/cases/compiler/tripleSlashInCommentNotParsed.ts,,"error TS6053: File 'non-existing-file.d.ts' not found.


!!! error TS6053: File 'non-existing-file.d.ts' not found.
",,default
_submodules/TypeScript/tests/cases/compiler/tslibMissingHelper.ts,"/package1/index.ts(2,16): error TS2343: This syntax requires an imported helper named '__awaiter' which does not exist in 'tslib'. Consider upgrading your version of 'tslib'.
/package2/index.ts(2,16): error TS2343: This syntax requires an imported helper named '__awaiter' which does not exist in 'tslib'. Consider upgrading your version of 'tslib'.",,,default
_submodules/TypeScript/tests/cases/compiler/tslibMultipleMissingHelper.ts,"/package1/index.ts(2,16): error TS2343: This syntax requires an imported helper named '__awaiter' which does not exist in 'tslib'. Consider upgrading your version of 'tslib'.
/package1/other.ts(2,23): error TS2343: This syntax requires an imported helper named '__awaiter' which does not exist in 'tslib'. Consider upgrading your version of 'tslib'.
/package1/other.ts(3,32): error TS2343: This syntax requires an imported helper named '__rest' which does not exist in 'tslib'. Consider upgrading your version of 'tslib'.
/package2/index.ts(2,16): error TS2343: This syntax requires an imported helper named '__awaiter' which does not exist in 'tslib'. Consider upgrading your version of 'tslib'.",,,default
_submodules/TypeScript/tests/cases/compiler/tslibNotFoundDifferentModules.ts,"/package2/index.ts(2,16): error TS2354: This syntax requires an imported helper but module 'tslib' cannot be found.",,,default
_submodules/TypeScript/tests/cases/compiler/tsxDiscriminantPropertyInference.tsx,,"tsxDiscriminantPropertyInference.tsx(21,22): error TS7006: Parameter 's' implicitly has an 'any' type.
tsxDiscriminantPropertyInference.tsx(24,30): error TS7006: Parameter 'n' implicitly has an 'any' type.
tsxDiscriminantPropertyInference.tsx(27,34): error TS7006: Parameter 'n' implicitly has an 'any' type.
tsxDiscriminantPropertyInference.tsx(30,17): error TS7006: Parameter 'n' implicitly has an 'any' type.
",,default
_submodules/TypeScript/tests/cases/compiler/twiceNestedKeyofIndexInference.ts,,"twiceNestedKeyofIndexInference.ts(32,7): error TS2739: Type '{ [P in K]: T[P]; } & ({ [SK1 in K1]: { [P in keyof T]: ({ [P in K]: T[P]; })[P]; }; })[K1]' is missing the following properties from type 'State': a, d
",,default
_submodules/TypeScript/tests/cases/compiler/typeConstraintsWithConstructSignatures.ts,,"typeConstraintsWithConstructSignatures.ts(8,21): error TS2351: This expression is not constructable.
  Type 'T' has no construct signatures.
",,default
_submodules/TypeScript/tests/cases/compiler/typeGuardNarrowsIndexedAccessOfKnownProperty1.ts,,"typeGuardNarrowsIndexedAccessOfKnownProperty1.ts(24,26): error TS2366: Function lacks ending return statement and return type does not include 'undefined'.
typeGuardNarrowsIndexedAccessOfKnownProperty1.ts(27,36): error TS2339: Property 'width' does not exist on type 'never'.
typeGuardNarrowsIndexedAccessOfKnownProperty1.ts(28,57): error TS2339: Property 'radius' does not exist on type 'never'.
typeGuardNarrowsIndexedAccessOfKnownProperty1.ts(31,32): error TS2366: Function lacks ending return statement and return type does not include 'undefined'.
typeGuardNarrowsIndexedAccessOfKnownProperty1.ts(34,105): error TS2339: Property 'height' does not exist on type 'Square | Rectangle | Circle'.
typeGuardNarrowsIndexedAccessOfKnownProperty1.ts(35,65): error TS2339: Property 'radius' does not exist on type 'Square | Rectangle | Circle'.
typeGuardNarrowsIndexedAccessOfKnownProperty1.ts(78,5): error TS2322: Type 'string | undefined' is not assignable to type 'string'.
  Type 'undefined' is not assignable to type 'string'.
",,default
_submodules/TypeScript/tests/cases/compiler/typeGuardNarrowsIndexedAccessOfKnownProperty7.ts,,"typeGuardNarrowsIndexedAccessOfKnownProperty7.ts(6,5): error TS2564: Property '[Foo.key]' has no initializer and is not definitely assigned in the constructor.
",,default
_submodules/TypeScript/tests/cases/compiler/typeGuardNarrowsIndexedAccessOfKnownProperty8.ts,,"error TS6053: File 'a.ts' not found.
error TS6053: File 'b.ts' not found.


!!! error TS6053: File 'a.ts' not found.
!!! error TS6053: File 'b.ts' not found.
",,default
_submodules/TypeScript/tests/cases/compiler/typeInferenceCacheInvalidation.ts,,"typeInferenceCacheInvalidation.ts(13,13): error TS2322: Type 'TBar' is not assignable to type 'string'.
typeInferenceCacheInvalidation.ts(19,13): error TS2322: Type 'TBar' is not assignable to type 'string'.
",,default
_submodules/TypeScript/tests/cases/compiler/typeInferenceFBoundedTypeParams.ts,,"typeInferenceFBoundedTypeParams.ts(20,9): error TS2345: Argument of type 'string[]' is not assignable to parameter of type 'a'.
  'a' could be instantiated with an arbitrary type which could be unrelated to 'string[]'.
",,default
_submodules/TypeScript/tests/cases/compiler/typeInferenceLiteralUnion.ts,,"typeInferenceLiteralUnion.ts(35,1): error TS2322: Type '[string | number | boolean | Numeric | Date, string | number | boolean | Numeric | Date] | [undefined, undefined]' is not assignable to type '[string | number | boolean | Date | NumCoercible, string | number | boolean | Date | NumCoercible] | [undefined, undefined]'.
  Type '[string | number | boolean | Numeric | Date, string | number | boolean | Numeric | Date]' is not assignable to type '[string | number | boolean | Date | NumCoercible, string | number | boolean | Date | NumCoercible] | [undefined, undefined]'.
    Type 'Numeric' is not assignable to type 'string | number | boolean | Date | NumCoercible'.
      Type 'Numeric' is missing the following properties from type 'Date': toString, toDateString, toTimeString, toLocaleString, and 40 more.
",,default
_submodules/TypeScript/tests/cases/compiler/typeParameterLeak.ts,,"typeParameterLeak.ts(15,22): error TS2353: Object literal may only specify known properties, and 'y' does not exist in type '{ x: string; }'.
",,default
_submodules/TypeScript/tests/cases/compiler/typePartameterConstraintInstantiatedWithDefaultWhenCheckingDefault.ts,,"typePartameterConstraintInstantiatedWithDefaultWhenCheckingDefault.ts(10,14): error TS2540: Cannot assign to 'item' because it is a read-only property.
",,default
_submodules/TypeScript/tests/cases/compiler/typePredicateFreshLiteralWidening.ts,,"typePredicateFreshLiteralWidening.ts(22,7): error TS2322: Type '(string | null)[]' is not assignable to type 'Array<""1"" | ""2"" | null>'.
  The types returned by 'pop()' are incompatible between these types.
    Type 'string | null | undefined' is not assignable to type '""1"" | ""2"" | null | undefined'.
      Type 'string' is not assignable to type '""1"" | ""2"" | null | undefined'.
typePredicateFreshLiteralWidening.ts(25,51): error TS18047: 'item' is possibly 'null'.
typePredicateFreshLiteralWidening.ts(25,56): error TS2339: Property 'value' does not exist on type '""1"" | ""2""'.
",,default
_submodules/TypeScript/tests/cases/compiler/typePredicatesOptionalChaining1.ts,,"typePredicatesOptionalChaining1.ts(18,28): error TS18048: 'x.y' is possibly 'undefined'.
typePredicatesOptionalChaining1.ts(18,28): error TS2345: Argument of type 'string | undefined' is not assignable to parameter of type 'string'.
  Type 'undefined' is not assignable to type 'string'.
",,default
_submodules/TypeScript/tests/cases/compiler/typePredicatesOptionalChaining3.ts,,"typePredicatesOptionalChaining3.ts(20,12): error TS18048: 'animal.breed' is possibly 'undefined'.
",,default
_submodules/TypeScript/tests/cases/compiler/typeVariableConstraintIntersections.ts,,"typeVariableConstraintIntersections.ts(84,27): error TS2339: Property 's' does not exist on type '{ kind: ""one""; s: string; } | { kind: ""two""; x: number; y: number; } & { kind: K; }'.
typeVariableConstraintIntersections.ts(85,27): error TS2339: Property 'x' does not exist on type '{ kind: ""one""; s: string; } | { kind: ""two""; x: number; y: number; } & { kind: K; }'.
typeVariableConstraintIntersections.ts(85,44): error TS2339: Property 'y' does not exist on type '{ kind: ""one""; s: string; } | { kind: ""two""; x: number; y: number; } & { kind: K; }'.
",,default
_submodules/TypeScript/tests/cases/compiler/typeVariableTypeGuards.ts,,"typeVariableTypeGuards.ts(10,27): error TS2349: This expression is not callable.
  Type 'P[""foo""]' has no call signatures.
typeVariableTypeGuards.ts(51,9): error TS2349: This expression is not callable.
  Type 'T' has no call signatures.
typeVariableTypeGuards.ts(59,9): error TS2349: This expression is not callable.
  Type 'T' has no call signatures.
typeVariableTypeGuards.ts(67,9): error TS2349: This expression is not callable.
  Type 'T' has no call signatures.
typeVariableTypeGuards.ts(87,9): error TS2351: This expression is not constructable.
  Type 'T' has no construct signatures.
",,default
_submodules/TypeScript/tests/cases/compiler/typedGenericPrototypeMember.ts,,"typedGenericPrototypeMember.ts(5,20): error TS2345: Argument of type '""abc""' is not assignable to parameter of type 'T'.
  'T' could be instantiated with an arbitrary type which could be unrelated to '""abc""'.
",,default
_submodules/TypeScript/tests/cases/compiler/typeofInterface.ts,,"typeofInterface.ts(9,15): error TS2304: Cannot find name ''.
",,default
_submodules/TypeScript/tests/cases/compiler/typeofThisInMethodSignature.ts,,"typeofThisInMethodSignature.ts(5,14): error TS2304: Cannot find name ''.
",,default
_submodules/TypeScript/tests/cases/compiler/typeofUsedBeforeBlockScoped.ts,,"typeofUsedBeforeBlockScoped.ts(1,52): error TS2304: Cannot find name ''.
typeofUsedBeforeBlockScoped.ts(5,17): error TS2304: Cannot find name ''.
",,default
_submodules/TypeScript/tests/cases/compiler/umdGlobalConflict.ts,,"global.ts(2,19): error TS2304: Cannot find name 'Alpha'.
",,default
_submodules/TypeScript/tests/cases/compiler/underscoreMapFirst.ts,,"underscoreMapFirst.ts(45,9): error TS2322: Type 'T[]' is not assignable to type 'ISeries[]'.
underscoreMapFirst.ts(45,33): error TS2345: Argument of type '<T>(array: List<T>) => T' is not assignable to parameter of type 'ListIterator<ISeries[], T>'.
  Types of parameters 'array' and 'value' are incompatible.
    Type 'T' is not assignable to type 'List<TResult>'.
",,default
_submodules/TypeScript/tests/cases/compiler/unicodeEscapesInNames01.ts,,"IdentifierNameWithEscape1.ts(2,5): error TS1127: Invalid character.
IdentifierNameWithEscape1.ts(2,6): error TS2564: Property 'u0078' has no initializer and is not definitely assigned in the constructor.
IdentifierNameWithEscape1.ts(5,14): error TS1127: Invalid character.
IdentifierNameWithEscape1.ts(5,14): error TS2339: Property '\' does not exist on type 'IdentifierNameWithEscape1'.
IdentifierNameWithEscape1.ts(5,15): error TS1005: ';' expected.
IdentifierNameWithEscape1.ts(5,15): error TS2663: Cannot find name 'u0078'. Did you mean the instance member 'this.u0078'?
IdentifierNameWithEscape1.ts(9,14): error TS2339: Property 'x' does not exist on type 'IdentifierNameWithEscape1'.
IdentifierNameWithEscape2.ts(2,6): error TS1127: Invalid character.
IdentifierNameWithEscape2.ts(2,7): error TS2564: Property 'u0078' has no initializer and is not definitely assigned in the constructor.
IdentifierNameWithEscape2.ts(5,15): error TS1127: Invalid character.
IdentifierNameWithEscape2.ts(5,16): error TS2663: Cannot find name 'u0078'. Did you mean the instance member 'this.u0078'?
IdentifierNameWithEscape2.ts(9,14): error TS2339: Property 'xx' does not exist on type 'IdentifierNameWithEscape2'.
IdentifierNameWithExtendedEscape1.ts(2,5): error TS1127: Invalid character.
IdentifierNameWithExtendedEscape1.ts(2,6): error TS1434: Unexpected keyword or identifier.
IdentifierNameWithExtendedEscape1.ts(2,7): error TS1068: Unexpected token. A constructor, method, accessor, or property was expected.
IdentifierNameWithExtendedEscape1.ts(2,11): error TS1128: Declaration or statement expected.
IdentifierNameWithExtendedEscape1.ts(2,13): error TS2693: 'number' only refers to a type, but is being used as a value here.
IdentifierNameWithExtendedEscape1.ts(4,5): error TS2304: Cannot find name 'constructor'.
IdentifierNameWithExtendedEscape1.ts(4,19): error TS1005: ';' expected.
IdentifierNameWithExtendedEscape1.ts(5,14): error TS1127: Invalid character.
IdentifierNameWithExtendedEscape1.ts(5,15): error TS1005: ';' expected.
IdentifierNameWithExtendedEscape1.ts(5,15): error TS2304: Cannot find name 'u'.
IdentifierNameWithExtendedEscape1.ts(5,21): error TS1128: Declaration or statement expected.
IdentifierNameWithExtendedEscape1.ts(8,5): error TS2304: Cannot find name 'doThing'.
IdentifierNameWithExtendedEscape1.ts(8,15): error TS1005: ';' expected.
IdentifierNameWithExtendedEscape1.ts(11,1): error TS1128: Declaration or statement expected.
IdentifierNameWithExtendedEscape2.ts(2,6): error TS1127: Invalid character.
IdentifierNameWithExtendedEscape2.ts(2,7): error TS1434: Unexpected keyword or identifier.
IdentifierNameWithExtendedEscape2.ts(2,8): error TS1068: Unexpected token. A constructor, method, accessor, or property was expected.
IdentifierNameWithExtendedEscape2.ts(2,12): error TS1128: Declaration or statement expected.
IdentifierNameWithExtendedEscape2.ts(2,14): error TS2693: 'number' only refers to a type, but is being used as a value here.
IdentifierNameWithExtendedEscape2.ts(4,5): error TS2304: Cannot find name 'constructor'.
IdentifierNameWithExtendedEscape2.ts(4,19): error TS1005: ';' expected.
IdentifierNameWithExtendedEscape2.ts(5,15): error TS1127: Invalid character.
IdentifierNameWithExtendedEscape2.ts(5,16): error TS1434: Unexpected keyword or identifier.
IdentifierNameWithExtendedEscape2.ts(5,16): error TS2304: Cannot find name 'u'.
IdentifierNameWithExtendedEscape2.ts(5,22): error TS1128: Declaration or statement expected.
IdentifierNameWithExtendedEscape2.ts(8,5): error TS2304: Cannot find name 'doThing'.
IdentifierNameWithExtendedEscape2.ts(8,15): error TS1005: ';' expected.
IdentifierNameWithExtendedEscape2.ts(11,1): error TS1128: Declaration or statement expected.
PrivateIdentifierNameWithEscape1.ts(2,5): error TS1127: Invalid character.
PrivateIdentifierNameWithEscape1.ts(2,6): error TS1127: Invalid character.
PrivateIdentifierNameWithEscape1.ts(2,7): error TS2564: Property 'u0078' has no initializer and is not definitely assigned in the constructor.
PrivateIdentifierNameWithEscape1.ts(5,14): error TS1127: Invalid character.
PrivateIdentifierNameWithEscape1.ts(5,15): error TS1127: Invalid character.
PrivateIdentifierNameWithEscape1.ts(5,16): error TS2663: Cannot find name 'u0078'. Did you mean the instance member 'this.u0078'?
PrivateIdentifierNameWithEscape1.ts(9,14): error TS2339: Property '#x' does not exist on type 'PrivateIdentifierWithEscape1'.
PrivateIdentifierNameWithEscape2.ts(2,7): error TS1127: Invalid character.
PrivateIdentifierNameWithEscape2.ts(2,8): error TS2564: Property 'u0078' has no initializer and is not definitely assigned in the constructor.
PrivateIdentifierNameWithEscape2.ts(5,16): error TS1127: Invalid character.
PrivateIdentifierNameWithEscape2.ts(5,17): error TS2663: Cannot find name 'u0078'. Did you mean the instance member 'this.u0078'?
PrivateIdentifierNameWithEscape2.ts(9,14): error TS2339: Property '#xx' does not exist on type 'PrivateIdentifierWithEscape2'.
PrivateIdentifierNameWithExtendedEscape1.ts(2,5): error TS1127: Invalid character.
PrivateIdentifierNameWithExtendedEscape1.ts(2,6): error TS1127: Invalid character.
PrivateIdentifierNameWithExtendedEscape1.ts(2,7): error TS1434: Unexpected keyword or identifier.
PrivateIdentifierNameWithExtendedEscape1.ts(2,8): error TS1068: Unexpected token. A constructor, method, accessor, or property was expected.
PrivateIdentifierNameWithExtendedEscape1.ts(2,12): error TS1128: Declaration or statement expected.
PrivateIdentifierNameWithExtendedEscape1.ts(2,14): error TS2693: 'number' only refers to a type, but is being used as a value here.
PrivateIdentifierNameWithExtendedEscape1.ts(4,5): error TS2304: Cannot find name 'constructor'.
PrivateIdentifierNameWithExtendedEscape1.ts(4,19): error TS1005: ';' expected.
PrivateIdentifierNameWithExtendedEscape1.ts(5,14): error TS1127: Invalid character.
PrivateIdentifierNameWithExtendedEscape1.ts(5,15): error TS1127: Invalid character.
PrivateIdentifierNameWithExtendedEscape1.ts(5,16): error TS1434: Unexpected keyword or identifier.
PrivateIdentifierNameWithExtendedEscape1.ts(5,16): error TS2304: Cannot find name 'u'.
PrivateIdentifierNameWithExtendedEscape1.ts(5,22): error TS1128: Declaration or statement expected.
PrivateIdentifierNameWithExtendedEscape1.ts(8,5): error TS2304: Cannot find name 'doThing'.
PrivateIdentifierNameWithExtendedEscape1.ts(8,15): error TS1005: ';' expected.
PrivateIdentifierNameWithExtendedEscape1.ts(11,1): error TS1128: Declaration or statement expected.
PrivateIdentifierNameWithExtendedEscape2.ts(2,7): error TS1127: Invalid character.
PrivateIdentifierNameWithExtendedEscape2.ts(2,8): error TS1434: Unexpected keyword or identifier.
PrivateIdentifierNameWithExtendedEscape2.ts(2,9): error TS1068: Unexpected token. A constructor, method, accessor, or property was expected.
PrivateIdentifierNameWithExtendedEscape2.ts(2,13): error TS1128: Declaration or statement expected.
PrivateIdentifierNameWithExtendedEscape2.ts(2,15): error TS2693: 'number' only refers to a type, but is being used as a value here.
PrivateIdentifierNameWithExtendedEscape2.ts(4,5): error TS2304: Cannot find name 'constructor'.
PrivateIdentifierNameWithExtendedEscape2.ts(4,19): error TS1005: ';' expected.
PrivateIdentifierNameWithExtendedEscape2.ts(5,16): error TS1127: Invalid character.
PrivateIdentifierNameWithExtendedEscape2.ts(5,17): error TS1434: Unexpected keyword or identifier.
PrivateIdentifierNameWithExtendedEscape2.ts(5,17): error TS2304: Cannot find name 'u'.
PrivateIdentifierNameWithExtendedEscape2.ts(5,23): error TS1128: Declaration or statement expected.
PrivateIdentifierNameWithExtendedEscape2.ts(8,5): error TS2304: Cannot find name 'doThing'.
PrivateIdentifierNameWithExtendedEscape2.ts(8,15): error TS1005: ';' expected.
PrivateIdentifierNameWithExtendedEscape2.ts(11,1): error TS1128: Declaration or statement expected.
identifierVariableWithEscape1.ts(1,12): error TS1127: Invalid character.
identifierVariableWithEscape1.ts(2,1): error TS2304: Cannot find name 'x'.
identifierVariableWithEscape2.ts(1,13): error TS1127: Invalid character.
identifierVariableWithEscape2.ts(2,1): error TS2304: Cannot find name 'xx'.
identifierVariableWithExtendedEscape1.ts(1,12): error TS1127: Invalid character.
identifierVariableWithExtendedEscape1.ts(1,14): error TS1005: ',' expected.
identifierVariableWithExtendedEscape1.ts(1,17): error TS1005: ':' expected.
identifierVariableWithExtendedEscape1.ts(1,23): error TS1005: ',' expected.
identifierVariableWithExtendedEscape1.ts(2,1): error TS2304: Cannot find name 'x'.
identifierVariableWithExtendedEscape2.ts(1,13): error TS1127: Invalid character.
identifierVariableWithExtendedEscape2.ts(1,15): error TS1005: ',' expected.
identifierVariableWithExtendedEscape2.ts(1,18): error TS1005: ':' expected.
identifierVariableWithExtendedEscape2.ts(1,24): error TS1005: ',' expected.
identifierVariableWithExtendedEscape2.ts(2,1): error TS2304: Cannot find name 'xx'.
",,target=es2015
_submodules/TypeScript/tests/cases/compiler/unicodeEscapesInNames01.ts,,"IdentifierNameWithEscape1.ts(2,5): error TS1127: Invalid character.
IdentifierNameWithEscape1.ts(2,6): error TS2564: Property 'u0078' has no initializer and is not definitely assigned in the constructor.
IdentifierNameWithEscape1.ts(5,14): error TS1127: Invalid character.
IdentifierNameWithEscape1.ts(5,14): error TS2339: Property '\' does not exist on type 'IdentifierNameWithEscape1'.
IdentifierNameWithEscape1.ts(5,15): error TS1005: ';' expected.
IdentifierNameWithEscape1.ts(5,15): error TS2663: Cannot find name 'u0078'. Did you mean the instance member 'this.u0078'?
IdentifierNameWithEscape1.ts(9,14): error TS2339: Property 'x' does not exist on type 'IdentifierNameWithEscape1'.
IdentifierNameWithEscape2.ts(2,6): error TS1127: Invalid character.
IdentifierNameWithEscape2.ts(2,7): error TS2564: Property 'u0078' has no initializer and is not definitely assigned in the constructor.
IdentifierNameWithEscape2.ts(5,15): error TS1127: Invalid character.
IdentifierNameWithEscape2.ts(5,16): error TS2663: Cannot find name 'u0078'. Did you mean the instance member 'this.u0078'?
IdentifierNameWithEscape2.ts(9,14): error TS2339: Property 'xx' does not exist on type 'IdentifierNameWithEscape2'.
IdentifierNameWithExtendedEscape1.ts(2,5): error TS1127: Invalid character.
IdentifierNameWithExtendedEscape1.ts(2,6): error TS1434: Unexpected keyword or identifier.
IdentifierNameWithExtendedEscape1.ts(2,7): error TS1068: Unexpected token. A constructor, method, accessor, or property was expected.
IdentifierNameWithExtendedEscape1.ts(2,11): error TS1128: Declaration or statement expected.
IdentifierNameWithExtendedEscape1.ts(2,13): error TS2693: 'number' only refers to a type, but is being used as a value here.
IdentifierNameWithExtendedEscape1.ts(4,5): error TS2304: Cannot find name 'constructor'.
IdentifierNameWithExtendedEscape1.ts(4,19): error TS1005: ';' expected.
IdentifierNameWithExtendedEscape1.ts(5,14): error TS1127: Invalid character.
IdentifierNameWithExtendedEscape1.ts(5,15): error TS1005: ';' expected.
IdentifierNameWithExtendedEscape1.ts(5,15): error TS2304: Cannot find name 'u'.
IdentifierNameWithExtendedEscape1.ts(5,21): error TS1128: Declaration or statement expected.
IdentifierNameWithExtendedEscape1.ts(8,5): error TS2304: Cannot find name 'doThing'.
IdentifierNameWithExtendedEscape1.ts(8,15): error TS1005: ';' expected.
IdentifierNameWithExtendedEscape1.ts(11,1): error TS1128: Declaration or statement expected.
IdentifierNameWithExtendedEscape2.ts(2,6): error TS1127: Invalid character.
IdentifierNameWithExtendedEscape2.ts(2,7): error TS1434: Unexpected keyword or identifier.
IdentifierNameWithExtendedEscape2.ts(2,8): error TS1068: Unexpected token. A constructor, method, accessor, or property was expected.
IdentifierNameWithExtendedEscape2.ts(2,12): error TS1128: Declaration or statement expected.
IdentifierNameWithExtendedEscape2.ts(2,14): error TS2693: 'number' only refers to a type, but is being used as a value here.
IdentifierNameWithExtendedEscape2.ts(4,5): error TS2304: Cannot find name 'constructor'.
IdentifierNameWithExtendedEscape2.ts(4,19): error TS1005: ';' expected.
IdentifierNameWithExtendedEscape2.ts(5,15): error TS1127: Invalid character.
IdentifierNameWithExtendedEscape2.ts(5,16): error TS1434: Unexpected keyword or identifier.
IdentifierNameWithExtendedEscape2.ts(5,16): error TS2304: Cannot find name 'u'.
IdentifierNameWithExtendedEscape2.ts(5,22): error TS1128: Declaration or statement expected.
IdentifierNameWithExtendedEscape2.ts(8,5): error TS2304: Cannot find name 'doThing'.
IdentifierNameWithExtendedEscape2.ts(8,15): error TS1005: ';' expected.
IdentifierNameWithExtendedEscape2.ts(11,1): error TS1128: Declaration or statement expected.
PrivateIdentifierNameWithEscape1.ts(2,5): error TS1127: Invalid character.
PrivateIdentifierNameWithEscape1.ts(2,6): error TS1127: Invalid character.
PrivateIdentifierNameWithEscape1.ts(2,7): error TS2564: Property 'u0078' has no initializer and is not definitely assigned in the constructor.
PrivateIdentifierNameWithEscape1.ts(5,14): error TS1127: Invalid character.
PrivateIdentifierNameWithEscape1.ts(5,15): error TS1127: Invalid character.
PrivateIdentifierNameWithEscape1.ts(5,16): error TS2663: Cannot find name 'u0078'. Did you mean the instance member 'this.u0078'?
PrivateIdentifierNameWithEscape1.ts(9,14): error TS2339: Property '#x' does not exist on type 'PrivateIdentifierWithEscape1'.
PrivateIdentifierNameWithEscape2.ts(2,7): error TS1127: Invalid character.
PrivateIdentifierNameWithEscape2.ts(2,8): error TS2564: Property 'u0078' has no initializer and is not definitely assigned in the constructor.
PrivateIdentifierNameWithEscape2.ts(5,16): error TS1127: Invalid character.
PrivateIdentifierNameWithEscape2.ts(5,17): error TS2663: Cannot find name 'u0078'. Did you mean the instance member 'this.u0078'?
PrivateIdentifierNameWithEscape2.ts(9,14): error TS2339: Property '#xx' does not exist on type 'PrivateIdentifierWithEscape2'.
PrivateIdentifierNameWithExtendedEscape1.ts(2,5): error TS1127: Invalid character.
PrivateIdentifierNameWithExtendedEscape1.ts(2,6): error TS1127: Invalid character.
PrivateIdentifierNameWithExtendedEscape1.ts(2,7): error TS1434: Unexpected keyword or identifier.
PrivateIdentifierNameWithExtendedEscape1.ts(2,8): error TS1068: Unexpected token. A constructor, method, accessor, or property was expected.
PrivateIdentifierNameWithExtendedEscape1.ts(2,12): error TS1128: Declaration or statement expected.
PrivateIdentifierNameWithExtendedEscape1.ts(2,14): error TS2693: 'number' only refers to a type, but is being used as a value here.
PrivateIdentifierNameWithExtendedEscape1.ts(4,5): error TS2304: Cannot find name 'constructor'.
PrivateIdentifierNameWithExtendedEscape1.ts(4,19): error TS1005: ';' expected.
PrivateIdentifierNameWithExtendedEscape1.ts(5,14): error TS1127: Invalid character.
PrivateIdentifierNameWithExtendedEscape1.ts(5,15): error TS1127: Invalid character.
PrivateIdentifierNameWithExtendedEscape1.ts(5,16): error TS1434: Unexpected keyword or identifier.
PrivateIdentifierNameWithExtendedEscape1.ts(5,16): error TS2304: Cannot find name 'u'.
PrivateIdentifierNameWithExtendedEscape1.ts(5,22): error TS1128: Declaration or statement expected.
PrivateIdentifierNameWithExtendedEscape1.ts(8,5): error TS2304: Cannot find name 'doThing'.
PrivateIdentifierNameWithExtendedEscape1.ts(8,15): error TS1005: ';' expected.
PrivateIdentifierNameWithExtendedEscape1.ts(11,1): error TS1128: Declaration or statement expected.
PrivateIdentifierNameWithExtendedEscape2.ts(2,7): error TS1127: Invalid character.
PrivateIdentifierNameWithExtendedEscape2.ts(2,8): error TS1434: Unexpected keyword or identifier.
PrivateIdentifierNameWithExtendedEscape2.ts(2,9): error TS1068: Unexpected token. A constructor, method, accessor, or property was expected.
PrivateIdentifierNameWithExtendedEscape2.ts(2,13): error TS1128: Declaration or statement expected.
PrivateIdentifierNameWithExtendedEscape2.ts(2,15): error TS2693: 'number' only refers to a type, but is being used as a value here.
PrivateIdentifierNameWithExtendedEscape2.ts(4,5): error TS2304: Cannot find name 'constructor'.
PrivateIdentifierNameWithExtendedEscape2.ts(4,19): error TS1005: ';' expected.
PrivateIdentifierNameWithExtendedEscape2.ts(5,16): error TS1127: Invalid character.
PrivateIdentifierNameWithExtendedEscape2.ts(5,17): error TS1434: Unexpected keyword or identifier.
PrivateIdentifierNameWithExtendedEscape2.ts(5,17): error TS2304: Cannot find name 'u'.
PrivateIdentifierNameWithExtendedEscape2.ts(5,23): error TS1128: Declaration or statement expected.
PrivateIdentifierNameWithExtendedEscape2.ts(8,5): error TS2304: Cannot find name 'doThing'.
PrivateIdentifierNameWithExtendedEscape2.ts(8,15): error TS1005: ';' expected.
PrivateIdentifierNameWithExtendedEscape2.ts(11,1): error TS1128: Declaration or statement expected.
identifierVariableWithEscape1.ts(1,12): error TS1127: Invalid character.
identifierVariableWithEscape1.ts(2,1): error TS2304: Cannot find name 'x'.
identifierVariableWithEscape2.ts(1,13): error TS1127: Invalid character.
identifierVariableWithEscape2.ts(2,1): error TS2304: Cannot find name 'xx'.
identifierVariableWithExtendedEscape1.ts(1,12): error TS1127: Invalid character.
identifierVariableWithExtendedEscape1.ts(1,14): error TS1005: ',' expected.
identifierVariableWithExtendedEscape1.ts(1,17): error TS1005: ':' expected.
identifierVariableWithExtendedEscape1.ts(1,23): error TS1005: ',' expected.
identifierVariableWithExtendedEscape1.ts(2,1): error TS2304: Cannot find name 'x'.
identifierVariableWithExtendedEscape2.ts(1,13): error TS1127: Invalid character.
identifierVariableWithExtendedEscape2.ts(1,15): error TS1005: ',' expected.
identifierVariableWithExtendedEscape2.ts(1,18): error TS1005: ':' expected.
identifierVariableWithExtendedEscape2.ts(1,24): error TS1005: ',' expected.
identifierVariableWithExtendedEscape2.ts(2,1): error TS2304: Cannot find name 'xx'.
",,target=esnext
_submodules/TypeScript/tests/cases/compiler/unionOfFunctionAndSignatureIsCallable.ts,,"unionOfFunctionAndSignatureIsCallable.ts(2,15): error TS2349: This expression is not callable.
  Type 'Function' has no call signatures.
unionOfFunctionAndSignatureIsCallable.ts(4,15): error TS2349: This expression is not callable.
  Not all constituents of type 'Function | (() => object)' are callable.
    Type 'Function' has no call signatures.
unionOfFunctionAndSignatureIsCallable.ts(9,11): error TS2349: This expression is not callable.
  Not all constituents of type 'object | (() => object)' are callable.
    Type 'object' has no call signatures.
",,default
_submodules/TypeScript/tests/cases/compiler/unionRelationshipCheckPasses.ts,,"unionRelationshipCheckPasses.ts(1,7): error TS2322: Type '{ foo?: number | undefined; }' is not assignable to type '{ foo?: undefined; } | { foo: number; }'.
  Types of property 'foo' are incompatible.
    Type 'number | undefined' is not assignable to type 'undefined'.
      Type 'number' is not assignable to type 'undefined'.
",,default
_submodules/TypeScript/tests/cases/compiler/unionTypeWithIndexAndMethodSignature.ts,,"unionTypeWithIndexAndMethodSignature.ts(7,7): error TS7006: Parameter 'x' implicitly has an 'any' type.
",,default
_submodules/TypeScript/tests/cases/compiler/unknownPropertiesAreAssignableToObjectUnion.ts,,"unknownPropertiesAreAssignableToObjectUnion.ts(1,30): error TS2353: Object literal may only specify known properties, and 'x' does not exist in type 'string | Object'.
unknownPropertiesAreAssignableToObjectUnion.ts(2,33): error TS2353: Object literal may only specify known properties, and 'x' does not exist in type 'Object | undefined'.
",,default
_submodules/TypeScript/tests/cases/compiler/verbatim-declarations-parameters.ts,,"verbatim-declarations-parameters.ts(19,5): error TS1016: A required parameter cannot follow an optional parameter.
",,default
_submodules/TypeScript/tests/cases/compiler/wideningWithTopLevelTypeParameter.ts,,"wideningWithTopLevelTypeParameter.ts(13,15): error TS2345: Argument of type '7' is not assignable to parameter of type 'T | undefined'.
wideningWithTopLevelTypeParameter.ts(14,15): error TS2345: Argument of type '7' is not assignable to parameter of type 'T extends unknown ? T | undefined : never extends unknown ? T | undefined : never'.
wideningWithTopLevelTypeParameter.ts(15,15): error TS2345: Argument of type '7' is not assignable to parameter of type 'T extends unknown ? T | undefined : never extends unknown ? T | undefined : never extends unknown ? T | undefined : never'.
wideningWithTopLevelTypeParameter.ts(16,15): error TS2345: Argument of type '7' is not assignable to parameter of type 'T extends unknown ? T | undefined : never extends unknown ? T | undefined : never extends unknown ? T | undefined : never extends unknown ? T | undefined : never'.
wideningWithTopLevelTypeParameter.ts(24,27): error TS2345: Argument of type '""""' is not assignable to parameter of type 'T extends undefined ? never : T'.
wideningWithTopLevelTypeParameter.ts(36,28): error TS2345: Argument of type '""""' is not assignable to parameter of type 'T extends undefined ? never : string | T'.
",,default
_submodules/TypeScript/tests/cases/compiler/withStatementInternalComments.ts,,"withStatementInternalComments.ts(2,7): error TS2304: Cannot find name 'with'.
withStatementInternalComments.ts(2,46): error TS1005: ';' expected.
",,default
_submodules/TypeScript/tests/cases/compiler/yieldStarContextualType.ts,,"yieldStarContextualType.ts(3,16): error TS2355: A function whose declared type is neither 'undefined', 'void', nor 'any' must return a value.
",,default
_submodules/TypeScript/tests/cases/conformance/Symbols/ES5SymbolProperty1.ts,,"ES5SymbolProperty1.ts(7,6): error TS2454: Variable 'Symbol' is used before being assigned.
ES5SymbolProperty1.ts(10,5): error TS2454: Variable 'Symbol' is used before being assigned.
",,target=es2015
_submodules/TypeScript/tests/cases/conformance/ambient/ambientDeclarationsPatterns.ts,,"user.ts(2,24): error TS2307: Cannot find module 'foobarbaz' or its corresponding type declarations.
user.ts(5,20): error TS2307: Cannot find module 'foosball' or its corresponding type declarations.
user.ts(9,22): error TS2307: Cannot find module './file!text' or its corresponding type declarations.
",,default
_submodules/TypeScript/tests/cases/conformance/async/es2017/asyncAwait_es2017.ts,,"asyncAwait_es2017.ts(19,40): error TS2322: Type 'Promise<number>' is not assignable to type 'number'.
asyncAwait_es2017.ts(20,42): error TS2322: Type 'Promise<number>' is not assignable to type 'number'.
asyncAwait_es2017.ts(24,14): error TS2355: A function whose declared type is neither 'undefined', 'void', nor 'any' must return a value.
asyncAwait_es2017.ts(25,14): error TS2355: A function whose declared type is neither 'undefined', 'void', nor 'any' must return a value.
",,default
_submodules/TypeScript/tests/cases/conformance/async/es5/asyncAwait_es5.ts,,"asyncAwait_es5.ts(19,40): error TS2322: Type 'Promise<number>' is not assignable to type 'number'.
asyncAwait_es5.ts(20,42): error TS2322: Type 'Promise<number>' is not assignable to type 'number'.
asyncAwait_es5.ts(24,14): error TS2355: A function whose declared type is neither 'undefined', 'void', nor 'any' must return a value.
asyncAwait_es5.ts(25,14): error TS2355: A function whose declared type is neither 'undefined', 'void', nor 'any' must return a value.
",,target=es2015
_submodules/TypeScript/tests/cases/conformance/async/es6/asyncAwait_es6.ts,,"asyncAwait_es6.ts(19,40): error TS2322: Type 'Promise<number>' is not assignable to type 'number'.
asyncAwait_es6.ts(20,42): error TS2322: Type 'Promise<number>' is not assignable to type 'number'.
asyncAwait_es6.ts(24,14): error TS2355: A function whose declared type is neither 'undefined', 'void', nor 'any' must return a value.
asyncAwait_es6.ts(25,14): error TS2355: A function whose declared type is neither 'undefined', 'void', nor 'any' must return a value.
",,default
_submodules/TypeScript/tests/cases/conformance/asyncGenerators/asyncGeneratorGenericNonWrappedReturn.ts,,"asyncGeneratorGenericNonWrappedReturn.ts(4,3): error TS2322: Type 'T' is not assignable to type 'AsyncGenerator<T, T, T>'.
",,default
_submodules/TypeScript/tests/cases/conformance/asyncGenerators/asyncGeneratorPromiseNextType.ts,,"asyncGeneratorPromiseNextType.ts(35,32): error TS2345: Argument of type '{ [P in keyof T]: T[P] extends null | undefined ? T : T extends object & { then: (onfulfilled: F, args: _) => any; } ? F extends (value: V, args: _) => any ? V extends null | undefined ? T : ... : never : T; }' is not assignable to parameter of type '{ message: string; }[]'.
  Type '{ [P in keyof T]: T[P] extends null | undefined ? T : T extends object & { then: (onfulfilled: F, args: _) => any; } ? F extends (value: V, args: _) => any ? V extends null | undefined ? T : ... : never : T; }' is missing the following properties from type '{ message: string; }[]': length, pop, push, concat, and 35 more.
",,default
_submodules/TypeScript/tests/cases/conformance/classes/classDeclarations/classExtendingBuiltinType.ts,,"classExtendingBuiltinType.ts(9,18): error TS2314: Generic type 'Array<T>' requires 1 type argument(s).
",,default
_submodules/TypeScript/tests/cases/conformance/classes/classStaticBlock/classStaticBlock17.ts,,"classStaticBlock17.ts(4,3): error TS2564: Property '#x' has no initializer and is not definitely assigned in the constructor.
classStaticBlock17.ts(16,12): error TS7006: Parameter 'obj' implicitly has an 'any' type.
classStaticBlock17.ts(17,12): error TS7006: Parameter 'obj' implicitly has an 'any' type.
classStaticBlock17.ts(17,17): error TS7006: Parameter 'value' implicitly has an 'any' type.
",,default
_submodules/TypeScript/tests/cases/conformance/classes/members/accessibility/privateClassPropertyAccessibleWithinClass.ts,,"privateClassPropertyAccessibleWithinClass.ts(9,20): error TS2300: Duplicate identifier 'x'.
privateClassPropertyAccessibleWithinClass.ts(23,20): error TS2300: Duplicate identifier 'x'.
",,default
_submodules/TypeScript/tests/cases/conformance/classes/members/accessibility/protectedClassPropertyAccessibleWithinClass.ts,,"protectedClassPropertyAccessibleWithinClass.ts(9,22): error TS2300: Duplicate identifier 'x'.
protectedClassPropertyAccessibleWithinClass.ts(23,22): error TS2300: Duplicate identifier 'x'.
",,target=es2015
_submodules/TypeScript/tests/cases/conformance/classes/members/classTypes/genericSetterInClassType.ts,,"genericSetterInClassType.ts(10,5): error TS2322: Type 'number' is not assignable to type 'T'.
  'T' could be instantiated with an arbitrary type which could be unrelated to 'number'.
",,default
_submodules/TypeScript/tests/cases/conformance/classes/members/privateNames/privateNameAccessorsCallExpression.ts,,"privateNameAccessorsCallExpression.ts(14,37): error TS1005: ',' expected.
privateNameAccessorsCallExpression.ts(15,39): error TS1005: ';' expected.
",,default
_submodules/TypeScript/tests/cases/conformance/classes/members/privateNames/privateNameComputedPropertyName1.ts,,"privateNameComputedPropertyName1.ts(3,5): error TS2564: Property '#b' has no initializer and is not definitely assigned in the constructor.
privateNameComputedPropertyName1.ts(6,14): error TS2564: Property '#d' has no initializer and is not definitely assigned in the constructor.
privateNameComputedPropertyName1.ts(12,14): error TS2540: Cannot assign to '#d' because it is a read-only property.
",,target=es2015
_submodules/TypeScript/tests/cases/conformance/classes/members/privateNames/privateNameComputedPropertyName1.ts,,"privateNameComputedPropertyName1.ts(3,5): error TS2564: Property '#b' has no initializer and is not definitely assigned in the constructor.
privateNameComputedPropertyName1.ts(6,14): error TS2564: Property '#d' has no initializer and is not definitely assigned in the constructor.
privateNameComputedPropertyName1.ts(12,14): error TS2540: Cannot assign to '#d' because it is a read-only property.
",,target=es2022
_submodules/TypeScript/tests/cases/conformance/classes/members/privateNames/privateNameComputedPropertyName1.ts,,"privateNameComputedPropertyName1.ts(3,5): error TS2564: Property '#b' has no initializer and is not definitely assigned in the constructor.
privateNameComputedPropertyName1.ts(6,14): error TS2564: Property '#d' has no initializer and is not definitely assigned in the constructor.
privateNameComputedPropertyName1.ts(12,14): error TS2540: Cannot assign to '#d' because it is a read-only property.
",,target=esnext
_submodules/TypeScript/tests/cases/conformance/classes/members/privateNames/privateNameField.ts,,"privateNameField.ts(2,5): error TS2564: Property '#name' has no initializer and is not definitely assigned in the constructor.
",,default
_submodules/TypeScript/tests/cases/conformance/classes/members/privateNames/privateNameFieldCallExpression.ts,,"privateNameFieldCallExpression.ts(15,37): error TS1005: ',' expected.
privateNameFieldCallExpression.ts(16,39): error TS1005: ';' expected.
",,default
_submodules/TypeScript/tests/cases/conformance/classes/members/privateNames/privateNameFieldParenthesisLeftAssignment.ts,,"privateNameFieldParenthesisLeftAssignment.ts(2,5): error TS2564: Property '#p' has no initializer and is not definitely assigned in the constructor.
privateNameFieldParenthesisLeftAssignment.ts(9,9): error TS2364: The left-hand side of an assignment expression must be a variable or a property access.
privateNameFieldParenthesisLeftAssignment.ts(13,9): error TS2364: The left-hand side of an assignment expression must be a variable or a property access.
",,default
_submodules/TypeScript/tests/cases/conformance/classes/members/privateNames/privateNameMethodCallExpression.ts,,"privateNameMethodCallExpression.ts(9,9): error TS2350: Only a void function can be called with the 'new' keyword.
privateNameMethodCallExpression.ts(14,19): error TS2350: Only a void function can be called with the 'new' keyword.
privateNameMethodCallExpression.ts(15,34): error TS1005: ',' expected.
privateNameMethodCallExpression.ts(16,36): error TS1005: ';' expected.
privateNameMethodCallExpression.ts(20,49): error TS1005: ',' expected.
",,default
_submodules/TypeScript/tests/cases/conformance/classes/members/privateNames/privateNameStaticAccessorsCallExpression.ts,,"privateNameStaticAccessorsCallExpression.ts(14,37): error TS1005: ',' expected.
privateNameStaticAccessorsCallExpression.ts(15,36): error TS1005: ';' expected.
",,default
_submodules/TypeScript/tests/cases/conformance/classes/members/privateNames/privateNameStaticFieldCallExpression.ts,,"privateNameStaticFieldCallExpression.ts(15,34): error TS1005: ',' expected.
privateNameStaticFieldCallExpression.ts(16,36): error TS1005: ';' expected.
",,default
_submodules/TypeScript/tests/cases/conformance/classes/members/privateNames/privateNameStaticMethodCallExpression.ts,,"privateNameStaticMethodCallExpression.ts(9,9): error TS2350: Only a void function can be called with the 'new' keyword.
privateNameStaticMethodCallExpression.ts(14,19): error TS2350: Only a void function can be called with the 'new' keyword.
privateNameStaticMethodCallExpression.ts(15,32): error TS1005: ',' expected.
privateNameStaticMethodCallExpression.ts(16,31): error TS1005: ';' expected.
privateNameStaticMethodCallExpression.ts(20,44): error TS1005: ',' expected.
",,default
_submodules/TypeScript/tests/cases/conformance/classes/members/privateNames/privateNamesAndFields.ts,,"privateNamesAndFields.ts(2,5): error TS2564: Property '#foo' has no initializer and is not definitely assigned in the constructor.
privateNamesAndFields.ts(9,5): error TS2564: Property '#foo' has no initializer and is not definitely assigned in the constructor.
",,default
_submodules/TypeScript/tests/cases/conformance/classes/mixinAbstractClasses.ts,,"mixinAbstractClasses.ts(25,13): error TS2339: Property 'baseMethod' does not exist on type 'DerivedFromConcrete'.
mixinAbstractClasses.ts(26,13): error TS2339: Property 'mixinMethod' does not exist on type 'DerivedFromConcrete'.
mixinAbstractClasses.ts(34,13): error TS2339: Property 'mixinMethod' does not exist on type 'DerivedFromAbstract'.
",,default
_submodules/TypeScript/tests/cases/conformance/classes/mixinAccessors1.ts,,"mixinAccessors1.ts(6,7): error TS2322: Type 'HTMLElementTagNameMap[""a"" | ""abbr"" | ""address"" | ""area"" | ""article"" | ""aside"" | ""audio"" | ""b"" | ""base"" | ""bdi"" | ""bdo"" | ""blockquote"" | ""body"" | ""br"" | ""button"" | ""canvas"" | ""caption"" | ""cite"" | ""code"" | ""col"" | ""colgroup"" | ""data"" | ""datalist"" | ""dd"" | ""del"" | ""details"" | ""dfn"" | ""dialog"" | ""div"" | ""dl"" | ""dt"" | ""em"" | ""embed"" | ""fieldset"" | ""figcaption"" | ""figure"" | ""footer"" | ""form"" | ""h1"" | ""h2"" | ""h3"" | ""h4"" | ""h5"" | ""h6"" | ""head"" | ""header"" | ""hgroup"" | ""hr"" | ""html"" | ""i"" | ""iframe"" | ""img"" | ""input"" | ""ins"" | ""kbd"" | ""label"" | ""legend"" | ""li"" | ""link"" | ""main"" | ""map"" | ""mark"" | ""menu"" | ""meta"" | ""meter"" | ""nav"" | ""noscript"" | ""object"" | ""ol"" | ""optgroup"" | ""option"" | ""output"" | ""p"" | ""picture"" | ""pre"" | ""progress"" | ""q"" | ""rp"" | ""rt"" | ""ruby"" | ""s"" | ""samp"" | ""script"" | ""search"" | ""section"" | ""select"" | ""slot"" | ""small"" | ""source"" | ""span"" | ""strong"" | ""style"" | ""sub"" | ""summary"" | ""sup"" | ""table"" | ""tbody"" | ""td"" | ""template"" | ""textarea"" | ""tfoot"" | ""th"" | ""thead"" | ""time"" | ""title"" | ""tr"" | ""track"" | ""u"" | ""ul"" | ""var"" | ""video"" | ""wbr""]' is not assignable to type 'HTMLElement'.
mixinAccessors1.ts(13,5): error TS2322: Type 'HTMLElementTagNameMap[""a"" | ""abbr"" | ""address"" | ""area"" | ""article"" | ""aside"" | ""audio"" | ""b"" | ""base"" | ""bdi"" | ""bdo"" | ""blockquote"" | ""body"" | ""br"" | ""button"" | ""canvas"" | ""caption"" | ""cite"" | ""code"" | ""col"" | ""colgroup"" | ""data"" | ""datalist"" | ""dd"" | ""del"" | ""details"" | ""dfn"" | ""dialog"" | ""div"" | ""dl"" | ""dt"" | ""em"" | ""embed"" | ""fieldset"" | ""figcaption"" | ""figure"" | ""footer"" | ""form"" | ""h1"" | ""h2"" | ""h3"" | ""h4"" | ""h5"" | ""h6"" | ""head"" | ""header"" | ""hgroup"" | ""hr"" | ""html"" | ""i"" | ""iframe"" | ""img"" | ""input"" | ""ins"" | ""kbd"" | ""label"" | ""legend"" | ""li"" | ""link"" | ""main"" | ""map"" | ""mark"" | ""menu"" | ""meta"" | ""meter"" | ""nav"" | ""noscript"" | ""object"" | ""ol"" | ""optgroup"" | ""option"" | ""output"" | ""p"" | ""picture"" | ""pre"" | ""progress"" | ""q"" | ""rp"" | ""rt"" | ""ruby"" | ""s"" | ""samp"" | ""script"" | ""search"" | ""section"" | ""select"" | ""slot"" | ""small"" | ""source"" | ""span"" | ""strong"" | ""style"" | ""sub"" | ""summary"" | ""sup"" | ""table"" | ""tbody"" | ""td"" | ""template"" | ""textarea"" | ""tfoot"" | ""th"" | ""thead"" | ""time"" | ""title"" | ""tr"" | ""track"" | ""u"" | ""ul"" | ""var"" | ""video"" | ""wbr""]' is not assignable to type 'HTMLElement'.
mixinAccessors1.ts(19,5): error TS2322: Type 'HTMLElementTagNameMap[""a"" | ""abbr"" | ""address"" | ""area"" | ""article"" | ""aside"" | ""audio"" | ""b"" | ""base"" | ""bdi"" | ""bdo"" | ""blockquote"" | ""body"" | ""br"" | ""button"" | ""canvas"" | ""caption"" | ""cite"" | ""code"" | ""col"" | ""colgroup"" | ""data"" | ""datalist"" | ""dd"" | ""del"" | ""details"" | ""dfn"" | ""dialog"" | ""div"" | ""dl"" | ""dt"" | ""em"" | ""embed"" | ""fieldset"" | ""figcaption"" | ""figure"" | ""footer"" | ""form"" | ""h1"" | ""h2"" | ""h3"" | ""h4"" | ""h5"" | ""h6"" | ""head"" | ""header"" | ""hgroup"" | ""hr"" | ""html"" | ""i"" | ""iframe"" | ""img"" | ""input"" | ""ins"" | ""kbd"" | ""label"" | ""legend"" | ""li"" | ""link"" | ""main"" | ""map"" | ""mark"" | ""menu"" | ""meta"" | ""meter"" | ""nav"" | ""noscript"" | ""object"" | ""ol"" | ""optgroup"" | ""option"" | ""output"" | ""p"" | ""picture"" | ""pre"" | ""progress"" | ""q"" | ""rp"" | ""rt"" | ""ruby"" | ""s"" | ""samp"" | ""script"" | ""search"" | ""section"" | ""select"" | ""slot"" | ""small"" | ""source"" | ""span"" | ""strong"" | ""style"" | ""sub"" | ""summary"" | ""sup"" | ""table"" | ""tbody"" | ""td"" | ""template"" | ""textarea"" | ""tfoot"" | ""th"" | ""thead"" | ""time"" | ""title"" | ""tr"" | ""track"" | ""u"" | ""ul"" | ""var"" | ""video"" | ""wbr""]' is not assignable to type 'HTMLElement'.
",,default
_submodules/TypeScript/tests/cases/conformance/classes/mixinClassesAnnotated.ts,,"mixinClassesAnnotated.ts(21,33): error TS2339: Property 'x' does not exist on type 'þclass'.
mixinClassesAnnotated.ts(21,48): error TS2339: Property 'y' does not exist on type 'þclass'.
mixinClassesAnnotated.ts(51,23): error TS2351: This expression is not constructable.
  Type 'new (args: any[]) => Tagged & new (args: any[]) => Printable & { message: string; } & typeof Derived' has no construct signatures.
mixinClassesAnnotated.ts(60,14): error TS2339: Property '_tag' does not exist on type 'Thing3'.
mixinClassesAnnotated.ts(63,14): error TS2339: Property 'print' does not exist on type 'Thing3'.
",,default
_submodules/TypeScript/tests/cases/conformance/classes/mixinClassesAnonymous.ts,,"mixinClassesAnonymous.ts(16,29): error TS2339: Property 'x' does not exist on type 'þclass'.
mixinClassesAnonymous.ts(16,44): error TS2339: Property 'y' does not exist on type 'þclass'.
mixinClassesAnonymous.ts(51,14): error TS2339: Property '_tag' does not exist on type 'Thing3'.
mixinClassesAnonymous.ts(54,14): error TS2339: Property 'print' does not exist on type 'Thing3'.
",,default
_submodules/TypeScript/tests/cases/conformance/classes/mixinClassesMembers.ts,,"mixinClassesMembers.ts(12,12): error TS2300: Duplicate identifier 'p'.
mixinClassesMembers.ts(82,14): error TS2339: Property 'a' does not exist on type 'C2'.
mixinClassesMembers.ts(83,14): error TS2339: Property 'b' does not exist on type 'C2'.
mixinClassesMembers.ts(84,14): error TS2339: Property 'p' does not exist on type 'C2'.
mixinClassesMembers.ts(91,14): error TS2339: Property 'a' does not exist on type 'C3'.
mixinClassesMembers.ts(92,14): error TS2339: Property 'b' does not exist on type 'C3'.
mixinClassesMembers.ts(93,14): error TS2339: Property 'p' does not exist on type 'C3'.
",,default
_submodules/TypeScript/tests/cases/conformance/classes/propertyMemberDeclarations/memberFunctionDeclarations/memberFunctionsWithPublicOverloads.ts,,"memberFunctionsWithPublicOverloads.ts(4,12): error TS2391: Function implementation is missing or not immediately following the declaration.
memberFunctionsWithPublicOverloads.ts(9,12): error TS2391: Function implementation is missing or not immediately following the declaration.
memberFunctionsWithPublicOverloads.ts(24,12): error TS2391: Function implementation is missing or not immediately following the declaration.
memberFunctionsWithPublicOverloads.ts(29,12): error TS2391: Function implementation is missing or not immediately following the declaration.
",,default
_submodules/TypeScript/tests/cases/conformance/classes/propertyMemberDeclarations/staticPropertyNameConflictsInAmbientContext.ts,,"decl.d.ts(4,5): error TS2300: Duplicate identifier 'name'.
decl.d.ts(4,5): error TS2717: Subsequent property declarations must have the same type.  Property 'name' must be of type 'number', but here has type 'string'.
decl.d.ts(15,5): error TS2300: Duplicate identifier 'length'.
decl.d.ts(15,5): error TS2717: Subsequent property declarations must have the same type.  Property 'length' must be of type 'number', but here has type 'string'.
decl.d.ts(26,5): error TS2300: Duplicate identifier 'prototype'.
decl.d.ts(26,5): error TS2717: Subsequent property declarations must have the same type.  Property 'prototype' must be of type 'number', but here has type 'string'.
decl.d.ts(30,12): error TS2300: Duplicate identifier 'prototype'.
decl.d.ts(31,5): error TS2300: Duplicate identifier 'prototype'.
decl.d.ts(37,5): error TS2300: Duplicate identifier 'caller'.
decl.d.ts(37,5): error TS2717: Subsequent property declarations must have the same type.  Property 'caller' must be of type 'number', but here has type 'string'.
decl.d.ts(48,5): error TS2300: Duplicate identifier 'arguments'.
decl.d.ts(48,5): error TS2717: Subsequent property declarations must have the same type.  Property 'arguments' must be of type 'number', but here has type 'string'.
",,default
_submodules/TypeScript/tests/cases/conformance/classes/staticIndexSignature/staticIndexSignature6.ts,,"staticIndexSignature6.ts(3,9): error TS1071: 'static' modifier cannot appear on an index signature.
staticIndexSignature6.ts(4,9): error TS1071: 'static' modifier cannot appear on an index signature.
",,default
_submodules/TypeScript/tests/cases/conformance/controlFlow/constLocalsInFunctionExpressions.ts,,"constLocalsInFunctionExpressions.ts(6,27): error TS2339: Property 'length' does not exist on type 'string | number'.
constLocalsInFunctionExpressions.ts(15,23): error TS2339: Property 'length' does not exist on type 'string | number'.
constLocalsInFunctionExpressions.ts(21,41): error TS2339: Property 'length' does not exist on type 'string | number'.
constLocalsInFunctionExpressions.ts(30,37): error TS2339: Property 'length' does not exist on type 'string | number'.
constLocalsInFunctionExpressions.ts(36,33): error TS2339: Property 'length' does not exist on type 'string | number'.
",,default
_submodules/TypeScript/tests/cases/conformance/controlFlow/controlFlowAssignmentExpression.ts,,"controlFlowAssignmentExpression.ts(17,11): error TS2322: Type '1 | 2' is not assignable to type '1'.
  Type '2' is not assignable to type '1'.
",,default
_submodules/TypeScript/tests/cases/conformance/controlFlow/controlFlowAssignmentPatternOrder.ts,,"controlFlowAssignmentPatternOrder.ts(7,11): error TS2322: Type '0 | 1 | 9' is not assignable to type '0'.
  Type '1' is not assignable to type '0'.
controlFlowAssignmentPatternOrder.ts(13,11): error TS2322: Type '0 | 1 | 9' is not assignable to type '9'.
  Type '0' is not assignable to type '9'.
controlFlowAssignmentPatternOrder.ts(19,11): error TS2322: Type '0 | 1 | 8 | 9' is not assignable to type '0 | 8'.
  Type '1' is not assignable to type '0 | 8'.
controlFlowAssignmentPatternOrder.ts(25,11): error TS2322: Type '0 | 1 | 8 | 9' is not assignable to type '0 | 8'.
  Type '1' is not assignable to type '0 | 8'.
controlFlowAssignmentPatternOrder.ts(32,11): error TS2322: Type '0 | 1 | 9' is not assignable to type '0'.
  Type '1' is not assignable to type '0'.
controlFlowAssignmentPatternOrder.ts(38,11): error TS2322: Type '0 | 1 | 9' is not assignable to type '9'.
  Type '0' is not assignable to type '9'.
controlFlowAssignmentPatternOrder.ts(44,11): error TS2322: Type '0 | 1 | 8 | 9' is not assignable to type '0 | 8'.
  Type '1' is not assignable to type '0 | 8'.
controlFlowAssignmentPatternOrder.ts(50,11): error TS2322: Type '0 | 1 | 8 | 9' is not assignable to type '0 | 8'.
  Type '1' is not assignable to type '0 | 8'.
controlFlowAssignmentPatternOrder.ts(57,11): error TS2322: Type '0 | 1 | 9' is not assignable to type '0'.
  Type '1' is not assignable to type '0'.
controlFlowAssignmentPatternOrder.ts(63,11): error TS2322: Type '0 | 1 | 9' is not assignable to type '9'.
  Type '0' is not assignable to type '9'.
controlFlowAssignmentPatternOrder.ts(69,11): error TS2322: Type '0 | 1 | 8 | 9' is not assignable to type '0 | 8'.
  Type '1' is not assignable to type '0 | 8'.
controlFlowAssignmentPatternOrder.ts(75,11): error TS2322: Type '0 | 1 | 8 | 9' is not assignable to type '0 | 8'.
  Type '1' is not assignable to type '0 | 8'.
",,default
_submodules/TypeScript/tests/cases/conformance/controlFlow/controlFlowForOfStatement.ts,,"controlFlowForOfStatement.ts(7,15): error TS2339: Property 'toExponential' does not exist on type 'string | number | boolean | RegExp'.
",,default
_submodules/TypeScript/tests/cases/conformance/controlFlow/controlFlowInstanceOfGuardPrimitives.ts,,"controlFlowInstanceOfGuardPrimitives.ts(3,53): error TS2339: Property 'getFullYear' does not exist on type 'string | number | Date'.
controlFlowInstanceOfGuardPrimitives.ts(5,62): error TS2339: Property 'length' does not exist on type 'never'.
controlFlowInstanceOfGuardPrimitives.ts(7,54): error TS2339: Property 'toPrecision' does not exist on type 'never'.
",,default
_submodules/TypeScript/tests/cases/conformance/controlFlow/controlFlowInstanceofExtendsFunction.ts,,"controlFlowInstanceofExtendsFunction.ts(26,15): error TS2339: Property 'now' does not exist on type 'typeof Y'.
",,default
_submodules/TypeScript/tests/cases/conformance/controlFlow/controlFlowNoIntermediateErrors.ts,,"controlFlowNoIntermediateErrors.ts(5,11): error TS2322: Type 'number[]' is not assignable to type '(0 | 1 | 2)[]'.
controlFlowNoIntermediateErrors.ts(8,13): error TS2322: Type 'number' is not assignable to type '0 | 1 | 2'.
controlFlowNoIntermediateErrors.ts(8,20): error TS2367: This comparison appears to be unintentional because the types '0' and '2' have no overlap.
controlFlowNoIntermediateErrors.ts(19,9): error TS2322: Type 'number' is not assignable to type '0 | 1'.
",,default
_submodules/TypeScript/tests/cases/conformance/controlFlow/controlFlowOptionalChain2.ts,,"controlFlowOptionalChain2.ts(17,8): error TS2339: Property 'name' does not exist on type '{ type: ""A""; name: string; } | { type: ""B""; } | undefined'.
controlFlowOptionalChain2.ts(27,8): error TS2339: Property 'name' does not exist on type '{ type: ""A""; name: string; } | { type: ""B""; } | null'.
",,default
_submodules/TypeScript/tests/cases/conformance/controlFlow/controlFlowWithTemplateLiterals.ts,,"controlFlowWithTemplateLiterals.ts(3,3): error TS18048: 'envVar' is possibly 'undefined'.
controlFlowWithTemplateLiterals.ts(8,7): error TS2339: Property 'test' does not exist on type '{ test: string; } | object'.
",,default
_submodules/TypeScript/tests/cases/conformance/controlFlow/dependentDestructuredVariablesFromNestedPatterns.ts,,"dependentDestructuredVariablesFromNestedPatterns.ts(20,34): error TS2339: Property 'allSettled' does not exist on type 'PromiseConstructor'.
dependentDestructuredVariablesFromNestedPatterns.ts(22,24): error TS7006: Parameter 'result' implicitly has an 'any' type.
",,default
_submodules/TypeScript/tests/cases/conformance/controlFlow/typeGuardsNestedAssignments.ts,,"typeGuardsNestedAssignments.ts(44,20): error TS18047: 'match' is possibly 'null'.
typeGuardsNestedAssignments.ts(44,38): error TS18047: 'match' is possibly 'null'.
",,default
_submodules/TypeScript/tests/cases/conformance/controlFlow/typeGuardsTypeParameters.ts,,"typeGuardsTypeParameters.ts(10,13): error TS2322: Type 'T' is not assignable to type 'C'.
typeGuardsTypeParameters.ts(19,11): error TS2339: Property 'length' does not exist on type 'never'.
",,default
_submodules/TypeScript/tests/cases/conformance/declarationEmit/libReferenceNoLib.ts,,,,default
_submodules/TypeScript/tests/cases/conformance/declarationEmit/typesVersionsDeclarationEmit.multiFileBackReferenceToSelf.ts,,,,default
_submodules/TypeScript/tests/cases/conformance/decorators/class/decoratorOnClass3.ts,,"decoratorOnClass3.ts(4,1): error TS1005: '{' expected.
",,target=es2015
_submodules/TypeScript/tests/cases/conformance/decorators/class/method/decoratorOnClassMethod13.ts,,"decoratorOnClassMethod13.ts(4,18): error TS1003: Identifier expected.
decoratorOnClassMethod13.ts(6,1): error TS1128: Declaration or statement expected.
",,default
_submodules/TypeScript/tests/cases/conformance/decorators/class/method/decoratorOnClassMethod19.ts,,"decoratorOnClassMethod19.ts(14,5): error TS2391: Function implementation is missing or not immediately following the declaration.
decoratorOnClassMethod19.ts(14,7): error TS1138: Parameter declaration expected.
decoratorOnClassMethod19.ts(14,35): error TS1434: Unexpected keyword or identifier.
decoratorOnClassMethod19.ts(14,36): error TS1068: Unexpected token. A constructor, method, accessor, or property was expected.
decoratorOnClassMethod19.ts(14,38): error TS1068: Unexpected token. A constructor, method, accessor, or property was expected.
decoratorOnClassMethod19.ts(15,1): error TS1128: Declaration or statement expected.
",,target=es2015
_submodules/TypeScript/tests/cases/conformance/decorators/class/method/decoratorOnClassMethod19.ts,,"decoratorOnClassMethod19.ts(14,5): error TS2391: Function implementation is missing or not immediately following the declaration.
decoratorOnClassMethod19.ts(14,7): error TS1138: Parameter declaration expected.
decoratorOnClassMethod19.ts(14,35): error TS1434: Unexpected keyword or identifier.
decoratorOnClassMethod19.ts(14,36): error TS1068: Unexpected token. A constructor, method, accessor, or property was expected.
decoratorOnClassMethod19.ts(14,38): error TS1068: Unexpected token. A constructor, method, accessor, or property was expected.
decoratorOnClassMethod19.ts(15,1): error TS1128: Declaration or statement expected.
",,target=es2022
_submodules/TypeScript/tests/cases/conformance/decorators/class/method/decoratorOnClassMethod19.ts,,"decoratorOnClassMethod19.ts(14,5): error TS2391: Function implementation is missing or not immediately following the declaration.
decoratorOnClassMethod19.ts(14,7): error TS1138: Parameter declaration expected.
decoratorOnClassMethod19.ts(14,35): error TS1434: Unexpected keyword or identifier.
decoratorOnClassMethod19.ts(14,36): error TS1068: Unexpected token. A constructor, method, accessor, or property was expected.
decoratorOnClassMethod19.ts(14,38): error TS1068: Unexpected token. A constructor, method, accessor, or property was expected.
decoratorOnClassMethod19.ts(15,1): error TS1128: Declaration or statement expected.
",,target=esnext
_submodules/TypeScript/tests/cases/conformance/decorators/class/method/decoratorOnClassMethod4.ts,,"decoratorOnClassMethod4.ts(4,23): error TS1003: Identifier expected.
decoratorOnClassMethod4.ts(5,1): error TS1128: Declaration or statement expected.
",,default
_submodules/TypeScript/tests/cases/conformance/decorators/class/method/decoratorOnClassMethod5.ts,,"decoratorOnClassMethod5.ts(4,25): error TS1003: Identifier expected.
decoratorOnClassMethod5.ts(5,1): error TS1128: Declaration or statement expected.
",,default
_submodules/TypeScript/tests/cases/conformance/decorators/class/method/parameter/decoratorOnClassMethodParameter1.ts,,"decoratorOnClassMethodParameter1.ts(4,5): error TS2391: Function implementation is missing or not immediately following the declaration.
decoratorOnClassMethodParameter1.ts(4,5): error TS7010: 'method', which lacks return-type annotation, implicitly has an 'any' return type.
decoratorOnClassMethodParameter1.ts(4,12): error TS1138: Parameter declaration expected.
decoratorOnClassMethodParameter1.ts(4,17): error TS2564: Property 'p' has no initializer and is not definitely assigned in the constructor.
decoratorOnClassMethodParameter1.ts(4,26): error TS1442: Expected '=' for property initializer.
decoratorOnClassMethodParameter1.ts(4,28): error TS1068: Unexpected token. A constructor, method, accessor, or property was expected.
decoratorOnClassMethodParameter1.ts(5,1): error TS1128: Declaration or statement expected.
",,target=es2015
_submodules/TypeScript/tests/cases/conformance/decorators/class/method/parameter/decoratorOnClassMethodParameter2.ts,,"decoratorOnClassMethodParameter2.ts(4,5): error TS2391: Function implementation is missing or not immediately following the declaration.
decoratorOnClassMethodParameter2.ts(4,5): error TS7010: 'method', which lacks return-type annotation, implicitly has an 'any' return type.
decoratorOnClassMethodParameter2.ts(4,21): error TS1138: Parameter declaration expected.
decoratorOnClassMethodParameter2.ts(4,26): error TS2564: Property 'p' has no initializer and is not definitely assigned in the constructor.
decoratorOnClassMethodParameter2.ts(4,35): error TS1442: Expected '=' for property initializer.
decoratorOnClassMethodParameter2.ts(4,37): error TS1068: Unexpected token. A constructor, method, accessor, or property was expected.
decoratorOnClassMethodParameter2.ts(5,1): error TS1128: Declaration or statement expected.
",,target=es2015
_submodules/TypeScript/tests/cases/conformance/decorators/legacyDecorators-contextualTypes.ts,,"legacyDecorators-contextualTypes.ts(3,5): error TS2390: Constructor implementation is missing.
legacyDecorators-contextualTypes.ts(3,17): error TS1138: Parameter declaration expected.
legacyDecorators-contextualTypes.ts(3,42): error TS1442: Expected '=' for property initializer.
legacyDecorators-contextualTypes.ts(3,44): error TS1068: Unexpected token. A constructor, method, accessor, or property was expected.
legacyDecorators-contextualTypes.ts(6,12): error TS2304: Cannot find name 'f'.
legacyDecorators-contextualTypes.ts(6,16): error TS1005: ';' expected.
legacyDecorators-contextualTypes.ts(9,12): error TS1435: Unknown keyword or identifier. Did you mean 'get'?
legacyDecorators-contextualTypes.ts(9,12): error TS2304: Cannot find name 'get'.
legacyDecorators-contextualTypes.ts(9,16): error TS2304: Cannot find name 'x'.
legacyDecorators-contextualTypes.ts(9,20): error TS1005: ';' expected.
legacyDecorators-contextualTypes.ts(9,22): error TS1108: A 'return' statement can only be used within a function body.
legacyDecorators-contextualTypes.ts(10,5): error TS1435: Unknown keyword or identifier. Did you mean 'static'?
legacyDecorators-contextualTypes.ts(10,5): error TS2304: Cannot find name 'static'.
legacyDecorators-contextualTypes.ts(10,12): error TS1435: Unknown keyword or identifier. Did you mean 'set'?
legacyDecorators-contextualTypes.ts(10,12): error TS2552: Cannot find name 'set'. Did you mean 'Set'?
legacyDecorators-contextualTypes.ts(10,16): error TS2304: Cannot find name 'x'.
legacyDecorators-contextualTypes.ts(10,18): error TS2304: Cannot find name 'value'.
legacyDecorators-contextualTypes.ts(10,25): error TS1005: ';' expected.
legacyDecorators-contextualTypes.ts(13,21): error TS2304: Cannot find name 'y'.
legacyDecorators-contextualTypes.ts(16,12): error TS2304: Cannot find name 'z'.
legacyDecorators-contextualTypes.ts(19,5): error TS2304: Cannot find name 'g'.
legacyDecorators-contextualTypes.ts(19,9): error TS1005: ';' expected.
legacyDecorators-contextualTypes.ts(22,5): error TS1435: Unknown keyword or identifier. Did you mean 'get'?
legacyDecorators-contextualTypes.ts(22,5): error TS2304: Cannot find name 'get'.
legacyDecorators-contextualTypes.ts(22,9): error TS2304: Cannot find name 'a'.
legacyDecorators-contextualTypes.ts(22,13): error TS1005: ';' expected.
legacyDecorators-contextualTypes.ts(22,15): error TS1108: A 'return' statement can only be used within a function body.
legacyDecorators-contextualTypes.ts(23,5): error TS1435: Unknown keyword or identifier. Did you mean 'set'?
legacyDecorators-contextualTypes.ts(23,5): error TS2552: Cannot find name 'set'. Did you mean 'Set'?
legacyDecorators-contextualTypes.ts(23,9): error TS2304: Cannot find name 'a'.
legacyDecorators-contextualTypes.ts(23,11): error TS2304: Cannot find name 'value'.
legacyDecorators-contextualTypes.ts(23,18): error TS1005: ';' expected.
legacyDecorators-contextualTypes.ts(26,14): error TS2304: Cannot find name 'b'.
legacyDecorators-contextualTypes.ts(29,5): error TS2552: Cannot find name 'c'. Did you mean 'C'?
legacyDecorators-contextualTypes.ts(31,5): error TS1435: Unknown keyword or identifier. Did you mean 'static'?
legacyDecorators-contextualTypes.ts(31,5): error TS2304: Cannot find name 'static'.
legacyDecorators-contextualTypes.ts(31,12): error TS2304: Cannot find name 'h'.
legacyDecorators-contextualTypes.ts(31,14): error TS1109: Expression expected.
legacyDecorators-contextualTypes.ts(31,17): error TS7006: Parameter 't' implicitly has an 'any' type.
legacyDecorators-contextualTypes.ts(31,20): error TS7006: Parameter 'k' implicitly has an 'any' type.
legacyDecorators-contextualTypes.ts(31,23): error TS7006: Parameter 'i' implicitly has an 'any' type.
legacyDecorators-contextualTypes.ts(31,33): error TS1005: ',' expected.
legacyDecorators-contextualTypes.ts(31,33): error TS2304: Cannot find name 'p'.
legacyDecorators-contextualTypes.ts(31,34): error TS1005: ',' expected.
legacyDecorators-contextualTypes.ts(31,36): error TS2693: 'any' only refers to a type, but is being used as a value here.
legacyDecorators-contextualTypes.ts(31,41): error TS1005: ';' expected.
legacyDecorators-contextualTypes.ts(32,5): error TS2304: Cannot find name 'h'.
legacyDecorators-contextualTypes.ts(32,7): error TS1109: Expression expected.
legacyDecorators-contextualTypes.ts(32,10): error TS7006: Parameter 't' implicitly has an 'any' type.
legacyDecorators-contextualTypes.ts(32,13): error TS7006: Parameter 'k' implicitly has an 'any' type.
legacyDecorators-contextualTypes.ts(32,16): error TS7006: Parameter 'i' implicitly has an 'any' type.
legacyDecorators-contextualTypes.ts(32,26): error TS1005: ',' expected.
legacyDecorators-contextualTypes.ts(32,26): error TS2304: Cannot find name 'p'.
legacyDecorators-contextualTypes.ts(32,27): error TS1005: ',' expected.
legacyDecorators-contextualTypes.ts(32,29): error TS2693: 'any' only refers to a type, but is being used as a value here.
legacyDecorators-contextualTypes.ts(32,34): error TS1005: ';' expected.
legacyDecorators-contextualTypes.ts(33,1): error TS1128: Declaration or statement expected.
",,default
_submodules/TypeScript/tests/cases/conformance/decorators/missingDecoratorType.ts,,,,target=es2015
_submodules/TypeScript/tests/cases/conformance/dynamicImport/importCallExpression1ES2020.ts,,"1.ts(3,9): error TS7006: Parameter 'zero' implicitly has an 'any' type.
",,default
_submodules/TypeScript/tests/cases/conformance/dynamicImport/importCallExpression2ES2020.ts,,"2.ts(3,27): error TS2339: Property 'B' does not exist on type 'IteratorYieldResult<T> | IteratorReturnResult<error>'.
",,default
_submodules/TypeScript/tests/cases/conformance/dynamicImport/importCallExpression3ES2020.ts,,"2.ts(4,7): error TS2339: Property 'print' does not exist on type 'C'.
",,default
_submodules/TypeScript/tests/cases/conformance/dynamicImport/importCallExpressionInCJS1.ts,,"1.ts(3,9): error TS7006: Parameter 'zero' implicitly has an 'any' type.
",,default
_submodules/TypeScript/tests/cases/conformance/dynamicImport/importCallExpressionInCJS3.ts,,"2.ts(4,27): error TS2339: Property 'B' does not exist on type 'IteratorYieldResult<T> | IteratorReturnResult<error>'.
",,default
_submodules/TypeScript/tests/cases/conformance/dynamicImport/importCallExpressionInCJS4.ts,,"2.ts(4,7): error TS2339: Property 'print' does not exist on type 'C'.
",,default
_submodules/TypeScript/tests/cases/conformance/dynamicImport/importCallExpressionReturnPromiseOfAny.ts,,"1.ts(12,5): error TS2403: Subsequent variable declarations must have the same type.  Variable 'p1' must be of type 'any', but here has type 'Promise<any>'.
1.ts(16,17): error TS2339: Property 'foo' does not exist on type 'IteratorYieldResult<T> | IteratorReturnResult<error>'.
",,default
_submodules/TypeScript/tests/cases/conformance/dynamicImport/importCallExpressionShouldNotGetParen.ts,,"importCallExpressionShouldNotGetParen.ts(2,43): error TS7006: Parameter 'bar' implicitly has an 'any' type.
importCallExpressionShouldNotGetParen.ts(6,48): error TS7006: Parameter 'bar' implicitly has an 'any' type.
",,default
_submodules/TypeScript/tests/cases/conformance/emitter/es2015/asyncGenerators/emitter.asyncGenerators.objectLiteralMethods.es2015.ts,,"O2.ts(3,19): error TS1212: Identifier expected. 'yield' is a reserved word in strict mode.
O2.ts(3,19): error TS2304: Cannot find name 'yield'.
",,default
_submodules/TypeScript/tests/cases/conformance/emitter/es2018/asyncGenerators/emitter.asyncGenerators.objectLiteralMethods.es2018.ts,,"O2.ts(3,19): error TS1212: Identifier expected. 'yield' is a reserved word in strict mode.
O2.ts(3,19): error TS2304: Cannot find name 'yield'.
",,default
_submodules/TypeScript/tests/cases/conformance/emitter/es5/asyncGenerators/emitter.asyncGenerators.objectLiteralMethods.es5.ts,,"O2.ts(3,19): error TS1212: Identifier expected. 'yield' is a reserved word in strict mode.
O2.ts(3,19): error TS2304: Cannot find name 'yield'.
",,target=es2015
_submodules/TypeScript/tests/cases/conformance/enums/enumBasics.ts,,"enumBasics.ts(23,5): error TS2403: Subsequent variable declarations must have the same type.  Variable 's' must be of type 'any', but here has type 'string'.
",,default
_submodules/TypeScript/tests/cases/conformance/es2017/useObjectValuesAndEntries1.ts,,"useObjectValuesAndEntries1.ts(13,33): error TS2353: Object literal may only specify known properties, and 'a' does not exist in type 'object'.
useObjectValuesAndEntries1.ts(14,31): error TS2353: Object literal may only specify known properties, and 'a' does not exist in type 'object'.
",,target=es2015
_submodules/TypeScript/tests/cases/conformance/es2018/es2018IntlAPIs.ts,,"es2018IntlAPIs.ts(5,58): error TS2345: Argument of type '{ localeMatcher: string; }' is not assignable to parameter of type '{ localeMatcher?: ""lookup"" | ""best fit"" | undefined; }'.
  Types of property 'localeMatcher' are incompatible.
    Type 'string' is not assignable to type '""lookup"" | ""best fit"" | undefined'.
es2018IntlAPIs.ts(7,42): error TS2339: Property 'formatToParts' does not exist on type 'NumberFormat'.
",,default
_submodules/TypeScript/tests/cases/conformance/es2018/usePromiseFinally.ts,,"usePromiseFinally.ts(1,28): error TS2345: Argument of type '(resolve: (value: unknown | PromiseLike<unknown>) => void, reject: (reason: any | undefined) => void) => void' is not assignable to parameter of type '(resolve: (value: T | PromiseLike<T>) => void, reject: (reason: any | undefined) => void) => void'.
  Types of parameters 'resolve' and 'resolve' are incompatible.
    Type '(value: T | PromiseLike<T>) => void' is not assignable to type '(value: unknown | PromiseLike<unknown>) => void'.
      Types of parameters 'value' and 'value' are incompatible.
        Type 'unknown | PromiseLike<unknown>' is not assignable to type 'T | PromiseLike<T>'.
          Type 'unknown' is not assignable to type 'T | PromiseLike<T>'.
usePromiseFinally.ts(2,18): error TS2339: Property 'finally' does not exist on type 'Promise<T>'.
",,target=es2015
_submodules/TypeScript/tests/cases/conformance/es2019/importMeta/importMetaNarrowing.ts,,"importMetaNarrowing.ts(3,17): error TS2339: Property 'foo' does not exist on type 'ImportMeta'.
importMetaNarrowing.ts(4,15): error TS2339: Property 'foo' does not exist on type 'ImportMeta'.
",,module=es2020
_submodules/TypeScript/tests/cases/conformance/es2019/importMeta/importMetaNarrowing.ts,,"importMetaNarrowing.ts(3,17): error TS2339: Property 'foo' does not exist on type 'ImportMeta'.
importMetaNarrowing.ts(4,15): error TS2339: Property 'foo' does not exist on type 'ImportMeta'.
",,module=esnext
_submodules/TypeScript/tests/cases/conformance/es2020/intlNumberFormatES2020.ts,,"intlNumberFormatES2020.ts(8,34): error TS2353: Object literal may only specify known properties, and 'numberingSystem' does not exist in type 'NumberFormatOptions | undefined'.
intlNumberFormatES2020.ts(11,105): error TS2353: Object literal may only specify known properties, and 'currencySign' does not exist in type 'NumberFormatOptions | undefined'.
intlNumberFormatES2020.ts(14,79): error TS2353: Object literal may only specify known properties, and 'unit' does not exist in type 'NumberFormatOptions | undefined'.
intlNumberFormatES2020.ts(17,61): error TS2353: Object literal may only specify known properties, and 'notation' does not exist in type 'NumberFormatOptions | undefined'.
intlNumberFormatES2020.ts(20,34): error TS2353: Object literal may only specify known properties, and 'signDisplay' does not exist in type 'NumberFormatOptions | undefined'.
intlNumberFormatES2020.ts(23,47): error TS2322: Type 'string' is not assignable to type '""literal"" | ""nan"" | ""infinity"" | ""percent"" | ""integer"" | ""group"" | ""decimal"" | ""fraction"" | ""plusSign"" | ""minusSign"" | ""percentSign"" | ""currency""'.
intlNumberFormatES2020.ts(23,58): error TS2322: Type 'string' is not assignable to type '""literal"" | ""nan"" | ""infinity"" | ""percent"" | ""integer"" | ""group"" | ""decimal"" | ""fraction"" | ""plusSign"" | ""minusSign"" | ""percentSign"" | ""currency""'.
intlNumberFormatES2020.ts(23,66): error TS2322: Type 'string' is not assignable to type '""literal"" | ""nan"" | ""infinity"" | ""percent"" | ""integer"" | ""group"" | ""decimal"" | ""fraction"" | ""plusSign"" | ""minusSign"" | ""percentSign"" | ""currency""'.
",,default
_submodules/TypeScript/tests/cases/conformance/es2020/localesObjectArgument.ts,,"localesObjectArgument.ts(33,22): error TS2345: Argument of type 'Locale[]' is not assignable to parameter of type 'string | string[]'.
localesObjectArgument.ts(36,37): error TS2345: Argument of type 'Locale[]' is not assignable to parameter of type 'string | string[]'.
localesObjectArgument.ts(47,19): error TS2345: Argument of type 'Locale[]' is not assignable to parameter of type 'string | string[]'.
localesObjectArgument.ts(50,34): error TS2345: Argument of type 'Locale[]' is not assignable to parameter of type 'string | string[]'.
localesObjectArgument.ts(53,25): error TS2345: Argument of type 'Locale[]' is not assignable to parameter of type 'string | string[]'.
localesObjectArgument.ts(56,40): error TS2345: Argument of type 'Locale[]' is not assignable to parameter of type 'string | string[]'.
localesObjectArgument.ts(60,23): error TS2345: Argument of type 'Locale[]' is not assignable to parameter of type 'string | string[]'.
",,default
_submodules/TypeScript/tests/cases/conformance/es2020/modules/exportAsNamespace5.ts,,"one.ts(2,14): error TS2503: Cannot find namespace 'ns'.
",,default
_submodules/TypeScript/tests/cases/conformance/es2021/intlDateTimeFormatRangeES2021.ts,,"intlDateTimeFormatRangeES2021.ts(1,27): error TS2339: Property 'formatRange' does not exist on type 'DateTimeFormat'.
intlDateTimeFormatRangeES2021.ts(2,44): error TS2339: Property 'formatRangeToParts' does not exist on type 'DateTimeFormat'.
",,default
_submodules/TypeScript/tests/cases/conformance/es2023/intlNumberFormatES2023.ts,,"intlNumberFormatES2023.ts(8,34): error TS2353: Object literal may only specify known properties, and 'roundingPriority' does not exist in type 'NumberFormatOptions | undefined'.
intlNumberFormatES2023.ts(11,58): error TS2353: Object literal may only specify known properties, and 'signDisplay' does not exist in type 'NumberFormatOptions | undefined'.
intlNumberFormatES2023.ts(15,32): error TS2345: Argument of type '{ useGrouping: string; }' is not assignable to parameter of type 'NumberFormatOptions'.
  Types of property 'useGrouping' are incompatible.
    Type '""true""' is not assignable to type 'boolean | undefined'.
intlNumberFormatES2023.ts(16,32): error TS2345: Argument of type '{ useGrouping: string; }' is not assignable to parameter of type 'NumberFormatOptions'.
  Types of property 'useGrouping' are incompatible.
    Type '""always""' is not assignable to type 'boolean | undefined'.
intlNumberFormatES2023.ts(19,32): error TS2339: Property 'formatRange' does not exist on type 'NumberFormat'.
intlNumberFormatES2023.ts(20,32): error TS2339: Property 'formatRange' does not exist on type 'NumberFormat'.
intlNumberFormatES2023.ts(21,32): error TS2339: Property 'formatRangeToParts' does not exist on type 'NumberFormat'.
intlNumberFormatES2023.ts(22,32): error TS2339: Property 'formatRangeToParts' does not exist on type 'NumberFormat'.
intlNumberFormatES2023.ts(25,39): error TS2345: Argument of type 'string' is not assignable to parameter of type 'number'.
intlNumberFormatES2023.ts(26,32): error TS2339: Property 'formatRange' does not exist on type 'NumberFormat'.
intlNumberFormatES2023.ts(27,32): error TS2339: Property 'formatRangeToParts' does not exist on type 'NumberFormat'.
intlNumberFormatES2023.ts(28,39): error TS2345: Argument of type 'string' is not assignable to parameter of type 'number'.
intlNumberFormatES2023.ts(29,39): error TS2345: Argument of type 'string' is not assignable to parameter of type 'number'.
intlNumberFormatES2023.ts(30,39): error TS2345: Argument of type 'string' is not assignable to parameter of type 'number'.
intlNumberFormatES2023.ts(40,4): error TS2339: Property 'formatRangeToParts' does not exist on type 'NumberFormat'.
intlNumberFormatES2023.ts(41,12): error TS7006: Parameter 'part' implicitly has an 'any' type.
intlNumberFormatES2023.ts(42,9): error TS7006: Parameter 'part' implicitly has an 'any' type.
",,default
_submodules/TypeScript/tests/cases/conformance/es2025/syncIteratorHelpers.ts,,"syncIteratorHelpers.ts(2,20): error TS2362: The left-hand side of an arithmetic operation must be of type 'any', 'number', 'bigint' or an enum type.
syncIteratorHelpers.ts(3,17): error TS2362: The left-hand side of an arithmetic operation must be of type 'any', 'number', 'bigint' or an enum type.
",,default
_submodules/TypeScript/tests/cases/conformance/es6/Symbols/symbolProperty2.ts,,"symbolProperty2.ts(4,5): error TS1117: An object literal cannot have multiple properties with the same name.
symbolProperty2.ts(5,9): error TS1117: An object literal cannot have multiple properties with the same name.
",,default
_submodules/TypeScript/tests/cases/conformance/es6/Symbols/symbolProperty20.ts,,"symbolProperty20.ts(7,24): error TS7006: Parameter 's' implicitly has an 'any' type.
symbolProperty20.ts(8,26): error TS7006: Parameter 'n' implicitly has an 'any' type.
",,default
_submodules/TypeScript/tests/cases/conformance/es6/Symbols/symbolProperty22.ts,,"symbolProperty22.ts(7,33): error TS7006: Parameter 's' implicitly has an 'any' type.
",,default
_submodules/TypeScript/tests/cases/conformance/es6/Symbols/symbolProperty51.ts,,"symbolProperty51.ts(5,10): error TS2708: Cannot use namespace 'Symbol' as a value.
symbolProperty51.ts(5,17): error TS2339: Property 'iterator' does not exist on type 'typeof Symbol'.
",,default
_submodules/TypeScript/tests/cases/conformance/es6/Symbols/symbolProperty61.ts,,"symbolProperty61.ts(7,26): error TS2304: Cannot find name ''.
symbolProperty61.ts(29,6): error TS2345: Argument of type 'MyObservable' is not assignable to parameter of type '{ [Symbol.obs]: () => { subscribe: (next: (val: T) => void) => void; }; }'.
  Property '[Symbol.obs]' is missing in type 'MyObservable' but required in type '{ [Symbol.obs]: () => { subscribe: (next: (val: T) => void) => void; }; }'.
symbolProperty61.ts(29,23): error TS2345: Argument of type '42' is not assignable to parameter of type 'T'.
  'T' could be instantiated with an arbitrary type which could be unrelated to '42'.
",,default
_submodules/TypeScript/tests/cases/conformance/es6/classDeclaration/emitClassDeclarationWithExtensionInES6.ts,,"emitClassDeclarationWithExtensionInES6.ts(20,19): error TS2554: Expected 0 arguments, but got 2.
",,default
_submodules/TypeScript/tests/cases/conformance/es6/computedProperties/computedPropertyNamesContextualType1_ES5.ts,,"computedPropertyNamesContextualType1_ES5.ts(7,14): error TS7006: Parameter 'y' implicitly has an 'any' type.
computedPropertyNamesContextualType1_ES5.ts(8,15): error TS7006: Parameter 'y' implicitly has an 'any' type.
",,target=es2015
_submodules/TypeScript/tests/cases/conformance/es6/computedProperties/computedPropertyNamesContextualType1_ES6.ts,,"computedPropertyNamesContextualType1_ES6.ts(7,14): error TS7006: Parameter 'y' implicitly has an 'any' type.
computedPropertyNamesContextualType1_ES6.ts(8,15): error TS7006: Parameter 'y' implicitly has an 'any' type.
",,default
_submodules/TypeScript/tests/cases/conformance/es6/computedProperties/computedPropertyNamesContextualType2_ES5.ts,,"computedPropertyNamesContextualType2_ES5.ts(7,14): error TS7006: Parameter 'y' implicitly has an 'any' type.
computedPropertyNamesContextualType2_ES5.ts(8,15): error TS7006: Parameter 'y' implicitly has an 'any' type.
",,target=es2015
_submodules/TypeScript/tests/cases/conformance/es6/computedProperties/computedPropertyNamesContextualType2_ES6.ts,,"computedPropertyNamesContextualType2_ES6.ts(7,14): error TS7006: Parameter 'y' implicitly has an 'any' type.
computedPropertyNamesContextualType2_ES6.ts(8,15): error TS7006: Parameter 'y' implicitly has an 'any' type.
",,default
_submodules/TypeScript/tests/cases/conformance/es6/computedProperties/computedPropertyNamesContextualType3_ES5.ts,,"computedPropertyNamesContextualType3_ES5.ts(6,14): error TS7006: Parameter 'y' implicitly has an 'any' type.
computedPropertyNamesContextualType3_ES5.ts(7,15): error TS7006: Parameter 'y' implicitly has an 'any' type.
",,target=es2015
_submodules/TypeScript/tests/cases/conformance/es6/computedProperties/computedPropertyNamesContextualType3_ES6.ts,,"computedPropertyNamesContextualType3_ES6.ts(6,14): error TS7006: Parameter 'y' implicitly has an 'any' type.
computedPropertyNamesContextualType3_ES6.ts(7,15): error TS7006: Parameter 'y' implicitly has an 'any' type.
",,default
_submodules/TypeScript/tests/cases/conformance/es6/decorators/class/method/parameter/decoratorOnClassMethodParameter1.es6.ts,,"decoratorOnClassMethodParameter1.es6.ts(4,5): error TS2391: Function implementation is missing or not immediately following the declaration.
decoratorOnClassMethodParameter1.es6.ts(4,5): error TS7010: 'method', which lacks return-type annotation, implicitly has an 'any' return type.
decoratorOnClassMethodParameter1.es6.ts(4,12): error TS1138: Parameter declaration expected.
decoratorOnClassMethodParameter1.es6.ts(4,17): error TS2564: Property 'p' has no initializer and is not definitely assigned in the constructor.
decoratorOnClassMethodParameter1.es6.ts(4,26): error TS1442: Expected '=' for property initializer.
decoratorOnClassMethodParameter1.es6.ts(4,28): error TS1068: Unexpected token. A constructor, method, accessor, or property was expected.
decoratorOnClassMethodParameter1.es6.ts(5,1): error TS1128: Declaration or statement expected.
",,default
_submodules/TypeScript/tests/cases/conformance/es6/destructuring/declarationInAmbientContext.ts,,"declarationInAmbientContext.ts(1,13): error TS1182: A destructuring declaration must have an initializer.
declarationInAmbientContext.ts(2,13): error TS1182: A destructuring declaration must have an initializer.
",,default
_submodules/TypeScript/tests/cases/conformance/es6/for-ofStatements/for-of13.ts,,"for-of13.ts(2,6): error TS2454: Variable 'v' is used before being assigned.
",,default
_submodules/TypeScript/tests/cases/conformance/es6/for-ofStatements/for-of18.ts,,"for-of18.ts(14,6): error TS2454: Variable 'v' is used before being assigned.
",,default
_submodules/TypeScript/tests/cases/conformance/es6/for-ofStatements/for-of49.ts,,"for-of49.ts(3,7): error TS2454: Variable 'k' is used before being assigned.
for-of49.ts(3,14): error TS2454: Variable 'v' is used before being assigned.
",,default
_submodules/TypeScript/tests/cases/conformance/es6/for-ofStatements/for-of9.ts,,"for-of9.ts(2,6): error TS2454: Variable 'v' is used before being assigned.
for-of9.ts(3,6): error TS2454: Variable 'v' is used before being assigned.
",,default
_submodules/TypeScript/tests/cases/conformance/es6/modules/defaultExportInAwaitExpression02.ts,,"a.ts(1,24): error TS2345: Argument of type '(resolve: (value: unknown | PromiseLike<unknown>) => void, reject: (reason: any | undefined) => void) => void' is not assignable to parameter of type '(resolve: (value: T | PromiseLike<T>) => void, reject: (reason: any | undefined) => void) => void'.
  Types of parameters 'resolve' and 'resolve' are incompatible.
    Type '(value: T | PromiseLike<T>) => void' is not assignable to type '(value: unknown | PromiseLike<unknown>) => void'.
      Types of parameters 'value' and 'value' are incompatible.
        Type 'unknown | PromiseLike<unknown>' is not assignable to type 'T | PromiseLike<T>'.
          Type 'unknown' is not assignable to type 'T | PromiseLike<T>'.
",,default
_submodules/TypeScript/tests/cases/conformance/es6/shorthandPropertyAssignment/objectLiteralShorthandPropertiesAssignment.ts,,"objectLiteralShorthandPropertiesAssignment.ts(12,5): error TS2353: Object literal may only specify known properties, and 'id' does not exist in type '{ name: string; }'.
",,default
_submodules/TypeScript/tests/cases/conformance/es6/templates/taggedTemplateStringsPlainCharactersThatArePartsOfEscapes01.ts,,"taggedTemplateStringsPlainCharactersThatArePartsOfEscapes01.ts(5,1): error TS1434: Unexpected keyword or identifier.
",,default
_submodules/TypeScript/tests/cases/conformance/es6/templates/taggedTemplateStringsPlainCharactersThatArePartsOfEscapes01_ES6.ts,,"taggedTemplateStringsPlainCharactersThatArePartsOfEscapes01_ES6.ts(5,1): error TS1434: Unexpected keyword or identifier.
",,default
_submodules/TypeScript/tests/cases/conformance/es6/templates/taggedTemplateStringsPlainCharactersThatArePartsOfEscapes02_ES6.ts,,"taggedTemplateStringsPlainCharactersThatArePartsOfEscapes02_ES6.ts(5,1): error TS1434: Unexpected keyword or identifier.
",,default
_submodules/TypeScript/tests/cases/conformance/es6/templates/taggedTemplateStringsWithOverloadResolution2.ts,,"taggedTemplateStringsWithOverloadResolution2.ts(7,14): error TS1005: ',' expected.
taggedTemplateStringsWithOverloadResolution2.ts(16,14): error TS1005: ',' expected.
",,default
_submodules/TypeScript/tests/cases/conformance/es6/templates/taggedTemplateStringsWithOverloadResolution2_ES6.ts,,"taggedTemplateStringsWithOverloadResolution2_ES6.ts(7,14): error TS1005: ',' expected.
taggedTemplateStringsWithOverloadResolution2_ES6.ts(16,14): error TS1005: ',' expected.
",,default
_submodules/TypeScript/tests/cases/conformance/es6/templates/taggedTemplateStringsWithTagsTypedAsAny.ts,,"taggedTemplateStringsWithTagsTypedAsAny.ts(3,1): error TS1434: Unexpected keyword or identifier.
taggedTemplateStringsWithTagsTypedAsAny.ts(5,1): error TS1434: Unexpected keyword or identifier.
taggedTemplateStringsWithTagsTypedAsAny.ts(7,7): error TS1005: ';' expected.
taggedTemplateStringsWithTagsTypedAsAny.ts(9,7): error TS1005: ';' expected.
taggedTemplateStringsWithTagsTypedAsAny.ts(11,1): error TS1434: Unexpected keyword or identifier.
taggedTemplateStringsWithTagsTypedAsAny.ts(11,9): error TS2339: Property 'member' does not exist on type 'string'.
taggedTemplateStringsWithTagsTypedAsAny.ts(13,1): error TS1434: Unexpected keyword or identifier.
taggedTemplateStringsWithTagsTypedAsAny.ts(13,23): error TS2339: Property 'member' does not exist on type 'string'.
taggedTemplateStringsWithTagsTypedAsAny.ts(15,1): error TS1434: Unexpected keyword or identifier.
taggedTemplateStringsWithTagsTypedAsAny.ts(17,1): error TS1434: Unexpected keyword or identifier.
taggedTemplateStringsWithTagsTypedAsAny.ts(19,1): error TS1434: Unexpected keyword or identifier.
taggedTemplateStringsWithTagsTypedAsAny.ts(19,32): error TS1005: ';' expected.
taggedTemplateStringsWithTagsTypedAsAny.ts(21,1): error TS1434: Unexpected keyword or identifier.
taggedTemplateStringsWithTagsTypedAsAny.ts(21,46): error TS1005: ';' expected.
",,default
_submodules/TypeScript/tests/cases/conformance/es6/templates/taggedTemplateStringsWithTagsTypedAsAnyES6.ts,,"taggedTemplateStringsWithTagsTypedAsAnyES6.ts(2,1): error TS1434: Unexpected keyword or identifier.
taggedTemplateStringsWithTagsTypedAsAnyES6.ts(4,1): error TS1434: Unexpected keyword or identifier.
taggedTemplateStringsWithTagsTypedAsAnyES6.ts(6,7): error TS1005: ';' expected.
taggedTemplateStringsWithTagsTypedAsAnyES6.ts(8,7): error TS1005: ';' expected.
taggedTemplateStringsWithTagsTypedAsAnyES6.ts(10,1): error TS1434: Unexpected keyword or identifier.
taggedTemplateStringsWithTagsTypedAsAnyES6.ts(10,9): error TS2339: Property 'member' does not exist on type 'string'.
taggedTemplateStringsWithTagsTypedAsAnyES6.ts(12,1): error TS1434: Unexpected keyword or identifier.
taggedTemplateStringsWithTagsTypedAsAnyES6.ts(12,23): error TS2339: Property 'member' does not exist on type 'string'.
taggedTemplateStringsWithTagsTypedAsAnyES6.ts(14,1): error TS1434: Unexpected keyword or identifier.
taggedTemplateStringsWithTagsTypedAsAnyES6.ts(16,1): error TS1434: Unexpected keyword or identifier.
taggedTemplateStringsWithTagsTypedAsAnyES6.ts(18,1): error TS1434: Unexpected keyword or identifier.
taggedTemplateStringsWithTagsTypedAsAnyES6.ts(18,32): error TS1005: ';' expected.
taggedTemplateStringsWithTagsTypedAsAnyES6.ts(20,1): error TS1434: Unexpected keyword or identifier.
taggedTemplateStringsWithTagsTypedAsAnyES6.ts(20,46): error TS1005: ';' expected.
",,default
_submodules/TypeScript/tests/cases/conformance/es6/templates/taggedTemplatesWithTypeArguments1.ts,,"taggedTemplatesWithTypeArguments1.ts(11,7): error TS7006: Parameter 'stuff' implicitly has an 'any' type.
taggedTemplatesWithTypeArguments1.ts(13,7): error TS7006: Parameter 'stuff' implicitly has an 'any' type.
taggedTemplatesWithTypeArguments1.ts(15,7): error TS7006: Parameter 'stuff' implicitly has an 'any' type.
taggedTemplatesWithTypeArguments1.ts(22,27): error TS1155: 'const' declarations must be initialized.
taggedTemplatesWithTypeArguments1.ts(22,35): error TS1155: 'const' declarations must be initialized.
taggedTemplatesWithTypeArguments1.ts(22,43): error TS1155: 'const' declarations must be initialized.
taggedTemplatesWithTypeArguments1.ts(22,50): error TS1005: ',' expected.
taggedTemplatesWithTypeArguments1.ts(22,52): error TS1134: Variable declaration expected.
taggedTemplatesWithTypeArguments1.ts(24,7): error TS7006: Parameter 'stuff' implicitly has an 'any' type.
taggedTemplatesWithTypeArguments1.ts(26,7): error TS7006: Parameter 'stuff' implicitly has an 'any' type.
taggedTemplatesWithTypeArguments1.ts(28,7): error TS7006: Parameter 'stuff' implicitly has an 'any' type.
taggedTemplatesWithTypeArguments1.ts(37,39): error TS7006: Parameter 'input' implicitly has an 'any' type.
taggedTemplatesWithTypeArguments1.ts(38,3): error TS2339: Property 'returnedObjProp' does not exist on type 'boolean'.
taggedTemplatesWithTypeArguments1.ts(39,3): error TS2339: Property 'returnedObjProp' does not exist on type 'boolean'.
taggedTemplatesWithTypeArguments1.ts(40,3): error TS2339: Property 'returnedObjProp' does not exist on type 'boolean'.
taggedTemplatesWithTypeArguments1.ts(42,25): error TS7006: Parameter 'input' implicitly has an 'any' type.
taggedTemplatesWithTypeArguments1.ts(43,3): error TS2339: Property 'returnedObjProp' does not exist on type 'boolean'.
taggedTemplatesWithTypeArguments1.ts(44,3): error TS2339: Property 'returnedObjProp' does not exist on type 'boolean'.
taggedTemplatesWithTypeArguments1.ts(45,3): error TS2339: Property 'returnedObjProp' does not exist on type 'boolean'.
",,default
_submodules/TypeScript/tests/cases/conformance/es6/yieldExpressions/generatorOverloads4.ts,,"generatorOverloads4.ts(4,17): error TS2355: A function whose declared type is neither 'undefined', 'void', nor 'any' must return a value.
",,default
_submodules/TypeScript/tests/cases/conformance/es6/yieldExpressions/generatorOverloads5.ts,,"generatorOverloads5.ts(4,26): error TS2355: A function whose declared type is neither 'undefined', 'void', nor 'any' must return a value.
",,default
_submodules/TypeScript/tests/cases/conformance/es6/yieldExpressions/generatorTypeCheck1.ts,,"generatorTypeCheck1.ts(1,17): error TS2355: A function whose declared type is neither 'undefined', 'void', nor 'any' must return a value.
",,default
_submodules/TypeScript/tests/cases/conformance/es6/yieldExpressions/generatorTypeCheck10.ts,,"generatorTypeCheck10.ts(2,5): error TS2322: Type 'undefined' is not assignable to type 'IterableIterator<any>'.
",,default
_submodules/TypeScript/tests/cases/conformance/es6/yieldExpressions/generatorTypeCheck2.ts,,"generatorTypeCheck2.ts(1,17): error TS2355: A function whose declared type is neither 'undefined', 'void', nor 'any' must return a value.
",,default
_submodules/TypeScript/tests/cases/conformance/es6/yieldExpressions/generatorTypeCheck26.ts,,"generatorTypeCheck26.ts(2,11): error TS7006: Parameter 'x' implicitly has an 'any' type.
generatorTypeCheck26.ts(3,13): error TS7006: Parameter 'x' implicitly has an 'any' type.
generatorTypeCheck26.ts(4,12): error TS7006: Parameter 'x' implicitly has an 'any' type.
",,default
_submodules/TypeScript/tests/cases/conformance/es6/yieldExpressions/generatorTypeCheck27.ts,,"generatorTypeCheck27.ts(1,16): error TS2355: A function whose declared type is neither 'undefined', 'void', nor 'any' must return a value.
generatorTypeCheck27.ts(3,15): error TS7006: Parameter 'x' implicitly has an 'any' type.
",,default
_submodules/TypeScript/tests/cases/conformance/es6/yieldExpressions/generatorTypeCheck28.ts,,"generatorTypeCheck28.ts(1,16): error TS2355: A function whose declared type is neither 'undefined', 'void', nor 'any' must return a value.
generatorTypeCheck28.ts(4,19): error TS7006: Parameter 'x' implicitly has an 'any' type.
",,default
_submodules/TypeScript/tests/cases/conformance/es6/yieldExpressions/generatorTypeCheck29.ts,,"generatorTypeCheck29.ts(1,17): error TS2355: A function whose declared type is neither 'undefined', 'void', nor 'any' must return a value.
generatorTypeCheck29.ts(3,15): error TS7006: Parameter 'x' implicitly has an 'any' type.
",,default
_submodules/TypeScript/tests/cases/conformance/es6/yieldExpressions/generatorTypeCheck3.ts,,"generatorTypeCheck3.ts(1,17): error TS2355: A function whose declared type is neither 'undefined', 'void', nor 'any' must return a value.
",,default
_submodules/TypeScript/tests/cases/conformance/es6/yieldExpressions/generatorTypeCheck30.ts,,"generatorTypeCheck30.ts(1,17): error TS2355: A function whose declared type is neither 'undefined', 'void', nor 'any' must return a value.
generatorTypeCheck30.ts(3,15): error TS7006: Parameter 'x' implicitly has an 'any' type.
",,default
_submodules/TypeScript/tests/cases/conformance/es6/yieldExpressions/generatorTypeCheck4.ts,,"generatorTypeCheck4.ts(1,17): error TS2355: A function whose declared type is neither 'undefined', 'void', nor 'any' must return a value.
",,default
_submodules/TypeScript/tests/cases/conformance/es6/yieldExpressions/generatorTypeCheck45.ts,,"generatorTypeCheck45.ts(3,9): error TS2345: Argument of type '() => void' is not assignable to parameter of type '() => Iterator<(x: any) => unknown>'.
  Type 'void' is not assignable to type 'Iterator<(x: any) => unknown>'.
",,default
_submodules/TypeScript/tests/cases/conformance/es6/yieldExpressions/generatorTypeCheck46.ts,,"generatorTypeCheck46.ts(3,9): error TS2345: Argument of type '() => void' is not assignable to parameter of type '() => Iterable<(x: any) => unknown>'.
  Type 'void' is not assignable to type 'Iterable<(x: any) => unknown>'.
",,default
_submodules/TypeScript/tests/cases/conformance/es6/yieldExpressions/generatorTypeCheck64.ts,,"generatorTypeCheck64.ts(1,17): error TS2355: A function whose declared type is neither 'undefined', 'void', nor 'any' must return a value.
generatorTypeCheck64.ts(3,15): error TS7006: Parameter 'x' implicitly has an 'any' type.
generatorTypeCheck64.ts(7,17): error TS2355: A function whose declared type is neither 'undefined', 'void', nor 'any' must return a value.
generatorTypeCheck64.ts(9,12): error TS7006: Parameter 'x' implicitly has an 'any' type.
",,default
_submodules/TypeScript/tests/cases/conformance/esDecorators/esDecorators-contextualTypes.2.ts,,"esDecorators-contextualTypes.2.ts(25,9): error TS2322: Type '(args: any) => any' is not assignable to type '(args: Args) => Return'.
esDecorators-contextualTypes.2.ts(25,32): error TS7019: Rest parameter 'args' implicitly has an 'any[]' type.
esDecorators-contextualTypes.2.ts(26,77): error TS2339: Property 'toString' does not exist on type 'string | symbol'.
",,default
_submodules/TypeScript/tests/cases/conformance/esnext/logicalAssignment/logicalAssignment11.ts,,"logicalAssignment11.ts(5,1): error TS18048: 'd' is possibly 'undefined'.
logicalAssignment11.ts(9,1): error TS18048: 'e' is possibly 'undefined'.
",,target=es2015
_submodules/TypeScript/tests/cases/conformance/esnext/logicalAssignment/logicalAssignment11.ts,,"logicalAssignment11.ts(5,1): error TS18048: 'd' is possibly 'undefined'.
logicalAssignment11.ts(9,1): error TS18048: 'e' is possibly 'undefined'.
",,target=es2020
_submodules/TypeScript/tests/cases/conformance/esnext/logicalAssignment/logicalAssignment11.ts,,"logicalAssignment11.ts(5,1): error TS18048: 'd' is possibly 'undefined'.
logicalAssignment11.ts(9,1): error TS18048: 'e' is possibly 'undefined'.
",,target=esnext
_submodules/TypeScript/tests/cases/conformance/expressions/arrayLiterals/arrayLiterals2ES6.ts,,"arrayLiterals2ES6.ts(10,11): error TS1109: Expression expected.
arrayLiterals2ES6.ts(10,13): error TS1109: Expression expected.
arrayLiterals2ES6.ts(12,11): error TS1109: Expression expected.
arrayLiterals2ES6.ts(12,13): error TS1109: Expression expected.
arrayLiterals2ES6.ts(12,15): error TS1109: Expression expected.
arrayLiterals2ES6.ts(13,11): error TS1109: Expression expected.
arrayLiterals2ES6.ts(13,13): error TS1109: Expression expected.
arrayLiterals2ES6.ts(15,18): error TS1109: Expression expected.
",,default
_submodules/TypeScript/tests/cases/conformance/expressions/asOperator/asOperator3.ts,,"asOperator3.ts(9,13): error TS1005: ',' expected.
asOperator3.ts(10,13): error TS1005: ',' expected.
",,default
_submodules/TypeScript/tests/cases/conformance/expressions/contextualTyping/parenthesizedContexualTyping3.ts,,"parenthesizedContexualTyping3.ts(7,10): error TS2394: This overload signature is not compatible with its implementation signature.
parenthesizedContexualTyping3.ts(12,17): error TS1005: ',' expected.
parenthesizedContexualTyping3.ts(12,21): error TS7006: Parameter 'x' implicitly has an 'any' type.
parenthesizedContexualTyping3.ts(13,17): error TS1005: ',' expected.
parenthesizedContexualTyping3.ts(13,22): error TS7006: Parameter 'x' implicitly has an 'any' type.
parenthesizedContexualTyping3.ts(14,17): error TS1005: ',' expected.
parenthesizedContexualTyping3.ts(14,23): error TS7006: Parameter 'x' implicitly has an 'any' type.
parenthesizedContexualTyping3.ts(15,17): error TS1005: ',' expected.
parenthesizedContexualTyping3.ts(15,21): error TS7006: Parameter 'x' implicitly has an 'any' type.
parenthesizedContexualTyping3.ts(15,33): error TS7006: Parameter 'x' implicitly has an 'any' type.
parenthesizedContexualTyping3.ts(16,17): error TS1005: ',' expected.
parenthesizedContexualTyping3.ts(16,21): error TS7006: Parameter 'x' implicitly has an 'any' type.
parenthesizedContexualTyping3.ts(16,34): error TS7006: Parameter 'x' implicitly has an 'any' type.
parenthesizedContexualTyping3.ts(17,17): error TS1005: ',' expected.
parenthesizedContexualTyping3.ts(17,21): error TS7006: Parameter 'x' implicitly has an 'any' type.
parenthesizedContexualTyping3.ts(17,35): error TS7006: Parameter 'x' implicitly has an 'any' type.
parenthesizedContexualTyping3.ts(18,17): error TS1005: ',' expected.
parenthesizedContexualTyping3.ts(18,22): error TS7006: Parameter 'x' implicitly has an 'any' type.
parenthesizedContexualTyping3.ts(18,38): error TS7006: Parameter 'x' implicitly has an 'any' type.
parenthesizedContexualTyping3.ts(19,17): error TS1005: ',' expected.
parenthesizedContexualTyping3.ts(19,22): error TS7006: Parameter 'x' implicitly has an 'any' type.
parenthesizedContexualTyping3.ts(19,38): error TS7006: Parameter 'x' implicitly has an 'any' type.
",,default
_submodules/TypeScript/tests/cases/conformance/expressions/contextualTyping/superCallParameterContextualTyping1.ts,,"superCallParameterContextualTyping1.ts(9,27): error TS7006: Parameter 'value' implicitly has an 'any' type.
",,default
_submodules/TypeScript/tests/cases/conformance/expressions/contextualTyping/superCallParameterContextualTyping3.ts,,"superCallParameterContextualTyping3.ts(18,20): error TS7006: Parameter 'p' implicitly has an 'any' type.
superCallParameterContextualTyping3.ts(26,20): error TS7006: Parameter 'p' implicitly has an 'any' type.
",,default
_submodules/TypeScript/tests/cases/conformance/expressions/functionCalls/callWithSpreadES6.ts,,"callWithSpreadES6.ts(29,1): error TS2349: This expression is not callable.
  Type 'Function' has no call signatures.
callWithSpreadES6.ts(46,19): error TS2554: Expected 0 arguments, but got 2.
callWithSpreadES6.ts(47,28): error TS2556: A spread argument must either have a tuple type or be passed to a rest parameter.
",,default
_submodules/TypeScript/tests/cases/conformance/expressions/functionCalls/newWithSpread.ts,,"newWithSpread.ts(94,5): error TS2351: This expression is not constructable.
  Type 'C' has no construct signatures.
newWithSpread.ts(95,5): error TS2351: This expression is not constructable.
  Type 'C' has no construct signatures.
newWithSpread.ts(96,5): error TS2351: This expression is not constructable.
  Type 'C' has no construct signatures.
",,default
_submodules/TypeScript/tests/cases/conformance/expressions/functionCalls/newWithSpreadES5.ts,,"newWithSpreadES5.ts(93,5): error TS2351: This expression is not constructable.
  Type 'C' has no construct signatures.
newWithSpreadES5.ts(94,5): error TS2351: This expression is not constructable.
  Type 'C' has no construct signatures.
newWithSpreadES5.ts(95,5): error TS2351: This expression is not constructable.
  Type 'C' has no construct signatures.
",,target=es2015
_submodules/TypeScript/tests/cases/conformance/expressions/functionCalls/newWithSpreadES6.ts,,"newWithSpreadES6.ts(94,5): error TS2351: This expression is not constructable.
  Type 'C' has no construct signatures.
newWithSpreadES6.ts(95,5): error TS2351: This expression is not constructable.
  Type 'C' has no construct signatures.
newWithSpreadES6.ts(96,5): error TS2351: This expression is not constructable.
  Type 'C' has no construct signatures.
",,default
_submodules/TypeScript/tests/cases/conformance/expressions/functions/arrowFunctionExpressions.ts,,"arrowFunctionExpressions.ts(73,5): error TS2403: Subsequent variable declarations must have the same type.  Variable 'g' must be of type 'any', but here has type 'string'.
",,default
_submodules/TypeScript/tests/cases/conformance/expressions/identifiers/scopeResolutionIdentifiers.ts,,"scopeResolutionIdentifiers.ts(27,13): error TS2403: Subsequent variable declarations must have the same type.  Variable 'p' must be of type 'any', but here has type 'Date'.
",,default
_submodules/TypeScript/tests/cases/conformance/expressions/newOperator/newOperatorConformance.ts,,"newOperatorConformance.ts(43,17): error TS2351: This expression is not constructable.
  Type 'T' has no construct signatures.
newOperatorConformance.ts(44,9): error TS2403: Subsequent variable declarations must have the same type.  Variable 'p' must be of type 'any', but here has type 'number'.
newOperatorConformance.ts(49,17): error TS2351: This expression is not constructable.
  Type 'T' has no construct signatures.
newOperatorConformance.ts(50,9): error TS2403: Subsequent variable declarations must have the same type.  Variable 'p' must be of type 'any', but here has type 'string'.
",,default
_submodules/TypeScript/tests/cases/conformance/expressions/nullishCoalescingOperator/nullishCoalescingOperator_es2020.ts,,"nullishCoalescingOperator_es2020.ts(23,29): error TS2451: Cannot redeclare block-scoped variable 'c'.
nullishCoalescingOperator_es2020.ts(29,26): error TS1005: ',' expected.
nullishCoalescingOperator_es2020.ts(29,29): error TS2451: Cannot redeclare block-scoped variable 'c'.
nullishCoalescingOperator_es2020.ts(36,26): error TS1005: ',' expected.
nullishCoalescingOperator_es2020.ts(36,29): error TS2451: Cannot redeclare block-scoped variable 'c'.
",,default
_submodules/TypeScript/tests/cases/conformance/expressions/objectLiterals/objectLiteralGettersAndSetters.ts,,"objectLiteralGettersAndSetters.ts(2,72): error TS2403: Subsequent variable declarations must have the same type.  Variable 'p' must be of type 'any', but here has type 'string'.
objectLiteralGettersAndSetters.ts(3,72): error TS2403: Subsequent variable declarations must have the same type.  Variable 'p' must be of type 'any', but here has type 'string'.
objectLiteralGettersAndSetters.ts(4,77): error TS2403: Subsequent variable declarations must have the same type.  Variable 'p' must be of type 'any', but here has type 'string'.
objectLiteralGettersAndSetters.ts(5,72): error TS2403: Subsequent variable declarations must have the same type.  Variable 'p' must be of type 'any', but here has type 'string'.
objectLiteralGettersAndSetters.ts(6,76): error TS2403: Subsequent variable declarations must have the same type.  Variable 'p' must be of type 'any', but here has type 'string'.
objectLiteralGettersAndSetters.ts(7,72): error TS2403: Subsequent variable declarations must have the same type.  Variable 'p' must be of type 'any', but here has type 'string'.
objectLiteralGettersAndSetters.ts(11,5): error TS2403: Subsequent variable declarations must have the same type.  Variable 'callSig1' must be of type 'any', but here has type '{ num: (n: number) => string; }'.
objectLiteralGettersAndSetters.ts(19,5): error TS2403: Subsequent variable declarations must have the same type.  Variable 'getter1' must be of type 'any', but here has type '{ readonly x: string; }'.
objectLiteralGettersAndSetters.ts(23,5): error TS2403: Subsequent variable declarations must have the same type.  Variable 'getter2' must be of type 'any', but here has type '{ readonly x: string; }'.
objectLiteralGettersAndSetters.ts(27,5): error TS2403: Subsequent variable declarations must have the same type.  Variable 'setter1' must be of type 'any', but here has type '{ x: number; }'.
objectLiteralGettersAndSetters.ts(31,5): error TS2403: Subsequent variable declarations must have the same type.  Variable 'setter2' must be of type 'any', but here has type '{ x: any; }'.
objectLiteralGettersAndSetters.ts(45,17): error TS2403: Subsequent variable declarations must have the same type.  Variable 'p' must be of type 'string', but here has type 'any'.
objectLiteralGettersAndSetters.ts(52,17): error TS2403: Subsequent variable declarations must have the same type.  Variable 'p' must be of type 'string', but here has type 'any'.
objectLiteralGettersAndSetters.ts(62,13): error TS2403: Subsequent variable declarations must have the same type.  Variable 'y' must be of type 'any', but here has type 'string'.
objectLiteralGettersAndSetters.ts(70,13): error TS2403: Subsequent variable declarations must have the same type.  Variable 'y' must be of type 'any', but here has type 'string'.
objectLiteralGettersAndSetters.ts(79,13): error TS2403: Subsequent variable declarations must have the same type.  Variable 'y' must be of type 'any', but here has type 'string'.
",,default
_submodules/TypeScript/tests/cases/conformance/expressions/optionalChaining/optionalChainingInference.ts,,"optionalChainingInference.ts(12,26): error TS2345: Argument of type '{ value: number | undefined; }' is not assignable to parameter of type '{ value: T | undefined; }'.
  Types of property 'value' are incompatible.
    Type 'number | undefined' is not assignable to type 'T | undefined'.
      Type 'number' is not assignable to type 'T | undefined'.
optionalChainingInference.ts(15,26): error TS2345: Argument of type '{ value: number | undefined; }' is not assignable to parameter of type '{ value: T | undefined; }'.
  Types of property 'value' are incompatible.
    Type 'number | undefined' is not assignable to type 'T | undefined'.
      Type 'number' is not assignable to type 'T | undefined'.
optionalChainingInference.ts(30,26): error TS2345: Argument of type '{ value: number; }' is not assignable to parameter of type '{ value: T | undefined; }'.
  Types of property 'value' are incompatible.
    Type 'number' is not assignable to type 'T | undefined'.
",,default
_submodules/TypeScript/tests/cases/conformance/expressions/superCalls/superCalls.ts,,"superCalls.ts(16,13): error TS2403: Subsequent variable declarations must have the same type.  Variable 'p' must be of type 'any', but here has type 'void'.
",,default
_submodules/TypeScript/tests/cases/conformance/expressions/superPropertyAccess/superPropertyAccessNoError.ts,,"superPropertyAccessNoError.ts(27,13): error TS2403: Subsequent variable declarations must have the same type.  Variable 'x' must be of type 'any', but here has type 'string'.
superPropertyAccessNoError.ts(32,13): error TS2403: Subsequent variable declarations must have the same type.  Variable 'x' must be of type 'any', but here has type 'string'.
superPropertyAccessNoError.ts(38,13): error TS2403: Subsequent variable declarations must have the same type.  Variable 'x' must be of type 'any', but here has type 'string'.
superPropertyAccessNoError.ts(44,13): error TS2403: Subsequent variable declarations must have the same type.  Variable 'x' must be of type 'any', but here has type 'string'.
superPropertyAccessNoError.ts(49,13): error TS2403: Subsequent variable declarations must have the same type.  Variable 'x' must be of type 'any', but here has type 'number'.
superPropertyAccessNoError.ts(54,13): error TS2403: Subsequent variable declarations must have the same type.  Variable 'x' must be of type 'any', but here has type 'number'.
superPropertyAccessNoError.ts(60,13): error TS2403: Subsequent variable declarations must have the same type.  Variable 'x' must be of type 'any', but here has type 'number'.
",,target=es2015
_submodules/TypeScript/tests/cases/conformance/expressions/typeAssertions/constAssertionOnEnum.ts,,"more.ts(2,1): error TS1355: A 'const' assertion can only be applied to references to enum members, or string, number, boolean, array, or object literals.
ns.ts(3,5): error TS1355: A 'const' assertion can only be applied to references to enum members, or string, number, boolean, array, or object literals.
test.ts(7,11): error TS1355: A 'const' assertion can only be applied to references to enum members, or string, number, boolean, array, or object literals.
",,default
_submodules/TypeScript/tests/cases/conformance/expressions/typeGuards/typeGuardFunction.ts,,"typeGuardFunction.ts(30,13): error TS2551: Property 'propC' does not exist on type 'A'. Did you mean 'propA'?
",,default
_submodules/TypeScript/tests/cases/conformance/expressions/typeGuards/typeGuardFunctionOfFormThis.ts,,"typeGuardFunctionOfFormThis.ts(20,7): error TS2339: Property 'lead' does not exist on type 'RoyalGuard'.
typeGuardFunctionOfFormThis.ts(23,7): error TS2339: Property 'follow' does not exist on type 'RoyalGuard'.
typeGuardFunctionOfFormThis.ts(30,7): error TS2339: Property 'lead' does not exist on type 'GuardInterface'.
typeGuardFunctionOfFormThis.ts(33,7): error TS2339: Property 'follow' does not exist on type 'GuardInterface'.
typeGuardFunctionOfFormThis.ts(78,11): error TS2339: Property 'defend' does not exist on type 'ArrowGuard'.
typeGuardFunctionOfFormThis.ts(81,11): error TS2339: Property 'heal' does not exist on type 'ArrowGuard'.
typeGuardFunctionOfFormThis.ts(102,20): error TS2339: Property 'broken' does not exist on type 'object'.
typeGuardFunctionOfFormThis.ts(105,20): error TS2339: Property 'spoiled' does not exist on type 'object'.
typeGuardFunctionOfFormThis.ts(132,11): error TS2339: Property 'follow' does not exist on type 'MimicGuard'.
",,default
_submodules/TypeScript/tests/cases/conformance/expressions/typeGuards/typeGuardIntersectionTypes.ts,,"typeGuardIntersectionTypes.ts(45,5): error TS2322: Type 'B' is not assignable to type 'A & B | null'.
  Property 'a' is missing in type 'B' but required in type 'A'.
typeGuardIntersectionTypes.ts(61,43): error TS2322: Type 'Beast' is not assignable to type 'boolean'.
typeGuardIntersectionTypes.ts(62,44): error TS2322: Type 'Beast' is not assignable to type 'boolean'.
typeGuardIntersectionTypes.ts(72,23): error TS2339: Property 'legs' does not exist on type 'Winged'.
typeGuardIntersectionTypes.ts(75,28): error TS2339: Property 'legs' does not exist on type 'Winged'.
typeGuardIntersectionTypes.ts(79,40): error TS2339: Property 'legs' does not exist on type 'Winged'.
",,default
_submodules/TypeScript/tests/cases/conformance/expressions/typeGuards/typeGuardOfFormTypeOfFunction.ts,,"typeGuardOfFormTypeOfFunction.ts(70,18): error TS2339: Property 'call' does not exist on type 'never'.
",,default
_submodules/TypeScript/tests/cases/conformance/expressions/typeGuards/typeGuardsInConditionalExpression.ts,,"typeGuardsInConditionalExpression.ts(10,13): error TS2339: Property 'length' does not exist on type 'string | number'.
typeGuardsInConditionalExpression.ts(50,13): error TS2322: Type 'string | number | boolean' is not assignable to type 'number | boolean'.
  Type 'string' is not assignable to type 'number | boolean'.
typeGuardsInConditionalExpression.ts(59,19): error TS2339: Property 'length' does not exist on type 'string | number'.
typeGuardsInConditionalExpression.ts(67,13): error TS2322: Type 'string | number | boolean' is not assignable to type 'number | boolean'.
  Type 'string' is not assignable to type 'number | boolean'.
",,default
_submodules/TypeScript/tests/cases/conformance/expressions/typeGuards/typeGuardsInFunctionAndModuleBlock.ts,,"typeGuardsInFunctionAndModuleBlock.ts(9,21): error TS2339: Property 'toString' does not exist on type 'string | number | boolean'.
typeGuardsInFunctionAndModuleBlock.ts(10,21): error TS2339: Property 'toString' does not exist on type 'string | number | boolean'.
typeGuardsInFunctionAndModuleBlock.ts(19,21): error TS2339: Property 'toString' does not exist on type 'string | number | boolean'.
typeGuardsInFunctionAndModuleBlock.ts(20,21): error TS2339: Property 'toString' does not exist on type 'string | number | boolean'.
typeGuardsInFunctionAndModuleBlock.ts(21,12): error TS2345: Argument of type 'string | number | boolean' is not assignable to parameter of type 'number | boolean'.
  Type 'string' is not assignable to type 'number | boolean'.
typeGuardsInFunctionAndModuleBlock.ts(29,21): error TS2339: Property 'toString' does not exist on type 'string | number | boolean'.
typeGuardsInFunctionAndModuleBlock.ts(30,21): error TS2339: Property 'toString' does not exist on type 'string | number | boolean'.
typeGuardsInFunctionAndModuleBlock.ts(39,21): error TS2339: Property 'toString' does not exist on type 'string | number | boolean'.
typeGuardsInFunctionAndModuleBlock.ts(40,21): error TS2339: Property 'toString' does not exist on type 'string | number | boolean'.
typeGuardsInFunctionAndModuleBlock.ts(41,12): error TS2345: Argument of type 'string | number | boolean' is not assignable to parameter of type 'number | boolean'.
  Type 'string' is not assignable to type 'number | boolean'.
typeGuardsInFunctionAndModuleBlock.ts(61,17): error TS2339: Property 'toString' does not exist on type 'number | boolean'.
typeGuardsInFunctionAndModuleBlock.ts(62,17): error TS2339: Property 'toString' does not exist on type 'number | boolean'.
typeGuardsInFunctionAndModuleBlock.ts(75,17): error TS2339: Property 'toString' does not exist on type 'number | boolean'.
typeGuardsInFunctionAndModuleBlock.ts(76,17): error TS2339: Property 'toString' does not exist on type 'number | boolean'.
",,default
_submodules/TypeScript/tests/cases/conformance/expressions/typeSatisfaction/typeSatisfaction_contextualTyping1.ts,,"typeSatisfaction_contextualTyping1.ts(4,13): error TS7006: Parameter 'n' implicitly has an 'any' type.
typeSatisfaction_contextualTyping1.ts(5,12): error TS7006: Parameter 'n' implicitly has an 'any' type.
",,default
_submodules/TypeScript/tests/cases/conformance/expressions/typeSatisfaction/typeSatisfaction_ensureInterfaceImpl.ts,,"typeSatisfaction_ensureInterfaceImpl.ts(7,10): error TS7006: Parameter 'd' implicitly has an 'any' type.
",,default
_submodules/TypeScript/tests/cases/conformance/externalModules/exportAssignTypes.ts,,"consumer.ts(14,5): error TS2353: Object literal may only specify known properties, and 'answer' does not exist in type 'Object'.
",,default
_submodules/TypeScript/tests/cases/conformance/externalModules/exportTypeMergedWithExportStarAsNamespace.ts,,"usage.ts(3,22): error TS2503: Cannot find namespace 'Something'.
",,default
_submodules/TypeScript/tests/cases/conformance/externalModules/topLevelAwait.3.ts,,"index.d.ts(4,25): error TS1109: Expression expected.
",,module=es2022
_submodules/TypeScript/tests/cases/conformance/externalModules/topLevelAwait.3.ts,,"index.d.ts(4,25): error TS1109: Expression expected.
",,module=esnext
_submodules/TypeScript/tests/cases/conformance/externalModules/umd-augmentation-1.ts,,"b.ts(5,8): error TS2503: Cannot find namespace 'm'.
math2d-augment.d.ts(3,16): error TS2664: Invalid module name in augmentation, module 'math2d' cannot be found.
math2d-augment.d.ts(6,14): error TS2503: Cannot find namespace 'Math2d'.
",,default
_submodules/TypeScript/tests/cases/conformance/externalModules/umd-augmentation-2.ts,,"a.ts(3,13): error TS2552: Cannot find name 'Math2d'. Did you mean 'Math'?
a.ts(4,17): error TS2552: Cannot find name 'Math2d'. Did you mean 'Math'?
a.ts(5,8): error TS2503: Cannot find namespace 'Math2d'.
math2d-augment.d.ts(3,16): error TS2664: Invalid module name in augmentation, module 'math2d' cannot be found.
math2d-augment.d.ts(6,14): error TS2503: Cannot find namespace 'Math2d'.
",,default
_submodules/TypeScript/tests/cases/conformance/externalModules/umd-augmentation-3.ts,,"b.ts(5,8): error TS2503: Cannot find namespace 'm'.
math2d-augment.d.ts(3,16): error TS2664: Invalid module name in augmentation, module 'math2d' cannot be found.
math2d-augment.d.ts(6,14): error TS2503: Cannot find namespace 'Math2d'.
",,default
_submodules/TypeScript/tests/cases/conformance/externalModules/umd-augmentation-4.ts,,"a.ts(3,13): error TS2552: Cannot find name 'Math2d'. Did you mean 'Math'?
a.ts(4,17): error TS2552: Cannot find name 'Math2d'. Did you mean 'Math'?
a.ts(5,8): error TS2503: Cannot find namespace 'Math2d'.
math2d-augment.d.ts(3,16): error TS2664: Invalid module name in augmentation, module 'math2d' cannot be found.
math2d-augment.d.ts(6,14): error TS2503: Cannot find namespace 'Math2d'.
",,default
_submodules/TypeScript/tests/cases/conformance/externalModules/umd6.ts,,"a.ts(2,17): error TS2304: Cannot find name 'Foo'.
",,default
_submodules/TypeScript/tests/cases/conformance/externalModules/umd7.ts,,"a.ts(2,17): error TS2304: Cannot find name 'Foo'.
",,default
_submodules/TypeScript/tests/cases/conformance/externalModules/verbatimModuleSyntaxNoElisionCJS.ts,,,,default
_submodules/TypeScript/tests/cases/conformance/externalModules/verbatimModuleSyntaxRestrictionsESM.ts,,"/ambient.d.ts(3,14): error TS2454: Variable '_export' is used before being assigned.
",,esmoduleinterop=false
_submodules/TypeScript/tests/cases/conformance/generators/generatorReturnTypeFallback.2.ts,,,,default
_submodules/TypeScript/tests/cases/conformance/generators/generatorReturnTypeFallback.5.ts,,"generatorReturnTypeFallback.5.ts(2,16): error TS2355: A function whose declared type is neither 'undefined', 'void', nor 'any' must return a value.
",,default
_submodules/TypeScript/tests/cases/conformance/generators/generatorReturnTypeIndirectReferenceToGlobalType.ts,,"generatorReturnTypeIndirectReferenceToGlobalType.ts(5,3): error TS2322: Type 'number' is not assignable to type 'I1'.
",,default
_submodules/TypeScript/tests/cases/conformance/generators/generatorYieldContextualType.ts,,"generatorYieldContextualType.ts(2,13): error TS2345: Argument of type '() => number' is not assignable to parameter of type '() => Generator<unknown, unknown, unknown>'.
  Type 'number' is not assignable to type 'Generator<unknown, unknown, unknown>'.
generatorYieldContextualType.ts(8,13): error TS2345: Argument of type '() => number' is not assignable to parameter of type '() => Generator<unknown, unknown, unknown> | AsyncGenerator<unknown, unknown, unknown>'.
  Type 'number' is not assignable to type 'Generator<unknown, unknown, unknown> | AsyncGenerator<unknown, unknown, unknown>'.
",,default
_submodules/TypeScript/tests/cases/conformance/importAttributes/importAttributes11.ts,,"error TS6053: File 'b.mts' not found.


!!! error TS6053: File 'b.mts' not found.
",,default
_submodules/TypeScript/tests/cases/conformance/importDefer/dynamicImportDefer.ts,,"b.ts(1,29): error TS7006: Parameter 'ns' implicitly has an 'any' type.
",,module=esnext
_submodules/TypeScript/tests/cases/conformance/importDefer/dynamicImportDefer.ts,,"b.ts(1,29): error TS7006: Parameter 'ns' implicitly has an 'any' type.
",,module=preserve
_submodules/TypeScript/tests/cases/conformance/internalModules/DeclarationMerging/AmbientModuleAndAmbientWithSameNameAndCommonRoot.ts,,"test.ts(2,5): error TS2403: Subsequent variable declarations must have the same type.  Variable 'p' must be of type '{ x: number; y: number; }', but here has type 'any'.
test.ts(2,17): error TS2339: Property 'Origin' does not exist on type 'typeof Point'.
",,default
_submodules/TypeScript/tests/cases/conformance/internalModules/DeclarationMerging/AmbientModuleAndNonAmbientClassWithSameNameAndCommonRoot.ts,,"test.ts(2,5): error TS2403: Subsequent variable declarations must have the same type.  Variable 'p' must be of type '{ x: number; y: number; }', but here has type 'any'.
test.ts(2,17): error TS2339: Property 'Origin' does not exist on type 'typeof Point'.
",,default
_submodules/TypeScript/tests/cases/conformance/internalModules/DeclarationMerging/EnumAndModuleWithSameNameAndCommonRoot.ts,,"EnumAndModuleWithSameNameAndCommonRoot.ts(13,5): error TS2403: Subsequent variable declarations must have the same type.  Variable 'x' must be of type '0 | 1', but here has type 'number'.
",,default
_submodules/TypeScript/tests/cases/conformance/internalModules/DeclarationMerging/ModuleAndEnumWithSameNameAndCommonRoot.ts,,"ModuleAndEnumWithSameNameAndCommonRoot.ts(13,5): error TS2403: Subsequent variable declarations must have the same type.  Variable 'x' must be of type '0 | 1', but here has type 'number'.
",,default
_submodules/TypeScript/tests/cases/conformance/jsdoc/tsNoCheckForTypescript.ts,,"file.ts(3,18): error TS2365: Operator '+' cannot be applied to types '1' and '{}'.
file.ts(10,5): error TS2416: Property 'q' in type 'Bet' is not assignable to the same property in base type 'Aleph'.
",,default
_submodules/TypeScript/tests/cases/conformance/jsdoc/tsNoCheckForTypescriptComments1.ts,,"file.ts(3,18): error TS2365: Operator '+' cannot be applied to types '1' and '{}'.
file.ts(10,3): error TS2416: Property 'q' in type 'Bet' is not assignable to the same property in base type 'Aleph'.
",,default
_submodules/TypeScript/tests/cases/conformance/jsdoc/tsNoCheckForTypescriptComments2.ts,,"file.ts(3,18): error TS2365: Operator '+' cannot be applied to types '1' and '{}'.
file.ts(10,5): error TS2416: Property 'q' in type 'Bet' is not assignable to the same property in base type 'Aleph'.
",,default
_submodules/TypeScript/tests/cases/conformance/jsx/tsxDynamicTagName1.tsx,,"tsxDynamicTagName1.tsx(2,2): error TS2604: JSX element type 'CustomTag' does not have any construct or call signatures.
",,default
_submodules/TypeScript/tests/cases/conformance/jsx/tsxDynamicTagName4.tsx,,"tsxDynamicTagName4.tsx(10,2): error TS2604: JSX element type 'CustomTag' does not have any construct or call signatures.
",,default
_submodules/TypeScript/tests/cases/conformance/jsx/tsxDynamicTagName5.tsx,,"app.tsx(8,8): error TS2304: Cannot find name 'this'.
",,default
_submodules/TypeScript/tests/cases/conformance/jsx/tsxDynamicTagName6.tsx,,"tsxDynamicTagName6.tsx(9,14): error TS2604: JSX element type '' does not have any construct or call signatures.
",,default
_submodules/TypeScript/tests/cases/conformance/jsx/tsxDynamicTagName8.tsx,,"app.tsx(8,8): error TS2304: Cannot find name 'this'.
",,default
_submodules/TypeScript/tests/cases/conformance/jsx/tsxDynamicTagName9.tsx,,"app.tsx(8,8): error TS2304: Cannot find name 'this'.
",,default
_submodules/TypeScript/tests/cases/conformance/jsx/tsxReactEmitEntities.tsx,,"file.tsx(16,11): error TS1002: Unterminated string literal.
",,default
_submodules/TypeScript/tests/cases/conformance/moduleResolution/node10IsNode_node.ts,,"error TS5107: Option 'moduleResolution=node10' is deprecated and will stop functioning in TypeScript 7.0. Specify compilerOption '""ignoreDeprecations"": ""6.0""' to silence this error.
  Visit https://aka.ms/ts6 for migration information.


!!! error TS5107: Option 'moduleResolution=node10' is deprecated and will stop functioning in TypeScript 7.0. Specify compilerOption '""ignoreDeprecations"": ""6.0""' to silence this error.
!!! error TS5107:   Visit https://aka.ms/ts6 for migration information.
",,default
_submodules/TypeScript/tests/cases/conformance/moduleResolution/packageJsonMain.ts,,"/a.ts(1,22): error TS2307: Cannot find module 'foo' or its corresponding type declarations.
/a.ts(3,22): error TS2307: Cannot find module 'baz' or its corresponding type declarations.
",,default
_submodules/TypeScript/tests/cases/conformance/moduleResolution/typesVersions.ambientModules.ts,,"main.ts(4,7): error TS2322: Type '""default a""' is not assignable to type '""ts3.1 a""'.
main.ts(5,7): error TS2322: Type '""default b""' is not assignable to type '""ts3.1 b""'.
",,default
_submodules/TypeScript/tests/cases/conformance/moduleResolution/typesVersions.multiFile.ts,,"main.ts(4,7): error TS2322: Type '""default a""' is not assignable to type '""ts3.1 a""'.
main.ts(5,7): error TS2322: Type '""default b""' is not assignable to type '""ts3.1 b""'.
",,default
_submodules/TypeScript/tests/cases/conformance/node/esmModuleExports2.ts,,"/importer-cts.cts(2,5): error TS2351: This expression is not constructable.
  Type 'typeof import(""exporter"")' has no construct signatures.
/importer-cts.cts(10,10): error TS2305: Module '""./exporter.mjs""' has no exported member 'Oops'.
",,esmoduleinterop=false
_submodules/TypeScript/tests/cases/conformance/node/nodeModulesDeclarationEmitWithPackageExports.ts,,,,module=node20
_submodules/TypeScript/tests/cases/conformance/node/nodeModulesDeclarationEmitWithPackageExports.ts,,,,module=nodenext
_submodules/TypeScript/tests/cases/conformance/node/nodeModulesImportAssignments.ts,,"file.ts(5,4): error TS2339: Property 'readFile' does not exist on type 'typeof import(""fs"")'.
index.ts(3,4): error TS2339: Property 'readFile' does not exist on type 'typeof import(""fs"")'.
subfolder/index.ts(3,4): error TS2339: Property 'readFile' does not exist on type 'typeof import(""fs"")'.
",,module=node20
_submodules/TypeScript/tests/cases/conformance/node/nodeModulesImportAssignments.ts,,"file.ts(5,4): error TS2339: Property 'readFile' does not exist on type 'typeof import(""fs"")'.
index.ts(3,4): error TS2339: Property 'readFile' does not exist on type 'typeof import(""fs"")'.
subfolder/index.ts(3,4): error TS2339: Property 'readFile' does not exist on type 'typeof import(""fs"")'.
",,module=nodenext
_submodules/TypeScript/tests/cases/conformance/node/nodeModulesImportResolutionIntoExport.ts,,"index.cts(2,23): error TS2307: Cannot find module '#type' or its corresponding type declarations.
index.mts(2,23): error TS2307: Cannot find module '#type' or its corresponding type declarations.
index.ts(2,23): error TS2307: Cannot find module '#type' or its corresponding type declarations.
",,module=node20
_submodules/TypeScript/tests/cases/conformance/node/nodeModulesImportResolutionIntoExport.ts,,"index.cts(2,23): error TS2307: Cannot find module '#type' or its corresponding type declarations.
index.mts(2,23): error TS2307: Cannot find module '#type' or its corresponding type declarations.
index.ts(2,23): error TS2307: Cannot find module '#type' or its corresponding type declarations.
",,module=nodenext
_submodules/TypeScript/tests/cases/conformance/nonjsExtensions/declarationFileForHtmlFileWithinDeclarationFile.ts,,"file.d.ts(1,22): error TS2307: Cannot find module './component.html' or its corresponding type declarations.
main.ts(6,19): error TS2339: Property 'appendChild' does not exist on type 'HTMLElement'.
",,default
_submodules/TypeScript/tests/cases/conformance/parser/ecmascript5/ArrayLiteralExpressions/parserArrayLiteralExpression11.ts,,"parserArrayLiteralExpression11.ts(1,12): error TS1109: Expression expected.
",,default
_submodules/TypeScript/tests/cases/conformance/parser/ecmascript5/ArrayLiteralExpressions/parserArrayLiteralExpression12.ts,,"parserArrayLiteralExpression12.ts(1,12): error TS1109: Expression expected.
parserArrayLiteralExpression12.ts(1,13): error TS1109: Expression expected.
",,default
_submodules/TypeScript/tests/cases/conformance/parser/ecmascript5/ArrayLiteralExpressions/parserArrayLiteralExpression13.ts,,"parserArrayLiteralExpression13.ts(1,12): error TS1109: Expression expected.
parserArrayLiteralExpression13.ts(1,15): error TS1109: Expression expected.
",,default
_submodules/TypeScript/tests/cases/conformance/parser/ecmascript5/ArrayLiteralExpressions/parserArrayLiteralExpression14.ts,,"parserArrayLiteralExpression14.ts(1,10): error TS1109: Expression expected.
parserArrayLiteralExpression14.ts(1,11): error TS1109: Expression expected.
parserArrayLiteralExpression14.ts(1,16): error TS1109: Expression expected.
parserArrayLiteralExpression14.ts(1,19): error TS1109: Expression expected.
parserArrayLiteralExpression14.ts(1,24): error TS1109: Expression expected.
",,default
_submodules/TypeScript/tests/cases/conformance/parser/ecmascript5/ArrayLiteralExpressions/parserArrayLiteralExpression15.ts,,"parserArrayLiteralExpression15.ts(1,10): error TS1109: Expression expected.
parserArrayLiteralExpression15.ts(1,11): error TS1109: Expression expected.
parserArrayLiteralExpression15.ts(1,16): error TS1109: Expression expected.
parserArrayLiteralExpression15.ts(1,19): error TS1109: Expression expected.
parserArrayLiteralExpression15.ts(1,24): error TS1109: Expression expected.
",,default
_submodules/TypeScript/tests/cases/conformance/parser/ecmascript5/ArrayLiteralExpressions/parserArrayLiteralExpression2.ts,,"parserArrayLiteralExpression2.ts(1,10): error TS1109: Expression expected.
",,default
_submodules/TypeScript/tests/cases/conformance/parser/ecmascript5/ArrayLiteralExpressions/parserArrayLiteralExpression3.ts,,"parserArrayLiteralExpression3.ts(1,10): error TS1109: Expression expected.
parserArrayLiteralExpression3.ts(1,11): error TS1109: Expression expected.
",,default
_submodules/TypeScript/tests/cases/conformance/parser/ecmascript5/ArrayLiteralExpressions/parserArrayLiteralExpression4.ts,,"parserArrayLiteralExpression4.ts(1,10): error TS1109: Expression expected.
parserArrayLiteralExpression4.ts(1,11): error TS1109: Expression expected.
parserArrayLiteralExpression4.ts(1,12): error TS1109: Expression expected.
",,default
_submodules/TypeScript/tests/cases/conformance/parser/ecmascript5/ArrayLiteralExpressions/parserArrayLiteralExpression6.ts,,"parserArrayLiteralExpression6.ts(1,10): error TS1109: Expression expected.
",,default
_submodules/TypeScript/tests/cases/conformance/parser/ecmascript5/ArrayLiteralExpressions/parserArrayLiteralExpression8.ts,,"parserArrayLiteralExpression8.ts(1,10): error TS1109: Expression expected.
",,default
_submodules/TypeScript/tests/cases/conformance/parser/ecmascript5/ClassDeclarations/parserClassDeclaration19.ts,,"parserClassDeclaration19.ts(3,5): error TS2389: Function implementation name must be 'foo'.
",,default
_submodules/TypeScript/tests/cases/conformance/parser/ecmascript5/ClassDeclarations/parserClassDeclaration20.ts,,"parserClassDeclaration20.ts(3,5): error TS2389: Function implementation name must be '0'.
",,default
_submodules/TypeScript/tests/cases/conformance/parser/ecmascript5/ClassDeclarations/parserClassDeclaration23.ts,,"parserClassDeclaration23.ts(1,8): error TS1127: Invalid character.
parserClassDeclaration23.ts(1,9): error TS1434: Unexpected keyword or identifier.
parserClassDeclaration23.ts(1,15): error TS1068: Unexpected token. A constructor, method, accessor, or property was expected.
",,default
_submodules/TypeScript/tests/cases/conformance/parser/ecmascript5/IndexMemberDeclarations/parserIndexMemberDeclaration6.ts,,"parserIndexMemberDeclaration6.ts(2,4): error TS1071: 'static' modifier cannot appear on an index signature.
",,default
_submodules/TypeScript/tests/cases/conformance/parser/ecmascript5/InterfaceDeclarations/parserInterfaceDeclaration9.ts,,"parserInterfaceDeclaration9.ts(2,22): error TS1005: ';' expected.
parserInterfaceDeclaration9.ts(2,22): error TS2300: Duplicate identifier ','.
parserInterfaceDeclaration9.ts(3,27): error TS1005: ';' expected.
parserInterfaceDeclaration9.ts(3,27): error TS2300: Duplicate identifier ','.
",,default
_submodules/TypeScript/tests/cases/conformance/parser/ecmascript5/RegressionTests/parser509698.ts,,,,default
_submodules/TypeScript/tests/cases/conformance/parser/ecmascript6/Symbols/parserSymbolIndexer3.ts,,"parserSymbolIndexer3.ts(2,5): error TS1071: 'static' modifier cannot appear on an index signature.
",,default
_submodules/TypeScript/tests/cases/conformance/salsa/propertyAssignmentUseParentType1.ts,,"propertyAssignmentUseParentType1.ts(5,14): error TS2741: Property 'num' is missing in type '() => boolean' but required in type 'N'.
propertyAssignmentUseParentType1.ts(8,14): error TS2741: Property 'nun' is missing in type '() => boolean' but required in type '() => boolean'.
propertyAssignmentUseParentType1.ts(13,13): error TS2339: Property 'extra' does not exist on type '() => boolean'.
",,default
_submodules/TypeScript/tests/cases/conformance/statements/for-inStatements/for-inStatementsArray.ts,,"for-inStatementsArray.ts(25,12): error TS1005: ';' expected.
for-inStatementsArray.ts(26,16): error TS1005: ';' expected.
for-inStatementsArray.ts(36,12): error TS1005: ';' expected.
",,default
_submodules/TypeScript/tests/cases/conformance/statements/for-inStatements/for-inStatementsAsyncIdentifier.ts,,"for-inStatementsAsyncIdentifier.ts(2,29): error TS1005: ';' expected.
",,default
_submodules/TypeScript/tests/cases/conformance/types/asyncGenerators/types.asyncGenerators.es2018.1.ts,,"types.asyncGenerators.es2018.1.ts(28,7): error TS2322: Type '() => void' is not assignable to type '() => AsyncIterableIterator<number>'.
  Type 'void' is not assignable to type 'AsyncIterableIterator<number>'.
types.asyncGenerators.es2018.1.ts(31,7): error TS2322: Type '() => void' is not assignable to type '() => AsyncIterableIterator<number>'.
  Type 'void' is not assignable to type 'AsyncIterableIterator<number>'.
types.asyncGenerators.es2018.1.ts(34,7): error TS2322: Type '() => void' is not assignable to type '() => AsyncIterableIterator<number>'.
  Type 'void' is not assignable to type 'AsyncIterableIterator<number>'.
types.asyncGenerators.es2018.1.ts(37,7): error TS2322: Type '() => void' is not assignable to type '() => AsyncIterableIterator<number>'.
  Type 'void' is not assignable to type 'AsyncIterableIterator<number>'.
types.asyncGenerators.es2018.1.ts(40,7): error TS2322: Type '() => void' is not assignable to type '() => AsyncIterable<number>'.
  Type 'void' is not assignable to type 'AsyncIterable<number>'.
types.asyncGenerators.es2018.1.ts(43,7): error TS2322: Type '() => void' is not assignable to type '() => AsyncIterable<number>'.
  Type 'void' is not assignable to type 'AsyncIterable<number>'.
types.asyncGenerators.es2018.1.ts(46,7): error TS2322: Type '() => void' is not assignable to type '() => AsyncIterable<number>'.
  Type 'void' is not assignable to type 'AsyncIterable<number>'.
types.asyncGenerators.es2018.1.ts(49,7): error TS2322: Type '() => void' is not assignable to type '() => AsyncIterable<number>'.
  Type 'void' is not assignable to type 'AsyncIterable<number>'.
types.asyncGenerators.es2018.1.ts(52,7): error TS2322: Type '() => void' is not assignable to type '() => AsyncIterable<number>'.
  Type 'void' is not assignable to type 'AsyncIterable<number>'.
types.asyncGenerators.es2018.1.ts(55,7): error TS2322: Type '() => void' is not assignable to type '() => AsyncIterator<number>'.
  Type 'void' is not assignable to type 'AsyncIterator<number>'.
types.asyncGenerators.es2018.1.ts(58,7): error TS2322: Type '() => void' is not assignable to type '() => AsyncIterator<number>'.
  Type 'void' is not assignable to type 'AsyncIterator<number>'.
types.asyncGenerators.es2018.1.ts(61,7): error TS2322: Type '() => void' is not assignable to type '() => AsyncIterator<number>'.
  Type 'void' is not assignable to type 'AsyncIterator<number>'.
types.asyncGenerators.es2018.1.ts(64,7): error TS2322: Type '() => void' is not assignable to type '() => AsyncIterator<number>'.
  Type 'void' is not assignable to type 'AsyncIterator<number>'.
types.asyncGenerators.es2018.1.ts(67,7): error TS2322: Type '() => void' is not assignable to type '() => AsyncIterator<number>'.
  Type 'void' is not assignable to type 'AsyncIterator<number>'.
types.asyncGenerators.es2018.1.ts(70,41): error TS2355: A function whose declared type is neither 'undefined', 'void', nor 'any' must return a value.
types.asyncGenerators.es2018.1.ts(73,41): error TS2355: A function whose declared type is neither 'undefined', 'void', nor 'any' must return a value.
types.asyncGenerators.es2018.1.ts(76,41): error TS2355: A function whose declared type is neither 'undefined', 'void', nor 'any' must return a value.
types.asyncGenerators.es2018.1.ts(79,41): error TS2355: A function whose declared type is neither 'undefined', 'void', nor 'any' must return a value.
types.asyncGenerators.es2018.1.ts(82,41): error TS2355: A function whose declared type is neither 'undefined', 'void', nor 'any' must return a value.
types.asyncGenerators.es2018.1.ts(85,41): error TS2355: A function whose declared type is neither 'undefined', 'void', nor 'any' must return a value.
types.asyncGenerators.es2018.1.ts(88,41): error TS2355: A function whose declared type is neither 'undefined', 'void', nor 'any' must return a value.
types.asyncGenerators.es2018.1.ts(91,41): error TS2355: A function whose declared type is neither 'undefined', 'void', nor 'any' must return a value.
types.asyncGenerators.es2018.1.ts(94,41): error TS2355: A function whose declared type is neither 'undefined', 'void', nor 'any' must return a value.
types.asyncGenerators.es2018.1.ts(97,42): error TS2355: A function whose declared type is neither 'undefined', 'void', nor 'any' must return a value.
types.asyncGenerators.es2018.1.ts(100,42): error TS2355: A function whose declared type is neither 'undefined', 'void', nor 'any' must return a value.
types.asyncGenerators.es2018.1.ts(103,42): error TS2355: A function whose declared type is neither 'undefined', 'void', nor 'any' must return a value.
types.asyncGenerators.es2018.1.ts(106,42): error TS2355: A function whose declared type is neither 'undefined', 'void', nor 'any' must return a value.
types.asyncGenerators.es2018.1.ts(109,42): error TS2355: A function whose declared type is neither 'undefined', 'void', nor 'any' must return a value.
types.asyncGenerators.es2018.1.ts(112,42): error TS2355: A function whose declared type is neither 'undefined', 'void', nor 'any' must return a value.
types.asyncGenerators.es2018.1.ts(115,42): error TS2355: A function whose declared type is neither 'undefined', 'void', nor 'any' must return a value.
types.asyncGenerators.es2018.1.ts(124,31): error TS2355: A function whose declared type is neither 'undefined', 'void', nor 'any' must return a value.
",,default
_submodules/TypeScript/tests/cases/conformance/types/conditional/inferTypesWithExtends1.ts,,"inferTypesWithExtends1.ts(95,49): error TS1005: ')' expected.
inferTypesWithExtends1.ts(95,56): error TS1005: ';' expected.
inferTypesWithExtends1.ts(95,58): error TS1128: Declaration or statement expected.
inferTypesWithExtends1.ts(95,62): error TS1005: ';' expected.
inferTypesWithExtends1.ts(103,25): error TS7039: Mapped object type implicitly has an 'any' template type.
inferTypesWithExtends1.ts(103,57): error TS1005: ']' expected.
inferTypesWithExtends1.ts(103,59): error TS1005: ';' expected.
inferTypesWithExtends1.ts(103,64): error TS1003: Identifier expected.
inferTypesWithExtends1.ts(105,25): error TS7039: Mapped object type implicitly has an 'any' template type.
inferTypesWithExtends1.ts(105,62): error TS1005: ']' expected.
inferTypesWithExtends1.ts(105,64): error TS1005: ';' expected.
inferTypesWithExtends1.ts(105,69): error TS1003: Identifier expected.
",,default
_submodules/TypeScript/tests/cases/conformance/types/conditional/variance.ts,,"variance.ts(10,7): error TS2322: Type '{ prop: boolean; }' is not assignable to type 'Foo<1>'.
  Types of property 'prop' are incompatible.
    Type 'boolean' is not assignable to type 'true'.
variance.ts(11,7): error TS2322: Type '{ prop: boolean; }' is not assignable to type 'Foo<number>'.
  Types of property 'prop' are incompatible.
    Type 'boolean' is not assignable to type 'true'.
",,default
_submodules/TypeScript/tests/cases/conformance/types/contextualTypes/asyncFunctions/contextuallyTypeAsyncFunctionAwaitOperand.ts,,"contextuallyTypeAsyncFunctionAwaitOperand.ts(5,11): error TS2322: Type 'T' is not assignable to type 'Obj'.
contextuallyTypeAsyncFunctionAwaitOperand.ts(5,41): error TS2345: Argument of type '(resolve: (value: unknown | PromiseLike<unknown>) => void) => void' is not assignable to parameter of type '(resolve: (value: T | PromiseLike<T>) => void, reject: (reason: any | undefined) => void) => void'.
  Types of parameters 'resolve' and 'resolve' are incompatible.
    Type '(value: T | PromiseLike<T>) => void' is not assignable to type '(value: unknown | PromiseLike<unknown>) => void'.
      Types of parameters 'value' and 'value' are incompatible.
        Type 'unknown | PromiseLike<unknown>' is not assignable to type 'T | PromiseLike<T>'.
          Type 'unknown' is not assignable to type 'T | PromiseLike<T>'.
contextuallyTypeAsyncFunctionAwaitOperand.ts(5,62): error TS2353: Object literal may only specify known properties, and 'key' does not exist in type 'unknown | PromiseLike<unknown>'.
",,default
_submodules/TypeScript/tests/cases/conformance/types/contextualTypes/asyncFunctions/contextuallyTypeAsyncFunctionReturnType.ts,,"contextuallyTypeAsyncFunctionReturnType.ts(8,5): error TS2741: Property 'key' is missing in type 'Promise<T>' but required in type 'Obj'.
contextuallyTypeAsyncFunctionReturnType.ts(8,24): error TS2345: Argument of type '(resolve: (value: unknown | PromiseLike<unknown>) => void) => void' is not assignable to parameter of type '(resolve: (value: T | PromiseLike<T>) => void, reject: (reason: any | undefined) => void) => void'.
  Types of parameters 'resolve' and 'resolve' are incompatible.
    Type '(value: T | PromiseLike<T>) => void' is not assignable to type '(value: unknown | PromiseLike<unknown>) => void'.
      Types of parameters 'value' and 'value' are incompatible.
        Type 'unknown | PromiseLike<unknown>' is not assignable to type 'T | PromiseLike<T>'.
          Type 'unknown' is not assignable to type 'T | PromiseLike<T>'.
contextuallyTypeAsyncFunctionReturnType.ts(9,19): error TS2353: Object literal may only specify known properties, and 'key' does not exist in type 'unknown | PromiseLike<unknown>'.
contextuallyTypeAsyncFunctionReturnType.ts(18,5): error TS2322: Type 'T' is not assignable to type 'Obj'.
contextuallyTypeAsyncFunctionReturnType.ts(18,30): error TS2345: Argument of type '(resolve: (value: unknown | PromiseLike<unknown>) => void) => void' is not assignable to parameter of type '(resolve: (value: T | PromiseLike<T>) => void, reject: (reason: any | undefined) => void) => void'.
  Types of parameters 'resolve' and 'resolve' are incompatible.
    Type '(value: T | PromiseLike<T>) => void' is not assignable to type '(value: unknown | PromiseLike<unknown>) => void'.
      Types of parameters 'value' and 'value' are incompatible.
        Type 'unknown | PromiseLike<unknown>' is not assignable to type 'T | PromiseLike<T>'.
          Type 'unknown' is not assignable to type 'T | PromiseLike<T>'.
contextuallyTypeAsyncFunctionReturnType.ts(19,19): error TS2353: Object literal may only specify known properties, and 'key' does not exist in type 'unknown | PromiseLike<unknown>'.
contextuallyTypeAsyncFunctionReturnType.ts(53,22): error TS2345: Argument of type '(resolve: (value: unknown | PromiseLike<unknown>) => void, reject: (reason: any | undefined) => void) => void' is not assignable to parameter of type '(resolve: (value: T | PromiseLike<T>) => void, reject: (reason: any | undefined) => void) => void'.
  Types of parameters 'resolve' and 'resolve' are incompatible.
    Type '(value: T | PromiseLike<T>) => void' is not assignable to type '(value: unknown | PromiseLike<unknown>) => void'.
      Types of parameters 'value' and 'value' are incompatible.
        Type 'unknown | PromiseLike<unknown>' is not assignable to type 'T | PromiseLike<T>'.
          Type 'unknown' is not assignable to type 'T | PromiseLike<T>'.
contextuallyTypeAsyncFunctionReturnType.ts(54,26): error TS7006: Parameter 'tree' implicitly has an 'any' type.
contextuallyTypeAsyncFunctionReturnType.ts(56,9): error TS2554: Expected 1 arguments, but got 0.
contextuallyTypeAsyncFunctionReturnType.ts(78,9): error TS2740: Type '{ [P in keyof T]: T[P] extends null | undefined ? T : T extends object & { then: (onfulfilled: F, args: _) => any; } ? F extends (value: V, args: _) => any ? V extends null | undefined ? T : ... : never : T; }' is missing the following properties from type '[ILocalExtension, { updated: boolean; } | undefined][]': length, pop, push, concat, and 35 more.
contextuallyTypeAsyncFunctionReturnType.ts(82,50): error TS2345: Argument of type '[number, number] | undefined' is not assignable to parameter of type 'ILocalExtension'.
  Type 'undefined' is not assignable to type 'ILocalExtension'.
",,default
_submodules/TypeScript/tests/cases/conformance/types/contextualTypes/logicalAnd/contextuallyTypeLogicalAnd01.ts,,"contextuallyTypeLogicalAnd01.ts(4,1): error TS2322: Type 'boolean' is not assignable to type '(a: string) => string'.
",,default
_submodules/TypeScript/tests/cases/conformance/types/contextualTypes/methodDeclarations/contextuallyTypedObjectLiteralMethodDeclaration01.ts,,"contextuallyTypedObjectLiteralMethodDeclaration01.ts(16,17): error TS7006: Parameter 'arg' implicitly has an 'any' type.
contextuallyTypedObjectLiteralMethodDeclaration01.ts(19,17): error TS7006: Parameter 'arg' implicitly has an 'any' type.
",,default
_submodules/TypeScript/tests/cases/conformance/types/forAwait/types.forAwait.es2018.1.ts,,"types.forAwait.es2018.1.ts(12,16): error TS2454: Variable 'y' is used before being assigned.
types.forAwait.es2018.1.ts(14,16): error TS2454: Variable 'y' is used before being assigned.
types.forAwait.es2018.1.ts(16,16): error TS2454: Variable 'y' is used before being assigned.
types.forAwait.es2018.1.ts(27,16): error TS2454: Variable 'y' is used before being assigned.
types.forAwait.es2018.1.ts(29,16): error TS2454: Variable 'y' is used before being assigned.
types.forAwait.es2018.1.ts(31,16): error TS2454: Variable 'y' is used before being assigned.
",,default
_submodules/TypeScript/tests/cases/conformance/types/intersection/intersectionThisTypes.ts,,"intersectionThisTypes.ts(24,11): error TS2339: Property 'self' does not exist on type 'Thing5'.
intersectionThisTypes.ts(25,11): error TS2339: Property 'me' does not exist on type 'Thing5'.
",,default
_submodules/TypeScript/tests/cases/conformance/types/intersection/intersectionTypeInference2.ts,,"intersectionTypeInference2.ts(6,3): error TS2345: Argument of type '{ prop: string; } & { prop: number; }' is not assignable to parameter of type '{ prop: T; }'.
  Types of property 'prop' are incompatible.
    Type 'string' is not assignable to type 'T'.
intersectionTypeInference2.ts(7,3): error TS2345: Argument of type '{ prop: string & number; }' is not assignable to parameter of type '{ prop: T; }'.
  Types of property 'prop' are incompatible.
    Type 'string & number' is not assignable to type 'T'.
",,default
_submodules/TypeScript/tests/cases/conformance/types/intersection/operatorsAndIntersectionTypes.ts,,"operatorsAndIntersectionTypes.ts(22,12): error TS2365: Operator '+' cannot be applied to types 'string & { $Guid: error; }' and 'string & { $Guid: error; }'.
operatorsAndIntersectionTypes.ts(23,12): error TS2365: Operator '+' cannot be applied to types 'string & { $Guid: error; }' and 'number & { $SerialNo: error; }'.
operatorsAndIntersectionTypes.ts(26,12): error TS2365: Operator '+' cannot be applied to types 'number & { $SerialNo: error; }' and 'number & { $SerialNo: error; }'.
",,default
_submodules/TypeScript/tests/cases/conformance/types/keyof/keyofAndForIn.ts,,"keyofAndForIn.ts(6,10): error TS2454: Variable 'k1' is used before being assigned.
keyofAndForIn.ts(6,19): error TS1005: ';' expected.
keyofAndForIn.ts(7,22): error TS2454: Variable 'k1' is used before being assigned.
keyofAndForIn.ts(17,10): error TS2454: Variable 'k1' is used before being assigned.
keyofAndForIn.ts(17,19): error TS1005: ';' expected.
keyofAndForIn.ts(18,22): error TS2454: Variable 'k1' is used before being assigned.
keyofAndForIn.ts(28,10): error TS2454: Variable 'k1' is used before being assigned.
keyofAndForIn.ts(28,19): error TS1005: ';' expected.
keyofAndForIn.ts(29,22): error TS2454: Variable 'k1' is used before being assigned.
",,default
_submodules/TypeScript/tests/cases/conformance/types/literal/booleanLiteralTypes1.ts,,"booleanLiteralTypes1.ts(12,5): error TS2322: Type 'boolean' is not assignable to type 'true | false'.
booleanLiteralTypes1.ts(19,9): error TS2403: Subsequent variable declarations must have the same type.  Variable 'x' must be of type 'true | false', but here has type 'boolean'.
",,default
_submodules/TypeScript/tests/cases/conformance/types/literal/booleanLiteralTypes2.ts,,"booleanLiteralTypes2.ts(12,5): error TS2322: Type 'boolean' is not assignable to type 'true | false'.
booleanLiteralTypes2.ts(19,9): error TS2403: Subsequent variable declarations must have the same type.  Variable 'x' must be of type 'true | false', but here has type 'boolean'.
",,default
_submodules/TypeScript/tests/cases/conformance/types/literal/enumLiteralTypes1.ts,,"enumLiteralTypes1.ts(22,9): error TS2403: Subsequent variable declarations must have the same type.  Variable 'x' must be of type 'any', but here has type 'number'.
enumLiteralTypes1.ts(23,9): error TS2403: Subsequent variable declarations must have the same type.  Variable 'x' must be of type 'any', but here has type 'number'.
enumLiteralTypes1.ts(24,9): error TS2403: Subsequent variable declarations must have the same type.  Variable 'x' must be of type 'any', but here has type 'number'.
enumLiteralTypes1.ts(25,9): error TS2403: Subsequent variable declarations must have the same type.  Variable 'x' must be of type 'any', but here has type 'number'.
enumLiteralTypes1.ts(26,9): error TS2403: Subsequent variable declarations must have the same type.  Variable 'x' must be of type 'any', but here has type 'number'.
enumLiteralTypes1.ts(27,9): error TS2403: Subsequent variable declarations must have the same type.  Variable 'x' must be of type 'any', but here has type 'number'.
enumLiteralTypes1.ts(28,9): error TS2403: Subsequent variable declarations must have the same type.  Variable 'x' must be of type 'any', but here has type 'number'.
enumLiteralTypes1.ts(29,9): error TS2403: Subsequent variable declarations must have the same type.  Variable 'x' must be of type 'any', but here has type 'number'.
enumLiteralTypes1.ts(30,9): error TS2403: Subsequent variable declarations must have the same type.  Variable 'x' must be of type 'any', but here has type 'number'.
enumLiteralTypes1.ts(75,24): error TS2345: Argument of type 'error' is not assignable to parameter of type 'never'.
enumLiteralTypes1.ts(102,35): error TS2339: Property 'a' does not exist on type 'never'.
enumLiteralTypes1.ts(103,34): error TS2339: Property 'b' does not exist on type 'never'.
enumLiteralTypes1.ts(109,35): error TS2339: Property 'a' does not exist on type 'never'.
enumLiteralTypes1.ts(110,34): error TS2339: Property 'b' does not exist on type 'never'.
enumLiteralTypes1.ts(112,24): error TS2345: Argument of type '{ kind: error; a: string; } | { kind: error; b: string; }' is not assignable to parameter of type 'never'.
  Type '{ kind: error; a: string; }' is not assignable to type 'never'.
",,default
_submodules/TypeScript/tests/cases/conformance/types/literal/enumLiteralTypes2.ts,,"enumLiteralTypes2.ts(22,9): error TS2403: Subsequent variable declarations must have the same type.  Variable 'x' must be of type 'any', but here has type 'number'.
enumLiteralTypes2.ts(23,9): error TS2403: Subsequent variable declarations must have the same type.  Variable 'x' must be of type 'any', but here has type 'number'.
enumLiteralTypes2.ts(24,9): error TS2403: Subsequent variable declarations must have the same type.  Variable 'x' must be of type 'any', but here has type 'number'.
enumLiteralTypes2.ts(25,9): error TS2403: Subsequent variable declarations must have the same type.  Variable 'x' must be of type 'any', but here has type 'number'.
enumLiteralTypes2.ts(26,9): error TS2403: Subsequent variable declarations must have the same type.  Variable 'x' must be of type 'any', but here has type 'number'.
enumLiteralTypes2.ts(27,9): error TS2403: Subsequent variable declarations must have the same type.  Variable 'x' must be of type 'any', but here has type 'number'.
enumLiteralTypes2.ts(28,9): error TS2403: Subsequent variable declarations must have the same type.  Variable 'x' must be of type 'any', but here has type 'number'.
enumLiteralTypes2.ts(29,9): error TS2403: Subsequent variable declarations must have the same type.  Variable 'x' must be of type 'any', but here has type 'number'.
enumLiteralTypes2.ts(30,9): error TS2403: Subsequent variable declarations must have the same type.  Variable 'x' must be of type 'any', but here has type 'number'.
enumLiteralTypes2.ts(75,24): error TS2345: Argument of type 'error' is not assignable to parameter of type 'never'.
enumLiteralTypes2.ts(102,35): error TS2339: Property 'a' does not exist on type 'never'.
enumLiteralTypes2.ts(103,34): error TS2339: Property 'b' does not exist on type 'never'.
enumLiteralTypes2.ts(109,35): error TS2339: Property 'a' does not exist on type 'never'.
enumLiteralTypes2.ts(110,34): error TS2339: Property 'b' does not exist on type 'never'.
enumLiteralTypes2.ts(112,24): error TS2345: Argument of type '{ kind: error; a: string; } | { kind: error; b: string; }' is not assignable to parameter of type 'never'.
  Type '{ kind: error; a: string; }' is not assignable to type 'never'.
",,default
_submodules/TypeScript/tests/cases/conformance/types/literal/literalTypeWidening.ts,,"literalTypeWidening.ts(16,11): error TS2322: Type 'string' is not assignable to type '""foo"" | ""bar""'.
literalTypeWidening.ts(19,11): error TS2322: Type 'string | ""foo"" | ""bar""' is not assignable to type '""foo"" | ""bar"" | ""baz""'.
  Type 'string' is not assignable to type '""foo"" | ""bar"" | ""baz""'.
literalTypeWidening.ts(40,11): error TS2322: Type 'number' is not assignable to type '123 | 456'.
literalTypeWidening.ts(43,11): error TS2322: Type 'number | 123 | 456' is not assignable to type '123 | 456 | 789'.
  Type 'number' is not assignable to type '123 | 456 | 789'.
literalTypeWidening.ts(100,13): error TS2345: Argument of type 'T' is not assignable to parameter of type 'number'.
",,default
_submodules/TypeScript/tests/cases/conformance/types/literal/literalTypes2.ts,,"literalTypes2.ts(36,9): error TS2322: Type 'number' is not assignable to type '123'.
literalTypes2.ts(41,9): error TS2322: Type 'number' is not assignable to type '123'.
literalTypes2.ts(94,11): error TS2322: Type '(string | number)[]' is not assignable to type '(""foo"" | 1)[]'.
  Type 'string' is not assignable to type '""foo"" | 1'.
literalTypes2.ts(97,9): error TS2322: Type '(string | number)[]' is not assignable to type '(""foo"" | 1)[]'.
  Type 'string' is not assignable to type '""foo"" | 1'.
literalTypes2.ts(138,11): error TS2322: Type '() => string' is not assignable to type '() => ""foo"" | ""bar""'.
  Type 'string' is not assignable to type '""foo"" | ""bar""'.
literalTypes2.ts(139,11): error TS2322: Type '() => string' is not assignable to type '(() => ""foo"") | (() => ""bar"")'.
  Type '() => string' is not assignable to type '() => ""foo""'.
    Type 'string' is not assignable to type '""foo""'.
literalTypes2.ts(151,7): error TS2322: Type 'number[]' is not assignable to type '(1 | 2)[]'.
",,default
_submodules/TypeScript/tests/cases/conformance/types/literal/literalTypesAndDestructuring.ts,,"literalTypesAndDestructuring.ts(11,10): error TS1355: A 'const' assertion can only be applied to references to enum members, or string, number, boolean, array, or object literals.
",,default
_submodules/TypeScript/tests/cases/conformance/types/literal/numericLiteralTypes1.ts,,"numericLiteralTypes1.ts(20,9): error TS2322: Type 'number' is not assignable to type '1 | 0'.
",,default
_submodules/TypeScript/tests/cases/conformance/types/literal/numericLiteralTypes2.ts,,"numericLiteralTypes2.ts(20,9): error TS2322: Type 'number' is not assignable to type '1 | 0'.
",,default
_submodules/TypeScript/tests/cases/conformance/types/literal/numericStringLiteralTypes.ts,,"numericStringLiteralTypes.ts(8,15): error TS2538: Type '`${number}`' cannot be used as an index type.
numericStringLiteralTypes.ts(12,15): error TS2538: Type '`${number}`' cannot be used as an index type.
numericStringLiteralTypes.ts(15,12): error TS2536: Type '`${number}`' cannot be used to index type 'boolean[]'.
numericStringLiteralTypes.ts(16,12): error TS2536: Type 'number | `${number}`' cannot be used to index type 'boolean[]'.
numericStringLiteralTypes.ts(34,38): error TS7006: Parameter 'value2' implicitly has an 'any' type.
",,default
_submodules/TypeScript/tests/cases/conformance/types/literal/stringEnumLiteralTypes1.ts,,"stringEnumLiteralTypes1.ts(61,24): error TS2345: Argument of type 'error' is not assignable to parameter of type 'never'.
stringEnumLiteralTypes1.ts(88,35): error TS2339: Property 'a' does not exist on type 'never'.
stringEnumLiteralTypes1.ts(89,34): error TS2339: Property 'b' does not exist on type 'never'.
stringEnumLiteralTypes1.ts(95,35): error TS2339: Property 'a' does not exist on type 'never'.
stringEnumLiteralTypes1.ts(96,34): error TS2339: Property 'b' does not exist on type 'never'.
stringEnumLiteralTypes1.ts(98,24): error TS2345: Argument of type '{ kind: error; a: string; } | { kind: error; b: string; }' is not assignable to parameter of type 'never'.
  Type '{ kind: error; a: string; }' is not assignable to type 'never'.
",,default
_submodules/TypeScript/tests/cases/conformance/types/literal/stringEnumLiteralTypes2.ts,,"stringEnumLiteralTypes2.ts(61,24): error TS2345: Argument of type 'error' is not assignable to parameter of type 'never'.
stringEnumLiteralTypes2.ts(88,35): error TS2339: Property 'a' does not exist on type 'never'.
stringEnumLiteralTypes2.ts(89,34): error TS2339: Property 'b' does not exist on type 'never'.
stringEnumLiteralTypes2.ts(95,35): error TS2339: Property 'a' does not exist on type 'never'.
stringEnumLiteralTypes2.ts(96,34): error TS2339: Property 'b' does not exist on type 'never'.
stringEnumLiteralTypes2.ts(98,24): error TS2345: Argument of type '{ kind: error; a: string; } | { kind: error; b: string; }' is not assignable to parameter of type 'never'.
  Type '{ kind: error; a: string; }' is not assignable to type 'never'.
",,default
_submodules/TypeScript/tests/cases/conformance/types/literal/stringLiteralsAssertionsInEqualityComparisons01.ts,,"stringLiteralsAssertionsInEqualityComparisons01.ts(1,9): error TS2367: This comparison appears to be unintentional because the types '""foo""' and '""bar""' have no overlap.
stringLiteralsAssertionsInEqualityComparisons01.ts(1,9): error TS2352: Conversion of type 'boolean' to type 'string' may be a mistake because neither type sufficiently overlaps with the other. If this was intentional, convert the expression to 'unknown' first.
",,default
_submodules/TypeScript/tests/cases/conformance/types/literal/templateLiteralTypes6.ts,,"templateLiteralTypes6.ts(19,6): error TS2345: Argument of type 'string' is not assignable to parameter of type '`${Scope}:${Event}`'.
",,default
_submodules/TypeScript/tests/cases/conformance/types/literal/templateLiteralTypes8.ts,,"templateLiteralTypes8.ts(8,5): error TS2322: Type 'string' is not assignable to type '`${""a"" | ""b""}`'.
templateLiteralTypes8.ts(9,5): error TS2322: Type 'string' is not assignable to type '`${""a"" | ""b""}`'.
",,default
_submodules/TypeScript/tests/cases/conformance/types/mapped/isomorphicMappedTypeInference.ts,,"isomorphicMappedTypeInference.ts(74,5): error TS2739: Type '{ [P in keyof T]: { value: T[P]; }; }' is missing the following properties from type '{ a: { value: number; }; b: { value: string; }; c: { value: boolean; }; }': a, b, c
isomorphicMappedTypeInference.ts(75,5): error TS2322: Type 'object' is not assignable to type '{ a: { value: number; }; b: { value: string; }; c: { value: boolean; }; }'.
isomorphicMappedTypeInference.ts(97,28): error TS2345: Argument of type '{ a: { value: number; }; b: { value: string; }; c: { value: boolean; }; }' is not assignable to parameter of type '{ [x: string]: T; }'.
  Index signature for type 'string' is missing in type '{ a: { value: number; }; b: { value: string; }; c: { value: boolean; }; }'.
isomorphicMappedTypeInference.ts(178,7): error TS2739: Type '{ [P in K]: T[P]; }' is missing the following properties from type '{ foo: any; bar: any; }': foo, bar
",,default
_submodules/TypeScript/tests/cases/conformance/types/mapped/mappedTypesArraysTuples.ts,,"mappedTypesArraysTuples.ts(91,17): error TS2345: Argument of type '{ [K in keyof T]: T[K]; }' is not assignable to parameter of type 'any[]'.
  Type '{ [K in keyof T]: T[K]; }' is missing the following properties from type 'any[]': length, pop, push, concat, and 25 more.
",,default
_submodules/TypeScript/tests/cases/conformance/types/mapped/mappedTypesGenericTuples2.ts,,"mappedTypesGenericTuples2.ts(5,47): error TS2339: Property 'then' does not exist on type 'Promise<{ [P in keyof T]: T[P] extends null | undefined ? T : T extends object & { then: (onfulfilled: F, args: _) => any; } ? F extends (value: V, args: _) => any ? V extends null | undefined ? T : ... : never : T; }>'.
mappedTypesGenericTuples2.ts(5,53): error TS7006: Parameter 'result' implicitly has an 'any' type.
",,default
_submodules/TypeScript/tests/cases/conformance/types/members/typesWithOptionalProperty.ts,,"typesWithOptionalProperty.ts(21,1): error TS2741: Property 'baz' is missing in type '{ foo: string; }' but required in type 'I'.
typesWithOptionalProperty.ts(22,1): error TS2741: Property 'baz' is missing in type '{ foo: string; bar: number; }' but required in type 'I'.
typesWithOptionalProperty.ts(25,1): error TS2741: Property 'baz' is missing in type '{ foo: string; }' but required in type '{ foo: string; bar?: number | undefined; baz: () => string; }'.
typesWithOptionalProperty.ts(26,1): error TS2741: Property 'baz' is missing in type '{ foo: string; bar: number; }' but required in type '{ foo: string; bar?: number | undefined; baz: () => string; }'.
",,default
_submodules/TypeScript/tests/cases/conformance/types/members/typesWithSpecializedConstructSignatures.ts,,"typesWithSpecializedConstructSignatures.ts(38,5): error TS2741: Property 'baz' is missing in type 'Derived1' but required in type 'Derived2'.
",,default
_submodules/TypeScript/tests/cases/conformance/types/namedTypes/genericInstantiationEquivalentToObjectLiteral.ts,,"genericInstantiationEquivalentToObjectLiteral.ts(13,4): error TS2345: Argument of type 'Pair<string, number>' is not assignable to parameter of type '{ first: T; second: U; }'.
  Types of property 'first' are incompatible.
    Type 'string' is not assignable to type 'T'.
genericInstantiationEquivalentToObjectLiteral.ts(14,4): error TS2345: Argument of type '{ first: string; second: number; }' is not assignable to parameter of type '{ first: T; second: U; }'.
  Types of property 'first' are incompatible.
    Type 'string' is not assignable to type 'T'.
",,default
_submodules/TypeScript/tests/cases/conformance/types/never/neverType.ts,,"neverType.ts(88,6): error TS2345: Argument of type '() => void' is not assignable to parameter of type '() => string'.
  Type 'void' is not assignable to type 'string'.
",,default
_submodules/TypeScript/tests/cases/conformance/types/primitives/boolean/booleanPropertyAccess.ts,,"booleanPropertyAccess.ts(3,11): error TS2339: Property 'toString' does not exist on type 'boolean'.
",,default
_submodules/TypeScript/tests/cases/conformance/types/primitives/number/numberPropertyAccess.ts,,"numberPropertyAccess.ts(3,11): error TS2339: Property 'hasOwnProperty' does not exist on type 'number'.
",,default
_submodules/TypeScript/tests/cases/conformance/types/primitives/string/stringPropertyAccess.ts,,"stringPropertyAccess.ts(3,11): error TS2339: Property 'hasOwnProperty' does not exist on type 'string'.
",,default
_submodules/TypeScript/tests/cases/conformance/types/primitives/void/validVoidAssignments.ts,,"validVoidAssignments.ts(4,5): error TS2454: Variable 'x' is used before being assigned.
validVoidAssignments.ts(6,5): error TS2454: Variable 'z' is used before being assigned.
",,default
_submodules/TypeScript/tests/cases/conformance/types/rest/genericRestParameters2.ts,,"genericRestParameters2.ts(20,1): error TS2554: Expected 3 arguments, but got 2.
genericRestParameters2.ts(21,9): error TS2345: Argument of type 'string' is not assignable to parameter of type 'number'.
genericRestParameters2.ts(22,24): error TS2554: Expected 3 arguments, but got 4.
genericRestParameters2.ts(23,26): error TS2554: Expected 3 arguments, but got 4.
genericRestParameters2.ts(24,8): error TS2556: A spread argument must either have a tuple type or be passed to a rest parameter.
genericRestParameters2.ts(25,12): error TS2556: A spread argument must either have a tuple type or be passed to a rest parameter.
genericRestParameters2.ts(26,21): error TS2556: A spread argument must either have a tuple type or be passed to a rest parameter.
genericRestParameters2.ts(27,27): error TS2556: A spread argument must either have a tuple type or be passed to a rest parameter.
genericRestParameters2.ts(28,27): error TS2556: A spread argument must either have a tuple type or be passed to a rest parameter.
genericRestParameters2.ts(30,1): error TS2554: Expected 3 arguments, but got 2.
genericRestParameters2.ts(31,18): error TS2345: Argument of type 'boolean' is not assignable to parameter of type 'string'.
genericRestParameters2.ts(32,24): error TS2554: Expected 3 arguments, but got 4.
genericRestParameters2.ts(33,26): error TS2554: Expected 3 arguments, but got 4.
genericRestParameters2.ts(34,8): error TS2556: A spread argument must either have a tuple type or be passed to a rest parameter.
genericRestParameters2.ts(35,12): error TS2556: A spread argument must either have a tuple type or be passed to a rest parameter.
genericRestParameters2.ts(36,21): error TS2556: A spread argument must either have a tuple type or be passed to a rest parameter.
genericRestParameters2.ts(37,27): error TS2556: A spread argument must either have a tuple type or be passed to a rest parameter.
genericRestParameters2.ts(38,27): error TS2556: A spread argument must either have a tuple type or be passed to a rest parameter.
genericRestParameters2.ts(40,1): error TS2554: Expected 3 arguments, but got 2.
genericRestParameters2.ts(41,18): error TS2345: Argument of type 'boolean' is not assignable to parameter of type 'boolean[][]'.
genericRestParameters2.ts(42,24): error TS2554: Expected 3 arguments, but got 4.
genericRestParameters2.ts(43,26): error TS2554: Expected 3 arguments, but got 4.
genericRestParameters2.ts(44,8): error TS2556: A spread argument must either have a tuple type or be passed to a rest parameter.
genericRestParameters2.ts(45,12): error TS2556: A spread argument must either have a tuple type or be passed to a rest parameter.
genericRestParameters2.ts(46,21): error TS2556: A spread argument must either have a tuple type or be passed to a rest parameter.
genericRestParameters2.ts(47,27): error TS2556: A spread argument must either have a tuple type or be passed to a rest parameter.
genericRestParameters2.ts(48,27): error TS2556: A spread argument must either have a tuple type or be passed to a rest parameter.
genericRestParameters2.ts(53,19): error TS2345: Argument of type 'boolean[][]' is not assignable to parameter of type 'boolean'.
genericRestParameters2.ts(54,8): error TS2556: A spread argument must either have a tuple type or be passed to a rest parameter.
genericRestParameters2.ts(55,12): error TS2556: A spread argument must either have a tuple type or be passed to a rest parameter.
",,default
_submodules/TypeScript/tests/cases/conformance/types/specifyingTypes/typeLiterals/functionLiteralForOverloads.ts,,"functionLiteralForOverloads.ts(3,5): error TS2719: Type '(x: string) => string' is not assignable to type '(x: string) => string'. Two different types with this name exist, but they are unrelated.
  Types of parameters 'x' and 'x' are incompatible.
    Type 'number' is not assignable to type 'string'.
functionLiteralForOverloads.ts(8,5): error TS2322: Type '(x: string) => string' is not assignable to type '<T>(x: string) => string'.
  Types of parameters 'x' and 'x' are incompatible.
    Type 'number' is not assignable to type 'string'.
functionLiteralForOverloads.ts(13,5): error TS2322: Type '(x: T) => T' is not assignable to type '<T>(x: T) => string'.
  Type 'T' is not assignable to type 'string'.
functionLiteralForOverloads.ts(18,5): error TS2322: Type '(x: string) => string' is not assignable to type '<T>(x: string) => T'.
  Types of parameters 'x' and 'x' are incompatible.
    Type 'number' is not assignable to type 'string'.
",,default
_submodules/TypeScript/tests/cases/conformance/types/specifyingTypes/typeQueries/typeQueryWithReservedWords.ts,,"typeQueryWithReservedWords.ts(11,20): error TS2304: Cannot find name ''.
typeQueryWithReservedWords.ts(12,20): error TS2304: Cannot find name ''.
typeQueryWithReservedWords.ts(13,17): error TS2304: Cannot find name ''.
",,default
_submodules/TypeScript/tests/cases/conformance/types/specifyingTypes/typeQueries/typeofThisWithImplicitThis.ts,,"typeofThisWithImplicitThis.ts(2,19): error TS2304: Cannot find name ''.
",,default
_submodules/TypeScript/tests/cases/conformance/types/spread/objectSpread.ts,,"objectSpread.ts(78,71): error TS2339: Property 'p' does not exist on type '{ plus: () => any; }'.
",,target=es2015
_submodules/TypeScript/tests/cases/conformance/types/spread/objectSpreadRepeatedComplexity.ts,,"objectSpreadRepeatedComplexity.ts(1,24): error TS2344: Type 'number' does not satisfy the constraint 'string'.
",,default
_submodules/TypeScript/tests/cases/conformance/types/stringLiteral/stringLiteralTypesAsTypeParameterConstraint02.ts,,"stringLiteralTypesAsTypeParameterConstraint02.ts(5,13): error TS2345: Argument of type '(y: ""foo"" | ""bar"") => string | ""foo"" | ""bar""' is not assignable to parameter of type '(x: ""foo"") => ""foo""'.
  Type 'string | ""foo"" | ""bar""' is not assignable to type '""foo""'.
    Type 'string' is not assignable to type '""foo""'.
",,default
_submodules/TypeScript/tests/cases/conformance/types/stringLiteral/stringLiteralTypesWithTemplateStrings01.ts,,"stringLiteralTypesWithTemplateStrings01.ts(1,5): error TS2322: Type 'string' is not assignable to type '""ABC""'.
stringLiteralTypesWithTemplateStrings01.ts(2,5): error TS2322: Type 'string' is not assignable to type '""DE
F""'.
stringLiteralTypesWithTemplateStrings01.ts(5,5): error TS2322: Type 'string' is not assignable to type '""JK`L""'.
",,default
_submodules/TypeScript/tests/cases/conformance/types/thisType/contextualThisType.ts,,"contextualThisType.ts(9,7): error TS7006: Parameter 'p' implicitly has an 'any' type.
",,default
_submodules/TypeScript/tests/cases/conformance/types/thisType/inferThisType.ts,,"inferThisType.ts(3,3): error TS2345: Argument of type '() => void' is not assignable to parameter of type '() => void'.
",,default
_submodules/TypeScript/tests/cases/conformance/types/thisType/thisTypeInObjectLiterals2.ts,,"thisTypeInObjectLiterals2.ts(15,9): error TS7023: 'd' implicitly has return type 'any' because it does not have a return type annotation and is referenced directly or indirectly in one of its return expressions.
thisTypeInObjectLiterals2.ts(39,12): error TS7006: Parameter 'dx' implicitly has an 'any' type.
thisTypeInObjectLiterals2.ts(39,16): error TS7006: Parameter 'dy' implicitly has an 'any' type.
thisTypeInObjectLiterals2.ts(39,20): error TS7006: Parameter 'dz' implicitly has an 'any' type.
thisTypeInObjectLiterals2.ts(42,18): error TS2339: Property 'z' does not exist on type '{ x: number; y: number; moveBy: (dx: any, dy: any, dz: any) => any; }'.
thisTypeInObjectLiterals2.ts(43,18): error TS2339: Property 'z' does not exist on type '{ x: number; y: number; moveBy: (dx: any, dy: any, dz: any) => any; }'.
thisTypeInObjectLiterals2.ts(51,12): error TS7006: Parameter 'dx' implicitly has an 'any' type.
thisTypeInObjectLiterals2.ts(51,16): error TS7006: Parameter 'dy' implicitly has an 'any' type.
thisTypeInObjectLiterals2.ts(51,20): error TS7006: Parameter 'dz' implicitly has an 'any' type.
thisTypeInObjectLiterals2.ts(54,18): error TS2339: Property 'z' does not exist on type '{ x: number; y: number; moveBy: (dx: any, dy: any, dz: any) => any; }'.
thisTypeInObjectLiterals2.ts(55,18): error TS2339: Property 'z' does not exist on type '{ x: number; y: number; moveBy: (dx: any, dy: any, dz: any) => any; }'.
thisTypeInObjectLiterals2.ts(63,12): error TS7006: Parameter 'dx' implicitly has an 'any' type.
thisTypeInObjectLiterals2.ts(63,16): error TS7006: Parameter 'dy' implicitly has an 'any' type.
thisTypeInObjectLiterals2.ts(63,20): error TS7006: Parameter 'dz' implicitly has an 'any' type.
thisTypeInObjectLiterals2.ts(66,18): error TS2339: Property 'z' does not exist on type '{ x: number; y: number; moveBy: (dx: any, dy: any, dz: any) => any; }'.
thisTypeInObjectLiterals2.ts(67,18): error TS2339: Property 'z' does not exist on type '{ x: number; y: number; moveBy: (dx: any, dy: any, dz: any) => any; }'.
thisTypeInObjectLiterals2.ts(75,12): error TS7006: Parameter 'dx' implicitly has an 'any' type.
thisTypeInObjectLiterals2.ts(75,16): error TS7006: Parameter 'dy' implicitly has an 'any' type.
thisTypeInObjectLiterals2.ts(75,20): error TS7006: Parameter 'dz' implicitly has an 'any' type.
thisTypeInObjectLiterals2.ts(78,18): error TS2339: Property 'z' does not exist on type '{ x: number; y: number; moveBy: (dx: any, dy: any, dz: any) => any; }'.
thisTypeInObjectLiterals2.ts(79,18): error TS2339: Property 'z' does not exist on type '{ x: number; y: number; moveBy: (dx: any, dy: any, dz: any) => any; }'.
thisTypeInObjectLiterals2.ts(89,12): error TS7006: Parameter 'dx' implicitly has an 'any' type.
thisTypeInObjectLiterals2.ts(89,16): error TS7006: Parameter 'dy' implicitly has an 'any' type.
thisTypeInObjectLiterals2.ts(89,20): error TS7006: Parameter 'dz' implicitly has an 'any' type.
thisTypeInObjectLiterals2.ts(92,18): error TS2339: Property 'z' does not exist on type '{ x: number; y: number; moveBy: (dx: any, dy: any, dz: any) => any; }'.
thisTypeInObjectLiterals2.ts(93,18): error TS2339: Property 'z' does not exist on type '{ x: number; y: number; moveBy: (dx: any, dy: any, dz: any) => any; }'.
thisTypeInObjectLiterals2.ts(103,12): error TS7006: Parameter 'dx' implicitly has an 'any' type.
thisTypeInObjectLiterals2.ts(103,16): error TS7006: Parameter 'dy' implicitly has an 'any' type.
thisTypeInObjectLiterals2.ts(103,20): error TS7006: Parameter 'dz' implicitly has an 'any' type.
thisTypeInObjectLiterals2.ts(106,18): error TS2339: Property 'z' does not exist on type '{ x: number; y: number; moveBy: (dx: any, dy: any, dz: any) => any; }'.
thisTypeInObjectLiterals2.ts(107,18): error TS2339: Property 'z' does not exist on type '{ x: number; y: number; moveBy: (dx: any, dy: any, dz: any) => any; }'.
thisTypeInObjectLiterals2.ts(122,21): error TS2345: Argument of type '{ data: { x: number; y: number; }; methods: any; }' is not assignable to parameter of type '{ data?: D | undefined; methods?: M & ThisType<D & M> | undefined; }'.
  Types of property 'data' are incompatible.
    Type '{ x: 0; y: 0; }' is not assignable to type 'D | undefined'.
thisTypeInObjectLiterals2.ts(142,22): error TS2345: Argument of type '{ data: { x: number; y: number; }; methods: any; }' is not assignable to parameter of type '{ data?: D | undefined; methods?: M & ThisType<D & M> | undefined; }'.
  Types of property 'data' are incompatible.
    Type '{ x: 0; y: 0; }' is not assignable to type 'D | undefined'.
thisTypeInObjectLiterals2.ts(168,33): error TS2345: Argument of type '{ value: number; }' is not assignable to parameter of type '{ value?: U | undefined; get: () => U; set: (value: U[K]) => void; } & ThisType<{ x: number; y: number; z?: number | undefined; moveBy: (dx: number, dy: number, dz: number | undefined) => void; }>'.
  Types of property 'value' are incompatible.
    Type '42' is not assignable to type 'U | undefined'.
",,target=es2015
_submodules/TypeScript/tests/cases/conformance/types/thisType/thisTypeInTaggedTemplateCall.ts,,"thisTypeInTaggedTemplateCall.ts(7,6): error TS1005: ';' expected.
thisTypeInTaggedTemplateCall.ts(8,8): error TS1005: ';' expected.
",,default
_submodules/TypeScript/tests/cases/conformance/types/thisType/thisTypeInTuples.ts,,"thisTypeInTuples.ts(6,11): error TS2339: Property 'slice' does not exist on type '[number, string]'.
thisTypeInTuples.ts(7,11): error TS2339: Property 'slice' does not exist on type '[number, string]'.
thisTypeInTuples.ts(8,11): error TS2339: Property 'slice' does not exist on type '[number, string]'.
",,default
_submodules/TypeScript/tests/cases/conformance/types/tuple/named/partiallyNamedTuples.ts,,"partiallyNamedTuples.ts(58,21): error TS2345: Argument of type '[{ type: number; }, { type: string; }]' is not assignable to parameter of type '[{ [K in keyof T]: { type: T[K]; }; }[]]'.
  Type '{ type: number; }' is missing the following properties from type '{ [K in keyof T]: { type: T[K]; }; }[]': length, pop, push, concat, and 25 more.
",,default
_submodules/TypeScript/tests/cases/conformance/types/tuple/named/partiallyNamedTuples3.ts,,"partiallyNamedTuples3.ts(3,18): error TS7019: Rest parameter 'args' implicitly has an 'any[]' type.
",,default
_submodules/TypeScript/tests/cases/conformance/types/tuple/wideningTuples1.ts,,"wideningTuples1.ts(4,6): error TS2322: Type 'string' is not assignable to type 'undefined'.
",,default
_submodules/TypeScript/tests/cases/conformance/types/typeAliases/builtinIteratorReturn.ts,,"builtinIteratorReturn.ts(5,12): error TS2349: This expression is not callable.
  Type 'Number' has no call signatures.
",,strictbuiltiniteratorreturn=false
_submodules/TypeScript/tests/cases/conformance/types/typeAliases/builtinIteratorReturn.ts,,"builtinIteratorReturn.ts(5,12): error TS2349: This expression is not callable.
  Type 'Number' has no call signatures.
",,strictbuiltiniteratorreturn=true
_submodules/TypeScript/tests/cases/conformance/types/typeParameters/typeParameterLists/typeParameterConstModifiersReturnsAndYields.ts,,"typeParameterConstModifiersReturnsAndYields.ts(28,30): error TS2345: Argument of type '() => string' is not assignable to parameter of type '() => Promise<unknown>'.
  Type 'string' is not assignable to type 'Promise<unknown>'.
typeParameterConstModifiersReturnsAndYields.ts(29,30): error TS2345: Argument of type '() => string' is not assignable to parameter of type '() => Promise<unknown>'.
  Type 'string' is not assignable to type 'Promise<unknown>'.
typeParameterConstModifiersReturnsAndYields.ts(33,24): error TS2345: Argument of type '() => string' is not assignable to parameter of type '() => Generator<unknown, unknown>'.
  Type 'string' is not assignable to type 'Generator<unknown, unknown>'.
typeParameterConstModifiersReturnsAndYields.ts(40,24): error TS2345: Argument of type '() => string' is not assignable to parameter of type '() => AsyncGenerator<unknown, unknown>'.
  Type 'string' is not assignable to type 'AsyncGenerator<unknown, unknown>'.
typeParameterConstModifiersReturnsAndYields.ts(57,13): error TS2322: Type 'ValidRoutes[Route]' is not assignable to type '""someValue""'.
",,default
_submodules/TypeScript/tests/cases/conformance/types/typeParameters/typeParameterLists/typeParameterConstModifiersWithIntersection.ts,,"typeParameterConstModifiersWithIntersection.ts(19,3): error TS2353: Object literal may only specify known properties, and 'extra' does not exist in type '{ produceThing: T1; } & Config<T1>'.
",,default
_submodules/TypeScript/tests/cases/conformance/types/typeRelationships/assignmentCompatibility/anyAssignabilityInInheritance.ts,,"anyAssignabilityInInheritance.ts(16,5): error TS2403: Subsequent variable declarations must have the same type.  Variable 'r3' must be of type 'number', but here has type 'string'.
anyAssignabilityInInheritance.ts(20,5): error TS2403: Subsequent variable declarations must have the same type.  Variable 'r3' must be of type 'number', but here has type 'string'.
anyAssignabilityInInheritance.ts(24,5): error TS2403: Subsequent variable declarations must have the same type.  Variable 'r3' must be of type 'number', but here has type 'string'.
anyAssignabilityInInheritance.ts(28,5): error TS2403: Subsequent variable declarations must have the same type.  Variable 'r3' must be of type 'number', but here has type 'string'.
anyAssignabilityInInheritance.ts(32,5): error TS2403: Subsequent variable declarations must have the same type.  Variable 'r3' must be of type 'number', but here has type 'string'.
anyAssignabilityInInheritance.ts(36,5): error TS2403: Subsequent variable declarations must have the same type.  Variable 'r3' must be of type 'number', but here has type 'string'.
anyAssignabilityInInheritance.ts(41,5): error TS2403: Subsequent variable declarations must have the same type.  Variable 'r3' must be of type 'number', but here has type 'string'.
anyAssignabilityInInheritance.ts(46,5): error TS2403: Subsequent variable declarations must have the same type.  Variable 'r3' must be of type 'number', but here has type 'string'.
anyAssignabilityInInheritance.ts(51,5): error TS2403: Subsequent variable declarations must have the same type.  Variable 'r3' must be of type 'number', but here has type 'string'.
anyAssignabilityInInheritance.ts(55,5): error TS2403: Subsequent variable declarations must have the same type.  Variable 'r3' must be of type 'number', but here has type 'string'.
anyAssignabilityInInheritance.ts(59,5): error TS2403: Subsequent variable declarations must have the same type.  Variable 'r3' must be of type 'number', but here has type 'string'.
anyAssignabilityInInheritance.ts(64,5): error TS2403: Subsequent variable declarations must have the same type.  Variable 'r3' must be of type 'number', but here has type 'string'.
anyAssignabilityInInheritance.ts(72,5): error TS2403: Subsequent variable declarations must have the same type.  Variable 'r3' must be of type 'number', but here has type 'string'.
anyAssignabilityInInheritance.ts(80,5): error TS2403: Subsequent variable declarations must have the same type.  Variable 'r3' must be of type 'number', but here has type 'string'.
anyAssignabilityInInheritance.ts(84,5): error TS2403: Subsequent variable declarations must have the same type.  Variable 'r3' must be of type 'number', but here has type 'string'.
anyAssignabilityInInheritance.ts(88,5): error TS2403: Subsequent variable declarations must have the same type.  Variable 'r3' must be of type 'number', but here has type 'string'.
",,default
_submodules/TypeScript/tests/cases/conformance/types/typeRelationships/assignmentCompatibility/assignmentCompatWithObjectMembersNumericNames.ts,,"assignmentCompatWithObjectMembersNumericNames.ts(20,1): error TS2741: Property '1' is missing in type 'T' but required in type 'S'.
assignmentCompatWithObjectMembersNumericNames.ts(21,1): error TS2741: Property '1.' is missing in type 'S' but required in type 'T'.
assignmentCompatWithObjectMembersNumericNames.ts(23,1): error TS2741: Property '1' is missing in type '{ 1.0: string; }' but required in type 'S'.
assignmentCompatWithObjectMembersNumericNames.ts(25,1): error TS2741: Property '1' is missing in type 'T2' but required in type 'S2'.
assignmentCompatWithObjectMembersNumericNames.ts(26,1): error TS2741: Property '1.0' is missing in type 'S2' but required in type 'T2'.
assignmentCompatWithObjectMembersNumericNames.ts(27,1): error TS2741: Property '1' is missing in type 'T' but required in type 'S2'.
assignmentCompatWithObjectMembersNumericNames.ts(28,1): error TS2741: Property '1' is missing in type '{ 1.0: string; baz?: string; }' but required in type 'S2'.
assignmentCompatWithObjectMembersNumericNames.ts(29,1): error TS2741: Property '1' is missing in type '{ 1.0: string; }' but required in type 'S2'.
assignmentCompatWithObjectMembersNumericNames.ts(31,1): error TS2741: Property '1.' is missing in type '{ 1.0: string; baz?: string; }' but required in type '{ 1.: string; bar?: string; }'.
assignmentCompatWithObjectMembersNumericNames.ts(32,1): error TS2741: Property '1.0' is missing in type '{ 1.: string; bar?: string; }' but required in type '{ 1.0: string; baz?: string; }'.
assignmentCompatWithObjectMembersNumericNames.ts(33,1): error TS2741: Property '1.' is missing in type 'S' but required in type '{ 1.: string; bar?: string; }'.
assignmentCompatWithObjectMembersNumericNames.ts(34,1): error TS2741: Property '1.' is missing in type 'S2' but required in type '{ 1.: string; bar?: string; }'.
assignmentCompatWithObjectMembersNumericNames.ts(35,1): error TS2741: Property '1.' is missing in type '{ 1.0: string; }' but required in type '{ 1.: string; bar?: string; }'.
assignmentCompatWithObjectMembersNumericNames.ts(37,1): error TS2741: Property '1.0' is missing in type '{ 1: string; }' but required in type '{ 1.0: string; }'.
assignmentCompatWithObjectMembersNumericNames.ts(38,1): error TS2741: Property '1' is missing in type '{ 1.0: string; }' but required in type '{ 1: string; }'.
assignmentCompatWithObjectMembersNumericNames.ts(41,1): error TS2741: Property '1.0' is missing in type 'T' but required in type '{ 1.0: string; }'.
",,default
_submodules/TypeScript/tests/cases/conformance/types/typeRelationships/comparable/equalityWithUnionTypes01.ts,,"equalityWithUnionTypes01.ts(11,5): error TS2353: Object literal may only specify known properties, and 'p2' does not exist in type 'I1'.
",,default
_submodules/TypeScript/tests/cases/conformance/types/typeRelationships/typeAndMemberIdentity/typeParametersAreIdenticalToThemselves.ts,,"typeParametersAreIdenticalToThemselves.ts(26,5): error TS2394: This overload signature is not compatible with its implementation signature.
typeParametersAreIdenticalToThemselves.ts(27,5): error TS2394: This overload signature is not compatible with its implementation signature.
typeParametersAreIdenticalToThemselves.ts(30,5): error TS2394: This overload signature is not compatible with its implementation signature.
typeParametersAreIdenticalToThemselves.ts(31,5): error TS2394: This overload signature is not compatible with its implementation signature.
typeParametersAreIdenticalToThemselves.ts(44,5): error TS2394: This overload signature is not compatible with its implementation signature.
typeParametersAreIdenticalToThemselves.ts(45,5): error TS2394: This overload signature is not compatible with its implementation signature.
typeParametersAreIdenticalToThemselves.ts(48,5): error TS2394: This overload signature is not compatible with its implementation signature.
typeParametersAreIdenticalToThemselves.ts(49,5): error TS2394: This overload signature is not compatible with its implementation signature.
",,default
_submodules/TypeScript/tests/cases/conformance/types/typeRelationships/typeInference/discriminatedUnionInference.ts,,"discriminatedUnionInference.ts(18,14): error TS2345: Argument of type '{ kind: string; data: number; }' is not assignable to parameter of type '{ kind: ""a""; data: T; } | { kind: ""b""; data: T[]; }'.
  Types of property 'data' are incompatible.
    Type '42' is not assignable to type 'T'.
discriminatedUnionInference.ts(19,14): error TS2345: Argument of type '{ kind: string; data: number[]; }' is not assignable to parameter of type '{ kind: ""a""; data: T; } | { kind: ""b""; data: T[]; }'.
  Types of property 'kind' are incompatible.
    Type '""b""' is not assignable to type '""a""'.
",,default
_submodules/TypeScript/tests/cases/conformance/types/typeRelationships/typeInference/genericCallTypeArgumentInference.ts,,"genericCallTypeArgumentInference.ts(61,15): error TS2345: Argument of type '""""' is not assignable to parameter of type 'T'.
  'T' could be instantiated with an arbitrary type which could be unrelated to '""""'.
genericCallTypeArgumentInference.ts(62,16): error TS2345: Argument of type '""""' is not assignable to parameter of type 'T'.
  'T' could be instantiated with an arbitrary type which could be unrelated to '""""'.
genericCallTypeArgumentInference.ts(63,17): error TS2345: Argument of type '""""' is not assignable to parameter of type 'T'.
  'T' could be instantiated with an arbitrary type which could be unrelated to '""""'.
genericCallTypeArgumentInference.ts(64,23): error TS2345: Argument of type '1' is not assignable to parameter of type 'U'.
  'U' could be instantiated with an arbitrary type which could be unrelated to '1'.
genericCallTypeArgumentInference.ts(65,17): error TS2345: Argument of type '""""' is not assignable to parameter of type 'T'.
  'T' could be instantiated with an arbitrary type which could be unrelated to '""""'.
genericCallTypeArgumentInference.ts(84,5): error TS2403: Subsequent variable declarations must have the same type.  Variable 'r4' must be of type 'any', but here has type 'string'.
genericCallTypeArgumentInference.ts(85,5): error TS2403: Subsequent variable declarations must have the same type.  Variable 'r5' must be of type 'any', but here has type 'number'.
genericCallTypeArgumentInference.ts(86,5): error TS2403: Subsequent variable declarations must have the same type.  Variable 'r6' must be of type 'any', but here has type 'boolean'.
genericCallTypeArgumentInference.ts(87,5): error TS2403: Subsequent variable declarations must have the same type.  Variable 'r7' must be of type 'any', but here has type 'string'.
genericCallTypeArgumentInference.ts(88,5): error TS2403: Subsequent variable declarations must have the same type.  Variable 'r8' must be of type 'any', but here has type 'boolean'.
genericCallTypeArgumentInference.ts(89,5): error TS2403: Subsequent variable declarations must have the same type.  Variable 'r9' must be of type 'any', but here has type 'unknown'.
genericCallTypeArgumentInference.ts(90,5): error TS2403: Subsequent variable declarations must have the same type.  Variable 'r10' must be of type 'any', but here has type 'unknown'.
genericCallTypeArgumentInference.ts(91,5): error TS2403: Subsequent variable declarations must have the same type.  Variable 'r11' must be of type 'any', but here has type 'unknown'.
",,default
_submodules/TypeScript/tests/cases/conformance/types/typeRelationships/typeInference/genericCallWithConstraintsTypeArgumentInference.ts,,"genericCallWithConstraintsTypeArgumentInference.ts(98,5): error TS2403: Subsequent variable declarations must have the same type.  Variable 'r4' must be of type 'any', but here has type 'Base'.
genericCallWithConstraintsTypeArgumentInference.ts(99,5): error TS2403: Subsequent variable declarations must have the same type.  Variable 'r5' must be of type 'any', but here has type 'Derived'.
genericCallWithConstraintsTypeArgumentInference.ts(100,5): error TS2403: Subsequent variable declarations must have the same type.  Variable 'r6' must be of type 'any', but here has type 'Derived'.
genericCallWithConstraintsTypeArgumentInference.ts(101,5): error TS2403: Subsequent variable declarations must have the same type.  Variable 'r7' must be of type 'any', but here has type 'Base'.
genericCallWithConstraintsTypeArgumentInference.ts(102,5): error TS2403: Subsequent variable declarations must have the same type.  Variable 'r8' must be of type 'any', but here has type 'Derived'.
genericCallWithConstraintsTypeArgumentInference.ts(103,5): error TS2403: Subsequent variable declarations must have the same type.  Variable 'r8b' must be of type 'any', but here has type 'Derived2'.
genericCallWithConstraintsTypeArgumentInference.ts(104,5): error TS2403: Subsequent variable declarations must have the same type.  Variable 'r9' must be of type 'any', but here has type 'Derived'.
genericCallWithConstraintsTypeArgumentInference.ts(105,5): error TS2403: Subsequent variable declarations must have the same type.  Variable 'r10' must be of type 'any', but here has type 'Base'.
genericCallWithConstraintsTypeArgumentInference.ts(106,5): error TS2403: Subsequent variable declarations must have the same type.  Variable 'r11' must be of type 'any', but here has type 'Base'.
",,default
_submodules/TypeScript/tests/cases/conformance/types/typeRelationships/typeInference/genericCallWithGenericSignatureArguments.ts,,"genericCallWithGenericSignatureArguments.ts(10,25): error TS2345: Argument of type '(x: unknown) => string' is not assignable to parameter of type '(x: number) => number'.
  Type 'string' is not assignable to type 'number'.
",,default
_submodules/TypeScript/tests/cases/conformance/types/typeRelationships/typeInference/genericCallWithOverloadedFunctionTypedArguments.ts,,"genericCallWithOverloadedFunctionTypedArguments.ts(15,19): error TS2345: Argument of type '(x: boolean) => boolean' is not assignable to parameter of type '(x: boolean) => boolean'.
  Types of parameters 'x' and 'x' are incompatible.
    Type 'string' is not assignable to type 'boolean'.
genericCallWithOverloadedFunctionTypedArguments.ts(16,19): error TS2345: Argument of type '(x: boolean) => boolean' is not assignable to parameter of type '(x: boolean) => boolean'.
  Types of parameters 'x' and 'x' are incompatible.
    Type 'string' is not assignable to type 'boolean'.
genericCallWithOverloadedFunctionTypedArguments.ts(24,19): error TS2345: Argument of type '(x: unknown) => unknown' is not assignable to parameter of type '(x: unknown) => string'.
  Type 'unknown' is not assignable to type 'string'.
genericCallWithOverloadedFunctionTypedArguments.ts(32,19): error TS2345: Argument of type '(x: unknown) => unknown' is not assignable to parameter of type '(x: unknown) => string'.
  Type 'unknown' is not assignable to type 'string'.
genericCallWithOverloadedFunctionTypedArguments.ts(40,23): error TS2345: Argument of type '(x: number) => number' is not assignable to parameter of type '(x: number) => string'.
  Type 'number' is not assignable to type 'string'.
",,default
_submodules/TypeScript/tests/cases/conformance/types/typeRelationships/typeInference/genericContextualTypes1.ts,,"genericContextualTypes1.ts(25,7): error TS2322: Type '(a: unknown) => T[]' is not assignable to type '<A>(x: A) => A[]'.
  Type 'T[]' is not assignable to type 'A[]'.
genericContextualTypes1.ts(25,36): error TS2345: Argument of type '<T>(a: T) => T[]' is not assignable to parameter of type '(a: unknown) => T[]'.
  Type 'unknown[]' is not assignable to type 'T[]'.
genericContextualTypes1.ts(26,7): error TS2322: Type '(a: unknown) => unknown[]' is not assignable to type '<A>(x: A) => A[]'.
  Type 'unknown[]' is not assignable to type 'A[]'.
genericContextualTypes1.ts(28,7): error TS2322: Type '(a: unknown) => { value: unknown; }' is not assignable to type '<T>(x: T) => { value: T[]; }'.
  Type '{ value: unknown; }' is not assignable to type '{ value: T[]; }'.
    Types of property 'value' are incompatible.
      Type 'unknown' is not assignable to type 'T[]'.
genericContextualTypes1.ts(29,7): error TS2322: Type '(a: unknown) => { value: V; }' is not assignable to type '<T>(x: T) => { value: T[]; }'.
  Type '{ value: V; }' is not assignable to type '{ value: T[]; }'.
    Types of property 'value' are incompatible.
      Type 'V' is not assignable to type 'T[]'.
genericContextualTypes1.ts(29,44): error TS2345: Argument of type '<T>(a: T) => T[]' is not assignable to parameter of type '(a: unknown) => T[]'.
  Type 'unknown[]' is not assignable to type 'T[]'.
genericContextualTypes1.ts(30,7): error TS2322: Type '(a: unknown) => unknown' is not assignable to type '<T>(x: { value: T[]; }) => T'.
  Type 'unknown' is not assignable to type 'T'.
    'T' could be instantiated with an arbitrary type which could be unrelated to 'unknown'.
genericContextualTypes1.ts(30,55): error TS2345: Argument of type 'unknown' is not assignable to parameter of type '{ value: W; }'.
genericContextualTypes1.ts(30,71): error TS2345: Argument of type 'unknown' is not assignable to parameter of type 'unknown[]'.
genericContextualTypes1.ts(31,7): error TS2322: Type '(a: unknown) => T' is not assignable to type '<T>(x: { value: T[]; }) => T'.
  Type 'T' is not assignable to type 'T'.
    'T' could be instantiated with an arbitrary type which could be unrelated to 'T'.
genericContextualTypes1.ts(31,44): error TS2345: Argument of type '<W>(x: { value: W; }) => W' is not assignable to parameter of type '(a: unknown) => W'.
  Types of parameters 'x' and 'a' are incompatible.
    Type 'unknown' is not assignable to type '{ value: W; }'.
genericContextualTypes1.ts(37,7): error TS2322: Type '(a: unknown[]) => unknown[][]' is not assignable to type '<A>(a: A[]) => A[][]'.
  Type 'unknown[][]' is not assignable to type 'A[][]'.
genericContextualTypes1.ts(38,7): error TS2322: Type '(a: unknown[]) => T[]' is not assignable to type '<A>(a: A[]) => A[]'.
  Type 'T[]' is not assignable to type 'A[]'.
genericContextualTypes1.ts(39,7): error TS2322: Type '(a: unknown[]) => { value: unknown; }[]' is not assignable to type '<A>(a: A[]) => { value: A; }[]'.
  Type '{ value: unknown; }[]' is not assignable to type '{ value: A; }[]'.
    Types of property 'value' are incompatible.
      Type 'unknown' is not assignable to type 'A'.
genericContextualTypes1.ts(42,7): error TS2322: Type '(a: unknown[]) => string[]' is not assignable to type '<T>(a: T[]) => T[]'.
  Type 'string[]' is not assignable to type 'T[]'.
genericContextualTypes1.ts(44,7): error TS2322: Type '(y: unknown, x: unknown) => [A, B]' is not assignable to type '<A, B>(b: B, a: A) => [A, B]'.
  Type '[A, B]' is not assignable to type '[A, B]'.
genericContextualTypes1.ts(44,48): error TS2345: Argument of type '<A, B>(a: A, b: B) => [A, B]' is not assignable to parameter of type '(x: unknown, y: unknown) => [A, B]'.
  Type '[unknown, unknown]' is not assignable to type '[A, B]'.
",,default
_submodules/TypeScript/tests/cases/conformance/types/typeRelationships/typeInference/genericContextualTypes2.ts,,"genericContextualTypes2.ts(31,34): error TS2345: Argument of type '{ context: { count: number; }; entry: AssignAction<unknown>; }' is not assignable to parameter of type '{ context: TContext; entry?: AssignAction<TContext> | undefined; }'.
  Types of property 'context' are incompatible.
    Type '{ count: 0; }' is not assignable to type 'TContext'.
",,default
_submodules/TypeScript/tests/cases/conformance/types/typeRelationships/typeInference/genericContextualTypes3.ts,,"genericContextualTypes3.ts(31,34): error TS2345: Argument of type '{ context: { count: number; }; entry: AssignAction<unknown>; }' is not assignable to parameter of type '{ context: TContext; entry?: AssignAction<TContext> | undefined; }'.
  Types of property 'context' are incompatible.
    Type '{ count: 0; }' is not assignable to type 'TContext'.
",,default
_submodules/TypeScript/tests/cases/conformance/types/typeRelationships/typeInference/unionAndIntersectionInference3.ts,,"unionAndIntersectionInference3.ts(87,13): error TS2345: Argument of type '{ a: string; } | { b: string; }' is not assignable to parameter of type 'unknown & { a: U; } | { b: U; }'.
  Type '{ a: string; }' is not assignable to type 'unknown & { a: U; } | { b: U; }'.
    Types of property 'a' are incompatible.
      Type 'string' is not assignable to type 'U'.
",,default
_submodules/TypeScript/tests/cases/conformance/types/typeRelationships/widenedTypes/arrayLiteralWidened.ts,,"arrayLiteralWidened.ts(4,10): error TS1109: Expression expected.
arrayLiteralWidened.ts(4,11): error TS1109: Expression expected.
arrayLiteralWidened.ts(21,10): error TS1109: Expression expected.
",,default
_submodules/TypeScript/tests/cases/conformance/types/typeRelationships/widenedTypes/strictNullChecksNoWidening.ts,,"strictNullChecksNoWidening.ts(6,11): error TS1109: Expression expected.
strictNullChecksNoWidening.ts(9,16): error TS1109: Expression expected.
",,default
_submodules/TypeScript/tests/cases/conformance/types/union/contextualTypeWithUnionTypeIndexSignatures.ts,,"contextualTypeWithUnionTypeIndexSignatures.ts(40,72): error TS7006: Parameter 'a' implicitly has an 'any' type.
contextualTypeWithUnionTypeIndexSignatures.ts(41,74): error TS7006: Parameter 'a' implicitly has an 'any' type.
contextualTypeWithUnionTypeIndexSignatures.ts(43,72): error TS7006: Parameter 'a' implicitly has an 'any' type.
contextualTypeWithUnionTypeIndexSignatures.ts(44,72): error TS7006: Parameter 'a' implicitly has an 'any' type.
contextualTypeWithUnionTypeIndexSignatures.ts(50,73): error TS7006: Parameter 'a' implicitly has an 'any' type.
contextualTypeWithUnionTypeIndexSignatures.ts(51,73): error TS7006: Parameter 'a' implicitly has an 'any' type.
contextualTypeWithUnionTypeIndexSignatures.ts(53,72): error TS7006: Parameter 'a' implicitly has an 'any' type.
contextualTypeWithUnionTypeIndexSignatures.ts(54,72): error TS7006: Parameter 'a' implicitly has an 'any' type.
",,default
_submodules/TypeScript/tests/cases/conformance/types/union/discriminatedUnionTypes4.ts,,"discriminatedUnionTypes4.ts(23,7): error TS2367: This comparison appears to be unintentional because the types '`${error}` | `${error}`' and '""cat""' have no overlap.
discriminatedUnionTypes4.ts(24,24): error TS2339: Property 'meow' does not exist on type 'never'.
discriminatedUnionTypes4.ts(25,14): error TS2367: This comparison appears to be unintentional because the types '`${error}` | `${error}`' and '""dog""' have no overlap.
discriminatedUnionTypes4.ts(26,24): error TS2339: Property 'bark' does not exist on type 'never'.
discriminatedUnionTypes4.ts(28,11): error TS2345: Argument of type '{ type: `${error}`; meow: string; } | { type: `${error}`; bark: string; }' is not assignable to parameter of type 'never'.
  Type '{ type: `${error}`; meow: string; }' is not assignable to type 'never'.
discriminatedUnionTypes4.ts(35,26): error TS2339: Property 'meow' does not exist on type 'never'.
discriminatedUnionTypes4.ts(38,26): error TS2339: Property 'bark' does not exist on type 'never'.
discriminatedUnionTypes4.ts(41,13): error TS2345: Argument of type '{ type: `${error}`; meow: string; } | { type: `${error}`; bark: string; }' is not assignable to parameter of type 'never'.
  Type '{ type: `${error}`; meow: string; }' is not assignable to type 'never'.
discriminatedUnionTypes4.ts(48,26): error TS2339: Property 'meow' does not exist on type 'never'.
discriminatedUnionTypes4.ts(51,26): error TS2339: Property 'bark' does not exist on type 'never'.
discriminatedUnionTypes4.ts(54,13): error TS2345: Argument of type '{ type: `${error}`; meow: string; } | { type: `${error}`; bark: string; }' is not assignable to parameter of type 'never'.
  Type '{ type: `${error}`; meow: string; }' is not assignable to type 'never'.
",,default
_submodules/TypeScript/tests/cases/conformance/typings/typingsLookup1.ts,,,,default
_submodules/TypeScript/tests/cases/conformance/typings/typingsLookup3.ts,,,,default
_submodules/TypeScript/tests/cases/conformance/typings/typingsLookup4.ts,,"/a.ts(2,19): error TS2307: Cannot find module 'kquery' or its corresponding type declarations.
/a.ts(3,19): error TS2307: Cannot find module 'lquery' or its corresponding type declarations.
/a.ts(4,19): error TS2307: Cannot find module 'mquery' or its corresponding type declarations.
",,default
_submodules/TypeScript/tests/cases/conformance/typings/typingsSuggestionBun1.ts,,"a.ts(1,14): error TS2304: Cannot find name 'Bun'.
",,default
_submodules/TypeScript/tests/cases/conformance/typings/typingsSuggestionBun2.ts,,"a.ts(1,14): error TS2304: Cannot find name 'Bun'.
",,default
