suite,case,config,go_status,rust_status
compiler,ArrowFunctionExpression1.ts,[],go-diff,rust-pass
compiler,ClassDeclaration10.ts,[],go-diff,rust-pass
compiler,ClassDeclaration11.ts,[],go-diff,rust-pass
compiler,ClassDeclaration13.ts,[],go-diff,rust-pass
compiler,ClassDeclaration14.ts,[],go-diff,rust-pass
compiler,ClassDeclaration15.ts,[],go-diff,rust-pass
compiler,ClassDeclaration21.ts,[],go-diff,rust-pass
compiler,ClassDeclaration22.ts,[],go-diff,rust-pass
compiler,ClassDeclaration24.ts,[],go-diff,rust-pass
compiler,ClassDeclaration25.ts,[],go-diff,rust-pass
compiler,ClassDeclaration26.ts,[],go-diff,rust-pass
compiler,ClassDeclaration8.ts,[],go-diff,rust-pass
compiler,ClassDeclaration9.ts,[],go-diff,rust-pass
compiler,ClassDeclarationWithInvalidConstOnPropertyDeclaration.ts,[],go-diff,rust-pass
compiler,ExportAssignment7.ts,[],go-diff,rust-pass
compiler,ExportAssignment8.ts,[],go-diff,rust-pass
compiler,FunctionDeclaration3.ts,[],go-diff,rust-pass
compiler,FunctionDeclaration4.ts,[],go-diff,rust-pass
compiler,FunctionDeclaration6.ts,[],go-diff,rust-pass
compiler,FunctionDeclaration7.ts,[],go-diff,rust-pass
compiler,InterfaceDeclaration8.ts,[],go-diff,rust-pass
compiler,MemberAccessorDeclaration15.ts,[],go-diff,rust-pass
compiler,ParameterList13.ts,[],go-diff,rust-pass
compiler,ParameterList4.ts,[],go-diff,rust-pass
compiler,ParameterList5.ts,[],go-diff,rust-pass
compiler,ParameterList6.ts,[],go-diff,rust-pass
compiler,ParameterList7.ts,[],go-diff,rust-pass
compiler,ParameterList8.ts,[],go-diff,rust-pass
compiler,TransportStream.ts,[],go-diff,rust-pass
compiler,abstractClassInLocalScopeIsAbstract.ts,[],go-diff,rust-pass
compiler,abstractClassUnionInstantiation.ts,[],go-diff,rust-pass
compiler,abstractPropertyInConstructor.ts,[],go-diff,rust-pass
compiler,accessInstanceMemberFromStaticMethod01.ts,[],go-diff,rust-pass
compiler,accessStaticMemberFromInstanceMethod01.ts,[],go-diff,rust-pass
compiler,accessorBodyInTypeContext.ts,[],go-diff,rust-pass
compiler,accessorDeclarationEmitVisibilityErrors.ts,[],go-diff,rust-pass
compiler,accessorDeclarationOrder.ts,[],go-diff,rust-pass
compiler,accessorInAmbientContextES5.ts,['target=es2015'],go-diff,rust-pass
compiler,accessorParameterAccessibilityModifier.ts,['target=es2015'],go-diff,rust-pass
compiler,accessorWithInitializer.ts,['target=es2015'],go-diff,rust-pass
compiler,accessorWithRestParam.ts,['target=es2015'],go-diff,rust-pass
compiler,accessorWithoutBody1.ts,['target=es2015'],go-diff,rust-pass
compiler,accessorWithoutBody2.ts,['target=es2015'],go-diff,rust-pass
compiler,accessorsInAmbientContext.ts,['target=es2015'],go-diff,rust-pass
compiler,accessors_spec_section-4.5_error-cases.ts,[],go-diff,rust-pass
compiler,addMoreCallSignaturesToBaseSignature.ts,[],go-diff,rust-pass
compiler,addMoreCallSignaturesToBaseSignature2.ts,[],go-diff,rust-pass
compiler,addMoreOverloadsToBaseSignature.ts,[],go-diff,rust-pass
compiler,aliasAssignments.ts,[],go-diff,rust-pass
compiler,aliasBug.ts,[],go-diff,rust-pass
compiler,aliasDoesNotDuplicateSignatures.ts,[],go-diff,rust-pass
compiler,aliasErrors.ts,[],go-diff,rust-pass
compiler,aliasOnMergedModuleInterface.ts,[],go-diff,rust-pass
compiler,aliasUsageInAccessorsOfClass.ts,['target=es2015'],go-diff,rust-pass
compiler,aliasUsageInArray.ts,[],go-diff,rust-pass
compiler,aliasUsageInFunctionExpression.ts,[],go-diff,rust-pass
compiler,aliasUsageInGenericFunction.ts,[],go-diff,rust-pass
compiler,aliasUsageInIndexerOfClass.ts,[],go-diff,rust-pass
compiler,aliasUsageInObjectLiteral.ts,[],go-diff,rust-pass
compiler,aliasUsageInOrExpression.ts,[],go-diff,rust-pass
compiler,aliasUsageInTypeArgumentOfExtendsClause.ts,[],go-diff,rust-pass
compiler,aliasUsageInVarAssignment.ts,[],go-diff,rust-pass
compiler,aliasWithInterfaceExportAssignmentUsedInVarInitializer.ts,[],go-diff,rust-pass
compiler,allowImportClausesToMergeWithTypes.ts,[],go-diff,rust-pass
compiler,allowSyntheticDefaultImports10.ts,[],go-diff,rust-pass
compiler,allowSyntheticDefaultImports9.ts,[],go-pass,rust-diff
compiler,alwaysStrict.ts,[],go-diff,rust-pass
compiler,alwaysStrictES6.ts,[],go-diff,rust-pass
compiler,alwaysStrictModule.ts,[],go-diff,rust-pass
compiler,ambientEnum1.ts,[],go-diff,rust-pass
compiler,ambientErrors1.ts,[],go-diff,rust-pass
compiler,ambientExternalModuleInAnotherExternalModule.ts,[],go-diff,rust-pass
compiler,ambientExternalModuleWithRelativeExternalImportDeclaration.ts,[],go-diff,rust-pass
compiler,ambientExternalModuleWithRelativeModuleName.ts,[],go-diff,rust-pass
compiler,ambientGetters.ts,['target=es2015'],go-diff,rust-pass
compiler,ambientModules.ts,[],go-diff,rust-pass
compiler,ambientStatement1.ts,[],go-diff,rust-pass
compiler,ambiguousOverload.ts,[],go-diff,rust-pass
compiler,amdDependencyComment1.ts,[],go-diff,rust-pass
compiler,amdDependencyCommentName1.ts,[],go-diff,rust-pass
compiler,anonymousClassExpression2.ts,[],go-diff,rust-pass
compiler,anonymousModules.ts,[],go-diff,rust-pass
compiler,anyDeclare.ts,[],go-diff,rust-pass
compiler,anyIdenticalToItself.ts,[],go-diff,rust-pass
compiler,anyIndexedAccessArrayNoException.ts,[],go-diff,rust-pass
compiler,anyInferenceAnonymousFunctions.ts,[],go-diff,rust-pass
compiler,anyMappedTypesError.ts,[],go-diff,rust-pass
compiler,arguments.ts,[],go-diff,rust-pass
compiler,argumentsSpreadRestIterables.tsx,['target=esnext'],go-pass,rust-diff
compiler,argumentsUsedInClassFieldInitializerOrStaticInitializationBlock.ts,[],go-diff,rust-pass
compiler,arithAssignTyping.ts,[],go-diff,rust-pass
compiler,arithmeticOnInvalidTypes.ts,[],go-diff,rust-pass
compiler,arithmeticOnInvalidTypes2.ts,[],go-diff,rust-pass
compiler,arityErrorRelatedSpanBindingPattern.ts,[],go-diff,rust-pass
compiler,arrayAssignmentTest1.ts,[],go-diff,rust-pass
compiler,arrayAssignmentTest2.ts,[],go-diff,rust-pass
compiler,arrayAssignmentTest3.ts,[],go-diff,rust-pass
compiler,arrayAssignmentTest4.ts,[],go-diff,rust-pass
compiler,arrayAssignmentTest5.ts,[],go-diff,rust-pass
compiler,arrayAssignmentTest6.ts,[],go-diff,rust-pass
compiler,arrayBindingPatternOmittedExpressions.ts,[],go-diff,rust-pass
compiler,arrayBufferIsViewNarrowsType.ts,[],go-diff,rust-pass
compiler,arrayDestructuringInSwitch1.ts,[],go-pass,rust-diff
compiler,arrayFind.ts,[],go-pass,rust-diff
compiler,arrayFromAsync.ts,[],go-pass,rust-diff
compiler,arrayIndexWithArrayFails.ts,[],go-diff,rust-pass
compiler,arrayIterationLibES5TargetDifferent.ts,"['nolib=true', 'target=es2015']",go-pass,rust-diff
compiler,arrayIterationLibES5TargetDifferent.ts,"['nolib=true', 'target=esnext']",go-pass,rust-diff
compiler,arrayLiteralAndArrayConstructorEquivalence1.ts,[],go-diff,rust-pass
compiler,arrayLiteralTypeInference.ts,[],go-diff,rust-pass
compiler,arrayOfExportedClass.ts,[],go-diff,rust-pass
compiler,arrayReferenceWithoutTypeArgs.ts,[],go-diff,rust-pass
compiler,arraySlice.ts,[],go-diff,rust-pass
compiler,arrayToLocaleStringES2020.ts,[],go-pass,rust-diff
compiler,arrayconcat.ts,[],go-diff,rust-pass
compiler,arrowFunctionInConstructorArgument1.ts,[],go-diff,rust-pass
compiler,arrowFunctionMissingCurlyWithSemicolon.ts,[],go-diff,rust-pass
compiler,arrowFunctionParsingGenericInObject.ts,[],go-pass,rust-diff
compiler,arrowFunctionWithObjectLiteralBody1.ts,[],go-diff,rust-pass
compiler,arrowFunctionWithObjectLiteralBody2.ts,[],go-diff,rust-pass
compiler,asiAbstract.ts,[],go-diff,rust-pass
compiler,asiAmbientFunctionDeclaration.ts,[],go-diff,rust-pass
compiler,asiReturn.ts,[],go-diff,rust-pass
compiler,assertInWrapSomeTypeParameter.ts,[],go-diff,rust-pass
compiler,assertionFunctionsCanNarrowByDiscriminant.ts,[],go-pass,rust-diff
compiler,assignToEnum.ts,[],go-diff,rust-pass
compiler,assignToExistingClass.ts,[],go-diff,rust-pass
compiler,assignToFn.ts,[],go-diff,rust-pass
compiler,assignToInvalidLHS.ts,[],go-diff,rust-pass
compiler,assignToModule.ts,[],go-diff,rust-pass
compiler,assigningFunctionToTupleIssuesError.ts,[],go-diff,rust-pass
compiler,assignmentCompat1.ts,[],go-diff,rust-pass
compiler,assignmentCompatBug5.ts,[],go-diff,rust-pass
compiler,assignmentCompatability10.ts,[],go-pass,rust-diff
compiler,assignmentCompatability11.ts,[],go-diff,rust-pass
compiler,assignmentCompatability12.ts,[],go-diff,rust-pass
compiler,assignmentCompatability13.ts,[],go-diff,rust-pass
compiler,assignmentCompatability14.ts,[],go-diff,rust-pass
compiler,assignmentCompatability15.ts,[],go-diff,rust-pass
compiler,assignmentCompatability16.ts,[],go-diff,rust-pass
compiler,assignmentCompatability17.ts,[],go-diff,rust-pass
compiler,assignmentCompatability18.ts,[],go-diff,rust-pass
compiler,assignmentCompatability19.ts,[],go-diff,rust-pass
compiler,assignmentCompatability2.ts,[],go-diff,rust-pass
compiler,assignmentCompatability20.ts,[],go-diff,rust-pass
compiler,assignmentCompatability21.ts,[],go-diff,rust-pass
compiler,assignmentCompatability22.ts,[],go-diff,rust-pass
compiler,assignmentCompatability23.ts,[],go-diff,rust-pass
compiler,assignmentCompatability24.ts,[],go-diff,rust-pass
compiler,assignmentCompatability25.ts,[],go-diff,rust-pass
compiler,assignmentCompatability26.ts,[],go-diff,rust-pass
compiler,assignmentCompatability27.ts,[],go-diff,rust-pass
compiler,assignmentCompatability28.ts,[],go-diff,rust-pass
compiler,assignmentCompatability29.ts,[],go-diff,rust-pass
compiler,assignmentCompatability30.ts,[],go-diff,rust-pass
compiler,assignmentCompatability31.ts,[],go-diff,rust-pass
compiler,assignmentCompatability32.ts,[],go-diff,rust-pass
compiler,assignmentCompatability33.ts,[],go-diff,rust-pass
compiler,assignmentCompatability34.ts,[],go-diff,rust-pass
compiler,assignmentCompatability36.ts,[],go-diff,rust-pass
compiler,assignmentCompatability37.ts,[],go-diff,rust-pass
compiler,assignmentCompatability38.ts,[],go-diff,rust-pass
compiler,assignmentCompatability4.ts,[],go-diff,rust-pass
compiler,assignmentCompatability43.ts,[],go-diff,rust-pass
compiler,assignmentCompatability46.ts,[],go-diff,rust-pass
compiler,assignmentCompatability8.ts,[],go-pass,rust-diff
compiler,assignmentCompatibilityForConstrainedTypeParameters.ts,[],go-diff,rust-pass
compiler,assignmentIndexedToPrimitives.ts,[],go-diff,rust-pass
compiler,assignmentRestElementWithErrorSourceType.ts,[],go-diff,rust-pass
compiler,assignmentToFunction.ts,[],go-diff,rust-pass
compiler,assignmentToParenthesizedExpression1.ts,[],go-diff,rust-pass
compiler,assignmentToReferenceTypes.ts,[],go-diff,rust-pass
compiler,asyncFunctionContextuallyTypedReturns.ts,[],go-pass,rust-diff
compiler,asyncFunctionReturnExpressionErrorSpans.ts,[],go-diff,rust-pass
compiler,asyncFunctionReturnType.ts,[],go-pass,rust-diff
compiler,asyncYieldStarContextualType.ts,[],go-pass,rust-diff
compiler,augmentExportEquals3.ts,[],go-pass,rust-diff
compiler,augmentExportEquals4.ts,[],go-pass,rust-diff
compiler,augmentExportEquals6.ts,[],go-pass,rust-diff
compiler,augmentedClassWithPrototypePropertyOnModule.ts,[],go-diff,rust-pass
compiler,augmentedTypesClass.ts,[],go-diff,rust-pass
compiler,augmentedTypesClass2.ts,[],go-diff,rust-pass
compiler,augmentedTypesClass2a.ts,[],go-diff,rust-pass
compiler,augmentedTypesClass4.ts,[],go-diff,rust-pass
compiler,augmentedTypesEnum.ts,[],go-diff,rust-pass
compiler,augmentedTypesEnum2.ts,[],go-diff,rust-pass
compiler,augmentedTypesEnum3.ts,[],go-diff,rust-pass
compiler,augmentedTypesFunction.ts,[],go-diff,rust-pass
compiler,augmentedTypesInterface.ts,[],go-diff,rust-pass
compiler,augmentedTypesModules.ts,[],go-diff,rust-pass
compiler,augmentedTypesModules2.ts,[],go-diff,rust-pass
compiler,augmentedTypesModules3.ts,[],go-diff,rust-pass
compiler,augmentedTypesVar.ts,[],go-diff,rust-pass
compiler,autoAsiForStaticsInClassDeclaration.ts,[],go-diff,rust-pass
compiler,autoLift2.ts,[],go-diff,rust-pass
compiler,autolift3.ts,[],go-diff,rust-pass
compiler,autolift4.ts,[],go-diff,rust-pass
compiler,awaitUnionPromise.ts,[],go-diff,rust-pass
compiler,awaitedTypeCrash.ts,[],go-pass,rust-diff
compiler,awaitedTypeNoLib.ts,[],go-pass,rust-diff
compiler,badExternalModuleReference.ts,[],go-diff,rust-pass
compiler,badInferenceLowerPriorityThanGoodInference.ts,[],go-pass,rust-diff
compiler,baseCheck.ts,[],go-diff,rust-pass
compiler,baseIndexSignatureResolution.ts,[],go-diff,rust-pass
compiler,baseTypeOrderChecking.ts,[],go-diff,rust-pass
compiler,bestChoiceType.ts,[],go-pass,rust-diff
compiler,bestCommonTypeWithContextualTyping.ts,[],go-diff,rust-pass
compiler,bestCommonTypeWithOptionalProperties.ts,[],go-diff,rust-pass
compiler,betterErrorForAccidentalCall.ts,[],go-diff,rust-pass
compiler,binaryArithmatic1.ts,[],go-diff,rust-pass
compiler,binaryArithmatic2.ts,[],go-diff,rust-pass
compiler,binaryArithmatic3.ts,[],go-diff,rust-pass
compiler,binaryArithmatic4.ts,[],go-diff,rust-pass
compiler,bind1.ts,[],go-diff,rust-pass
compiler,blockScopedEnumVariablesUseBeforeDef.ts,['target=es2015'],go-diff,rust-pass
compiler,blockScopedEnumVariablesUseBeforeDef_isolatedModules.ts,['target=es2015'],go-diff,rust-pass
compiler,blockScopedEnumVariablesUseBeforeDef_preserve.ts,['target=es2015'],go-diff,rust-pass
compiler,blockScopedFunctionDeclarationES5.ts,['target=es2015'],go-diff,rust-pass
compiler,blockScopedFunctionDeclarationES6.ts,[],go-diff,rust-pass
compiler,blockScopedFunctionDeclarationInStrictClass.ts,['target=es2015'],go-diff,rust-pass
compiler,blockScopedFunctionDeclarationInStrictModule.ts,[],go-diff,rust-pass
compiler,blockScopedFunctionDeclarationStrictES5.ts,['target=es2015'],go-diff,rust-pass
compiler,blockScopedFunctionDeclarationStrictES6.ts,[],go-diff,rust-pass
compiler,blockScopedSameNameFunctionDeclarationES5.ts,['target=es2015'],go-diff,rust-pass
compiler,blockScopedSameNameFunctionDeclarationES6.ts,[],go-diff,rust-pass
compiler,blockScopedSameNameFunctionDeclarationStrictES5.ts,['target=es2015'],go-diff,rust-pass
compiler,blockScopedSameNameFunctionDeclarationStrictES6.ts,[],go-diff,rust-pass
compiler,blockScopedVariablesUseBeforeDef.ts,['target=es2015'],go-diff,rust-pass
compiler,breakInIterationOrSwitchStatement4.ts,[],go-diff,rust-pass
compiler,breakNotInIterationOrSwitchStatement1.ts,[],go-diff,rust-pass
compiler,breakNotInIterationOrSwitchStatement2.ts,[],go-diff,rust-pass
compiler,breakTarget6.ts,[],go-diff,rust-pass
compiler,cachedContextualTypes.ts,[],go-pass,rust-diff
compiler,cachedModuleResolution6.ts,[],go-diff,rust-pass
compiler,cachedModuleResolution7.ts,[],go-diff,rust-pass
compiler,callConstructAssignment.ts,[],go-diff,rust-pass
compiler,callOfConditionalTypeWithConcreteBranches.ts,[],go-pass,rust-diff
compiler,callOnClass.ts,[],go-diff,rust-pass
compiler,callOverloadViaElementAccessExpression.ts,[],go-diff,rust-pass
compiler,callSignaturesShouldBeResolvedBeforeSpecialization.ts,[],go-diff,rust-pass
compiler,callWithWrongNumberOfTypeArguments.ts,[],go-diff,rust-pass
compiler,callbackArgsDifferByOptionality.ts,[],go-diff,rust-pass
compiler,callbacksDontShareTypes.ts,[],go-diff,rust-pass
compiler,cannotInvokeNewOnIndexExpression.ts,[],go-diff,rust-pass
compiler,capturedLetConstInLoop14.ts,['target=es2015'],skip-config,rust-pass
compiler,capturedLetConstInLoop5.ts,[],go-diff,rust-pass
compiler,capturedLetConstInLoop5_ES6.ts,[],go-diff,rust-pass
compiler,capturedLetConstInLoop6.ts,[],go-diff,rust-pass
compiler,capturedLetConstInLoop6_ES6.ts,[],go-diff,rust-pass
compiler,capturedLetConstInLoop7.ts,[],go-diff,rust-pass
compiler,capturedLetConstInLoop7_ES6.ts,[],go-diff,rust-pass
compiler,capturedLetConstInLoop8.ts,[],go-diff,rust-pass
compiler,capturedLetConstInLoop8_ES6.ts,[],go-diff,rust-pass
compiler,castOfAwait.ts,[],go-diff,rust-pass
compiler,chainedAssignment1.ts,[],go-diff,rust-pass
compiler,chainedAssignment2.ts,[],go-diff,rust-pass
compiler,chainedAssignment3.ts,[],go-diff,rust-pass
compiler,chainedAssignmentChecking.ts,[],go-diff,rust-pass
compiler,checkInheritedProperty.ts,[],go-diff,rust-pass
compiler,checkSuperCallBeforeThisAccessing2.ts,[],go-diff,rust-pass
compiler,checkSuperCallBeforeThisAccessing5.ts,[],go-diff,rust-pass
compiler,checkSuperCallBeforeThisAccessing6.ts,[],go-diff,rust-pass
compiler,checkSuperCallBeforeThisAccessing8.ts,[],go-diff,rust-pass
compiler,circularObjectLiteralAccessors.ts,['target=es5'],go-pass,rust-missing-config
compiler,circularObjectLiteralAccessors.ts,['target=es2015'],go-pass,rust-missing-config
compiler,classCannotExtendVar.ts,[],go-diff,rust-pass
compiler,classExpressionTest1.ts,[],go-diff,rust-pass
compiler,classExpressionTest2.ts,[],go-diff,rust-pass
compiler,classExtendsInterface.ts,[],go-diff,rust-pass
compiler,classExtendsMultipleBaseClasses.ts,[],go-diff,rust-pass
compiler,classFieldSuperAccessible.ts,[],go-pass,rust-diff
compiler,classFunctionMerging.ts,[],go-pass,rust-diff
compiler,classImplementsClass3.ts,[],go-diff,rust-pass
compiler,classIndexer2.ts,[],go-diff,rust-pass
compiler,classIndexer3.ts,[],go-diff,rust-pass
compiler,classIndexer4.ts,[],go-diff,rust-pass
compiler,classMemberInitializerScoping.ts,[],go-diff,rust-pass
compiler,classMemberInitializerWithLamdaScoping.ts,[],go-diff,rust-pass
compiler,classMemberInitializerWithLamdaScoping2.ts,[],go-diff,rust-pass
compiler,classMemberInitializerWithLamdaScoping3.ts,[],go-diff,rust-pass
compiler,classOverloadForFunction.ts,[],go-diff,rust-pass
compiler,classOverloadForFunction2.ts,[],go-diff,rust-pass
compiler,classVarianceResolveCircularity2.ts,[],go-pass,rust-diff
compiler,classWithEmptyTypeParameter.ts,[],go-diff,rust-pass
compiler,classWithOverloadImplementationOfWrongName.ts,[],go-diff,rust-pass
compiler,classWithOverloadImplementationOfWrongName2.ts,[],go-diff,rust-pass
compiler,clinterfaces.ts,[],go-diff,rust-pass
compiler,cloduleGenericOnSelfMember.ts,[],go-diff,rust-pass
compiler,cloduleWithDuplicateMember2.ts,[],go-diff,rust-pass
compiler,cloduleWithPriorInstantiatedModule.ts,[],go-diff,rust-pass
compiler,coAndContraVariantInferences.ts,[],go-pass,rust-diff
compiler,coAndContraVariantInferences7.ts,[],go-pass,rust-diff
compiler,collisionExportsRequireAndAlias.ts,[],go-pass,rust-diff
compiler,commentInMethodCall.ts,[],go-diff,rust-pass
compiler,commentLeadingCloseBrace.ts,[],go-diff,rust-pass
compiler,commentOnArrayElement10.ts,[],go-pass,rust-diff
compiler,commentOnArrayElement11.ts,[],go-pass,rust-diff
compiler,commentOnArrayElement12.ts,[],go-pass,rust-diff
compiler,commentOnArrayElement3.ts,[],go-pass,rust-diff
compiler,commentOnImportStatement1.ts,[],go-diff,rust-pass
compiler,commentOnImportStatement2.ts,[],go-diff,rust-pass
compiler,commentOnImportStatement3.ts,[],go-diff,rust-pass
compiler,commentOnParameter1.ts,[],go-diff,rust-pass
compiler,commentOnParameter2.ts,[],go-diff,rust-pass
compiler,commentOnParameter3.ts,[],go-diff,rust-pass
compiler,commentOnParenthesizedExpressionOpenParen1.ts,[],go-diff,rust-pass
compiler,commentsAfterCaseClauses1.ts,[],go-diff,rust-pass
compiler,commentsAfterCaseClauses2.ts,[],go-diff,rust-pass
compiler,commentsAfterCaseClauses3.ts,[],go-diff,rust-pass
compiler,commentsClassMembers.ts,['target=es2015'],go-diff,rust-pass
compiler,commentsInheritance.ts,['target=es2015'],go-diff,rust-pass
compiler,commentsOnJSXExpressionsArePreserved.tsx,"['jsx=react', 'module=commonjs', 'moduledetection=force']",go-diff,rust-pass
compiler,commentsOnJSXExpressionsArePreserved.tsx,"['jsx=react', 'module=commonjs', 'moduledetection=legacy']",go-diff,rust-pass
compiler,commentsOnJSXExpressionsArePreserved.tsx,"['jsx=preserve', 'module=commonjs', 'moduledetection=legacy']",go-diff,rust-pass
compiler,commentsOnJSXExpressionsArePreserved.tsx,"['jsx=react-jsxdev', 'module=commonjs', 'moduledetection=auto']",go-diff,rust-pass
compiler,commentsOnJSXExpressionsArePreserved.tsx,"['jsx=react-jsx', 'module=commonjs', 'moduledetection=force']",go-diff,rust-pass
compiler,commentsOnJSXExpressionsArePreserved.tsx,"['jsx=react-jsxdev', 'module=commonjs', 'moduledetection=legacy']",go-diff,rust-pass
compiler,commentsOnJSXExpressionsArePreserved.tsx,"['jsx=preserve', 'module=commonjs', 'moduledetection=force']",go-diff,rust-pass
compiler,commentsOnJSXExpressionsArePreserved.tsx,"['jsx=react-jsx', 'module=commonjs', 'moduledetection=legacy']",go-diff,rust-pass
compiler,commentsOnJSXExpressionsArePreserved.tsx,"['jsx=react', 'module=commonjs', 'moduledetection=auto']",go-diff,rust-pass
compiler,commentsOnJSXExpressionsArePreserved.tsx,"['jsx=react-jsxdev', 'module=commonjs', 'moduledetection=force']",go-diff,rust-pass
compiler,commentsOnJSXExpressionsArePreserved.tsx,"['jsx=react-jsx', 'module=commonjs', 'moduledetection=auto']",go-diff,rust-pass
compiler,commentsOnJSXExpressionsArePreserved.tsx,"['jsx=preserve', 'module=commonjs', 'moduledetection=auto']",go-diff,rust-pass
compiler,commentsOnObjectLiteral1.ts,[],go-diff,rust-pass
compiler,commentsOnObjectLiteral2.ts,[],go-diff,rust-pass
compiler,commentsOnRequireStatement.ts,[],go-pass,rust-missing-config
compiler,commentsTypeParameters.ts,[],go-pass,rust-diff
compiler,commentsVarDecl.ts,['target=es2015'],go-diff,rust-pass
compiler,commonSourceDir2.ts,[],go-pass,rust-diff
compiler,commonSourceDirectory.ts,[],skip-config,rust-pass
compiler,compareTypeParameterConstrainedByLiteralToLiteral.ts,[],go-diff,rust-pass
compiler,complicatedIndexesOfIntersectionsAreInferencable.ts,[],go-pass,rust-diff
compiler,computedPropertiesTransformedInOtherwiseNonTSClasses.ts,[],go-diff,rust-pass
compiler,concatClassAndString.ts,[],go-diff,rust-pass
compiler,concatError.ts,[],go-diff,rust-pass
compiler,conditionalAnyCheckTypePicksBothBranches.ts,[],go-diff,rust-pass
compiler,conditionalDoesntLeakUninstantiatedTypeParameter.ts,[],go-diff,rust-pass
compiler,conditionalExpression1.ts,[],go-diff,rust-pass
compiler,conditionalExpressionNewLine1.ts,[],go-diff,rust-pass
compiler,conditionalExpressionNewLine10.ts,[],go-diff,rust-pass
compiler,conditionalExpressionNewLine2.ts,[],go-diff,rust-pass
compiler,conditionalExpressionNewLine3.ts,[],go-diff,rust-pass
compiler,conditionalExpressionNewLine4.ts,[],go-diff,rust-pass
compiler,conditionalExpressionNewLine5.ts,[],go-diff,rust-pass
compiler,conditionalExpressionNewLine6.ts,[],go-diff,rust-pass
compiler,conditionalExpressionNewLine7.ts,[],go-diff,rust-pass
compiler,conditionalExpressionNewLine8.ts,[],go-diff,rust-pass
compiler,conditionalExpressionNewLine9.ts,[],go-diff,rust-pass
compiler,conditionalTypeClassMembers.ts,[],go-pass,rust-diff
compiler,conditionalTypeRelaxingConstraintAssignability.ts,[],go-pass,rust-diff
compiler,conditionalTypesASI.ts,[],go-pass,rust-diff
compiler,conditionalTypesSimplifyWhenTrivial.ts,[],go-pass,rust-diff
compiler,conditionallyDuplicateOverloadsCausedByOverloadResolution.ts,[],go-diff,rust-pass
compiler,conflictingTypeAnnotatedVar.ts,[],go-diff,rust-pass
compiler,constDeclarationShadowedByVarDeclaration.ts,[],go-diff,rust-pass
compiler,constDeclarations-access.ts,[],go-diff,rust-pass
compiler,constDeclarations-access2.ts,[],go-diff,rust-pass
compiler,constDeclarations-access3.ts,[],go-diff,rust-pass
compiler,constDeclarations-access4.ts,[],go-diff,rust-pass
compiler,constDeclarations-access5.ts,[],go-diff,rust-pass
compiler,constDeclarations-ambient-errors.ts,[],go-diff,rust-pass
compiler,constDeclarations-errors.ts,[],go-diff,rust-pass
compiler,constDeclarations-useBeforeDefinition.ts,[],go-diff,rust-pass
compiler,constEnums.ts,[],go-diff,rust-pass
compiler,constInClassExpression.ts,[],go-diff,rust-pass
compiler,constIndexedAccess.ts,[],go-diff,rust-pass
compiler,constWithNonNull.ts,[],go-diff,rust-pass
compiler,constantEnumAssert.ts,[],go-diff,rust-pass
compiler,constantOverloadFunction.ts,[],go-diff,rust-pass
compiler,constantOverloadFunctionNoSubtypeError.ts,[],go-diff,rust-pass
compiler,constraintErrors1.ts,[],go-diff,rust-pass
compiler,constraintsThatReferenceOtherContstraints1.ts,[],go-diff,rust-pass
compiler,constructorArgWithGenericCallSignature.ts,[],go-diff,rust-pass
compiler,constructorArgsErrors1.ts,[],go-diff,rust-pass
compiler,constructorArgsErrors2.ts,[],go-diff,rust-pass
compiler,constructorArgsErrors3.ts,[],go-diff,rust-pass
compiler,constructorArgsErrors4.ts,[],go-diff,rust-pass
compiler,constructorArgsErrors5.ts,[],go-diff,rust-pass
compiler,constructorInvocationWithTooFewTypeArgs.ts,[],go-diff,rust-pass
compiler,constructorOverloads6.ts,[],go-diff,rust-pass
compiler,constructorOverloads7.ts,[],go-diff,rust-pass
compiler,constructorOverloads8.ts,[],go-diff,rust-pass
compiler,constructorParametersInVariableDeclarations.ts,[],go-diff,rust-pass
compiler,constructorParametersThatShadowExternalNamesInVariableDeclarations.ts,[],go-diff,rust-pass
compiler,constructorStaticParamName.ts,[],go-diff,rust-pass
compiler,constructorStaticParamNameErrors.ts,[],go-diff,rust-pass
compiler,constructorWithParameterPropertiesAndPrivateFields.es2015.ts,[],go-pass,rust-diff
compiler,contextualComputedNonBindablePropertyType.ts,[],go-pass,rust-diff
compiler,contextualExpressionTypecheckingDoesntBlowStack.ts,['target=es2015'],go-pass,rust-diff
compiler,contextualOuterTypeParameters.ts,[],go-pass,rust-diff
compiler,contextualOverloadListFromArrayUnion.ts,[],go-pass,rust-diff
compiler,contextualParamTypeVsNestedReturnTypeInference2.ts,[],go-pass,rust-diff
compiler,contextualParamTypeVsNestedReturnTypeInference3.ts,[],go-pass,rust-diff
compiler,contextualParamTypeVsNestedReturnTypeInference4.ts,[],go-pass,rust-diff
compiler,contextualParameterAndSelfReferentialConstraint1.ts,[],go-pass,rust-diff
compiler,contextualPropertyOfGenericMappedType.ts,[],go-pass,rust-diff
compiler,contextualReturnTypeOfIIFE2.ts,[],go-diff,rust-pass
compiler,contextualReturnTypeOfIIFE3.ts,[],go-pass,rust-diff
compiler,contextualSignatureInArrayElementLibEs2015.ts,[],go-diff,rust-pass
compiler,contextualSignatureInArrayElementLibEs5.ts,[],go-diff,rust-pass
compiler,contextualSignatureInstantiation1.ts,[],go-pass,rust-diff
compiler,contextualSignatureInstantiation3.ts,[],go-pass,rust-diff
compiler,contextualSignatureInstantiationWithTypeParameterConstrainedToOuterTypeParameter.ts,[],go-diff,rust-pass
compiler,contextualTypeAppliedToVarArgs.ts,[],go-pass,rust-diff
compiler,contextualTypeBasedOnIntersectionWithAnyInTheMix1.ts,[],go-pass,rust-diff
compiler,contextualTypeBasedOnIntersectionWithAnyInTheMix2.ts,[],go-pass,rust-diff
compiler,contextualTypeBasedOnIntersectionWithAnyInTheMix3.ts,[],go-pass,rust-diff
compiler,contextualTypeCaching.ts,[],go-pass,rust-diff
compiler,contextualTypeOfIndexedAccessParameter.ts,[],go-pass,rust-diff
compiler,contextualTypeOnYield1.ts,[],go-pass,rust-diff
compiler,contextualTypeOnYield2.ts,[],go-pass,rust-diff
compiler,contextualTypeSelfReferencing.ts,[],go-pass,rust-diff
compiler,contextualTypesNegatedTypeLikeConstraintInGenericMappedType3.ts,[],go-pass,rust-diff
compiler,contextualTyping11.ts,[],go-diff,rust-pass
compiler,contextualTyping12.ts,[],go-diff,rust-pass
compiler,contextualTyping17.ts,[],go-diff,rust-pass
compiler,contextualTyping2.ts,[],go-diff,rust-pass
compiler,contextualTyping20.ts,[],go-diff,rust-pass
compiler,contextualTyping21.ts,[],go-diff,rust-pass
compiler,contextualTyping30.ts,[],go-diff,rust-pass
compiler,contextualTyping38.ts,[],go-diff,rust-pass
compiler,contextualTyping4.ts,[],go-diff,rust-pass
compiler,contextualTyping5.ts,[],go-diff,rust-pass
compiler,contextualTyping9.ts,[],go-diff,rust-pass
compiler,contextualTypingOfArrayLiterals1.ts,[],go-diff,rust-pass
compiler,contextualTypingOfConditionalExpression2.ts,[],go-diff,rust-pass
compiler,contextualTypingOfLambdaReturnExpression.ts,[],go-diff,rust-pass
compiler,contextualTypingOfLambdaWithMultipleSignatures.ts,[],go-pass,rust-diff
compiler,contextualTypingOfLambdaWithMultipleSignatures2.ts,[],go-pass,rust-diff
compiler,contextualTypingOfObjectLiterals2.ts,[],go-diff,rust-pass
compiler,contextualTypingOfOptionalMembers.tsx,[],go-pass,rust-diff
compiler,contextualTypingReturnStatementWithReturnTypeAnnotation.ts,[],go-pass,rust-diff
compiler,contextuallyTypedBooleanLiterals.ts,[],go-pass,rust-diff
compiler,contextuallyTypedByDiscriminableUnion.ts,[],go-pass,rust-diff
compiler,contextuallyTypedByDiscriminableUnion2.ts,[],go-pass,rust-diff
compiler,contextuallyTypedJsxAttribute.ts,[],go-pass,rust-diff
compiler,contextuallyTypedOptionalProperty.ts,['exactoptionalpropertytypes=true'],go-pass,rust-diff
compiler,contextuallyTypedParametersWithQuestionToken.ts,[],go-diff,rust-pass
compiler,contextuallyTypedSymbolNamedProperties.ts,[],go-pass,rust-diff
compiler,contextuallyTypingOrOperator.ts,[],go-diff,rust-pass
compiler,contextuallyTypingOrOperator2.ts,[],go-diff,rust-pass
compiler,contextuallyTypingRestParameters.ts,[],go-diff,rust-pass
compiler,continueInIterationStatement4.ts,[],go-diff,rust-pass
compiler,continueNotInIterationStatement1.ts,[],go-diff,rust-pass
compiler,continueNotInIterationStatement2.ts,[],go-diff,rust-pass
compiler,continueNotInIterationStatement3.ts,[],go-diff,rust-pass
compiler,continueTarget1.ts,[],go-diff,rust-pass
compiler,continueTarget6.ts,[],go-diff,rust-pass
compiler,contravariantOnlyInferenceWithAnnotatedOptionalParameter.ts,[],go-pass,rust-diff
compiler,contravariantTypeAliasInference.ts,[],go-pass,rust-diff
compiler,controlFlowForCatchAndFinally.ts,[],go-pass,rust-diff
compiler,controlFlowLoopAnalysis.ts,[],go-diff,rust-pass
compiler,controlFlowManyCallExpressionStatementsPerf.ts,[],go-pass,rust-diff
compiler,controlFlowNullTypeAndLiteral.ts,[],go-diff,rust-pass
compiler,controlFlowSelfReferentialLoop.ts,[],go-diff,rust-pass
compiler,controlFlowWithIncompleteTypes.ts,[],go-pass,rust-diff
compiler,convertClassExpressionToFunctionFromObjectProperty2.ts,['target=es2015'],go-pass,rust-diff
compiler,copyrightWithNewLine1.ts,[],go-diff,rust-pass
compiler,copyrightWithoutNewLine1.ts,[],go-diff,rust-pass
compiler,correctOrderOfPromiseMethod.ts,[],go-diff,rust-pass
compiler,correlatedUnions.ts,[],go-pass,rust-diff
compiler,corrupted.ts,[],go-diff,rust-pass
compiler,couldNotSelectGenericOverload.ts,[],go-diff,rust-pass
compiler,covariance1.ts,[],go-diff,rust-pass
compiler,crashInResolveInterface.ts,[],go-diff,rust-pass
compiler,crashOnMethodSignatures.ts,[],go-diff,rust-pass
compiler,cyclicGenericTypeInstantiation.ts,[],go-diff,rust-pass
compiler,cyclicGenericTypeInstantiationInference.ts,[],go-diff,rust-pass
compiler,cyclicTypeInstantiation.ts,[],go-diff,rust-pass
compiler,declFileEmitDeclarationOnlyError1.ts,[],go-pass,rust-diff
compiler,declFileEmitDeclarationOnlyError2.ts,[],go-pass,rust-diff
compiler,declFileForTypeParameters.ts,[],go-diff,rust-pass
compiler,declFileGenericClassWithGenericExtendedClass.ts,[],go-diff,rust-pass
compiler,declFileTypeAnnotationParenType.ts,['target=es2015'],go-diff,rust-pass
compiler,declFileTypeAnnotationUnionType.ts,['target=es2015'],go-diff,rust-pass
compiler,declFileTypeAnnotationVisibilityErrorAccessors.ts,['target=es2015'],go-diff,rust-pass
compiler,declFileTypeAnnotationVisibilityErrorReturnTypeOfFunction.ts,['target=es2015'],go-diff,rust-pass
compiler,declFileTypeAnnotationVisibilityErrorTypeLiteral.ts,['target=es2015'],go-diff,rust-pass
compiler,declFileTypeofClass.ts,[],go-diff,rust-pass
compiler,declFileWithClassNameConflictingWithClassReferredByExtendsClause.ts,[],go-diff,rust-pass
compiler,declFileWithExtendsClauseThatHasItsContainerNameConflict.ts,[],go-diff,rust-pass
compiler,declarationEmitAliasExportStar.ts,[],go-pass,rust-diff
compiler,declarationEmitArrowFunctionNoRenaming.ts,[],go-pass,rust-diff
compiler,declarationEmitCastReusesTypeNode5.ts,['strictnullchecks=false'],skip-config,rust-pass
compiler,declarationEmitCastReusesTypeNode5.ts,['strictnullchecks=true'],skip-config,rust-pass
compiler,declarationEmitClassMemberWithComputedPropertyName.ts,[],go-pass,rust-diff
compiler,declarationEmitDestructuring5.ts,[],go-diff,rust-pass
compiler,declarationEmitDestructuringOptionalBindingParametersInOverloads.ts,[],go-diff,rust-pass
compiler,declarationEmitEnumReferenceViaImportEquals.ts,[],go-pass,rust-diff
compiler,declarationEmitExpandoWithGenericConstraint.ts,[],go-pass,rust-diff
compiler,declarationEmitExportAliasVisibiilityMarking.ts,[],go-pass,rust-diff
compiler,declarationEmitExportAssignedNamespaceNoTripleSlashTypesReference.ts,[],go-pass,rust-diff
compiler,declarationEmitExpressionInExtends2.ts,[],go-diff,rust-pass
compiler,declarationEmitForDefaultExportClassExtendingExpression01.ts,[],go-pass,rust-diff
compiler,declarationEmitForModuleImportingModuleAugmentationRetainsImport.ts,[],go-pass,rust-diff
compiler,declarationEmitFunctionDuplicateNamespace.ts,[],go-pass,rust-diff
compiler,declarationEmitGlobalThisPreserved.ts,[],go-pass,rust-diff
compiler,declarationEmitHasTypesRefOnNamespaceUse.ts,[],go-diff,rust-pass
compiler,declarationEmitHigherOrderRetainedGenerics.ts,[],go-pass,rust-diff
compiler,declarationEmitInferredTypeAlias1.ts,[],go-diff,rust-pass
compiler,declarationEmitInferredTypeAlias2.ts,[],go-diff,rust-pass
compiler,declarationEmitInferredTypeAlias3.ts,[],go-diff,rust-pass
compiler,declarationEmitInferredTypeAlias4.ts,[],go-diff,rust-pass
compiler,declarationEmitInferredTypeAlias5.ts,[],go-diff,rust-pass
compiler,declarationEmitInferredTypeAlias6.ts,[],go-diff,rust-pass
compiler,declarationEmitInferredTypeAlias7.ts,[],go-diff,rust-pass
compiler,declarationEmitInvalidReference.ts,[],go-pass,rust-diff
compiler,declarationEmitJsReExportDefault.ts,[],skip-config,rust-pass
compiler,declarationEmitLambdaWithMissingTypeParameterNoCrash.ts,[],go-diff,rust-pass
compiler,declarationEmitMappedPrivateTypeTypeParameter.ts,[],go-diff,rust-pass
compiler,declarationEmitMappedTypePreservesTypeParameterConstraint.ts,[],go-pass,rust-diff
compiler,declarationEmitNameConflicts3.ts,[],go-pass,rust-diff
compiler,declarationEmitNoInvalidCommentReuse3.ts,[],go-pass,rust-diff
compiler,declarationEmitOptionalMappedTypePropertyNoStrictNullChecks1.ts,[],go-pass,rust-diff
compiler,declarationEmitOptionalMappedTypePropertyNoStrictNullChecks2.ts,[],go-pass,rust-diff
compiler,declarationEmitOptionalMappedTypePropertyNoStrictNullChecks3.ts,[],go-pass,rust-diff
compiler,declarationEmitOptionalMethod.ts,[],go-pass,rust-diff
compiler,declarationEmitOverloadedPrivateInference.ts,[],go-pass,rust-diff
compiler,declarationEmitRecursiveConditionalAliasPreserved.ts,[],go-pass,rust-diff
compiler,declarationEmitRetainedAnnotationRetainsImportInOutput.ts,[],go-pass,rust-diff
compiler,declarationEmitToDeclarationDirWithoutCompositeAndDeclarationOptions.ts,[],go-pass,rust-diff
compiler,declarationEmitTripleSlashReferenceAmbientModule.ts,[],skip-config,rust-pass
compiler,declarationEmitTypeParameterNameReusedInOverloads.ts,[],go-diff,rust-pass
compiler,declarationEmitTypeofRest.ts,[],go-pass,rust-diff
compiler,declarationEmitTypeofThisInClass.ts,[],go-pass,rust-diff
compiler,declarationEmitUnnessesaryTypeReferenceNotAdded.ts,['target=es2015'],go-pass,rust-diff
compiler,declarationEmitUsingAlternativeContainingModules1.ts,[],go-pass,rust-diff
compiler,declarationEmitUsingAlternativeContainingModules2.ts,[],go-pass,rust-diff
compiler,declarationEmitUsingTypeAlias2.ts,[],go-pass,rust-diff
compiler,declarationEmitWithComposite.ts,[],skip-config,rust-pass
compiler,declarationFileNoCrashOnExtraExportModifier.ts,[],go-diff,rust-pass
compiler,declarationFileOverwriteError.ts,[],go-pass,rust-diff
compiler,declarationFilesWithTypeReferences1.ts,[],go-diff,rust-pass
compiler,declarationFilesWithTypeReferences2.ts,[],go-diff,rust-pass
compiler,declarationFilesWithTypeReferences3.ts,[],go-diff,rust-pass
compiler,declarationFilesWithTypeReferences4.ts,[],go-diff,rust-pass
compiler,declarationMapsWithoutDeclaration.ts,[],go-pass,rust-diff
compiler,declarationsWithRecursiveInternalTypesProduceUniqueTypeParams.ts,[],go-pass,rust-diff
compiler,declareAlreadySeen.ts,[],go-diff,rust-pass
compiler,decoratorMetadataConditionalType.ts,[],go-diff,rust-pass
compiler,decoratorMetadataElidedImport.ts,['module=commonjs'],go-pass,rust-diff
compiler,decoratorMetadataElidedImport.ts,['module=esnext'],go-pass,rust-diff
compiler,decoratorMetadataNoLibIsolatedModulesTypes.ts,[],go-pass,rust-diff
compiler,decoratorMetadataRestParameterWithImportedType.ts,['target=es2015'],go-diff,rust-pass
compiler,decoratorMetadataTypeOnlyExport.ts,[],go-pass,rust-diff
compiler,decoratorReferenceOnOtherProperty.ts,[],go-pass,rust-diff
compiler,decoratorReferences.ts,[],go-pass,rust-diff
compiler,deeplyNestedTemplateLiteralIntersection.ts,[],skip-config,rust-pass
compiler,defaultArgsInOverloads.ts,[],go-diff,rust-pass
compiler,defaultDeclarationEmitNamedCorrectly.ts,[],go-diff,rust-pass
compiler,defaultDeclarationEmitShadowedNamedCorrectly.ts,[],go-diff,rust-pass
compiler,defaultKeywordWithoutExport1.ts,[],go-diff,rust-pass
compiler,defaultParameterAddsUndefinedWithStrictNullChecks.ts,[],go-pass,rust-diff
compiler,defaultValueInConstructorOverload1.ts,[],go-diff,rust-pass
compiler,defaultValueInFunctionOverload1.ts,[],go-diff,rust-pass
compiler,deleteExpressionMustBeOptional.ts,['strict=false'],go-diff,rust-pass
compiler,deleteOperator1.ts,[],go-diff,rust-pass
compiler,deleteOperatorInStrictMode.ts,[],go-diff,rust-pass
compiler,deleteReadonly.ts,[],go-diff,rust-pass
compiler,derivedTypeCallingBaseImplWithOptionalParams.ts,[],go-diff,rust-pass
compiler,destructureOfVariableSameAsShorthand.ts,[],go-pass,rust-diff
compiler,destructuringAssignmentWithDefault.ts,[],go-pass,rust-diff
compiler,destructuringAssignmentWithExportedName.ts,[],go-diff,rust-pass
compiler,destructuringAssignmentWithStrictNullChecks.ts,[],go-pass,rust-diff
compiler,destructuringWithGenericParameter.ts,[],go-diff,rust-pass
compiler,detachedCommentAtStartOfConstructor2.ts,[],go-diff,rust-pass
compiler,detachedCommentAtStartOfFunctionBody1.ts,[],go-diff,rust-pass
compiler,detachedCommentAtStartOfFunctionBody2.ts,[],go-diff,rust-pass
compiler,detachedCommentAtStartOfLambdaFunction1.ts,[],go-diff,rust-pass
compiler,detachedCommentAtStartOfLambdaFunction2.ts,[],go-diff,rust-pass
compiler,discriminableUnionWithIntersectedMembers.ts,[],go-pass,rust-diff
compiler,discriminantElementAccessCheck.ts,[],go-pass,rust-diff
compiler,discriminantPropertyCheck.ts,[],go-pass,rust-diff
compiler,discriminantPropertyInference.ts,[],go-pass,rust-diff
compiler,discriminantUsingEvaluatableTemplateExpression.ts,[],go-pass,rust-diff
compiler,discriminateObjectTypesOnly.ts,[],go-pass,rust-diff
compiler,discriminateWithOptionalProperty2.ts,['exactoptionalpropertytypes=false'],go-pass,rust-diff
compiler,discriminateWithOptionalProperty2.ts,['exactoptionalpropertytypes=true'],go-pass,rust-diff
compiler,discriminateWithOptionalProperty4.ts,['exactoptionalpropertytypes=true'],go-pass,rust-diff
compiler,divergentAccessorsTypes3.ts,['target=es2015'],go-diff,rust-pass
compiler,divideAndConquerIntersections.ts,[],go-pass,rust-diff
compiler,doNotEmitPinnedCommentOnNotEmittedNode.ts,[],go-diff,rust-pass
compiler,doNotEmitPinnedCommentOnNotEmittedNodets.ts,[],go-diff,rust-pass
compiler,doYouNeedToChangeYourTargetLibraryES2015.ts,[],go-pass,rust-diff
compiler,doYouNeedToChangeYourTargetLibraryES2023.ts,['target=esnext'],go-diff,rust-pass
compiler,dottedSymbolResolution1.ts,[],go-diff,rust-pass
compiler,doubleUnderStringLiteralAssignability.ts,[],go-diff,rust-pass
compiler,downlevelLetConst1.ts,[],go-diff,rust-pass
compiler,downlevelLetConst11.ts,[],go-diff,rust-pass
compiler,downlevelLetConst4.ts,[],go-diff,rust-pass
compiler,downlevelLetConst6.ts,[],go-diff,rust-pass
compiler,duplicateInterfaceMembers1.ts,[],go-diff,rust-pass
compiler,duplicateLocalVariable3.ts,[],go-diff,rust-pass
compiler,duplicateObjectLiteralProperty_computedName1.ts,[],go-diff,rust-pass
compiler,duplicateOverloadInTypeAugmentation1.ts,[],go-diff,rust-pass
compiler,duplicatePropertiesInStrictMode.ts,[],go-diff,rust-pass
compiler,duplicateTypeParameters1.ts,[],go-diff,rust-pass
compiler,duplicateTypeParameters2.ts,[],go-diff,rust-pass
compiler,duplicateTypeParameters3.ts,[],go-diff,rust-pass
compiler,duplicateVarAndImport.ts,[],go-pass,rust-diff
compiler,duplicateVarAndImport2.ts,[],go-diff,rust-pass
compiler,duplicateVariablesWithAny.ts,[],go-diff,rust-pass
compiler,elaborationForPossiblyCallableTypeStillReferencesArgumentAtTopLevel.ts,[],go-diff,rust-pass
compiler,elidedEmbeddedStatementsReplacedWithSemicolon.ts,[],go-pass,rust-diff
compiler,emitAccessExpressionOfCastedObjectLiteralExpressionInArrowFunctionES5.ts,['target=es2015'],go-diff,rust-pass
compiler,emitAccessExpressionOfCastedObjectLiteralExpressionInArrowFunctionES6.ts,[],go-diff,rust-pass
compiler,emitClassExpressionInDeclarationFile.ts,[],go-pass,rust-diff
compiler,emitHelpersWithLocalCollisions.ts,['module=es2022'],skip-config,rust-pass
compiler,emitHelpersWithLocalCollisions.ts,['module=node16'],skip-config,rust-pass
compiler,emitHelpersWithLocalCollisions.ts,['module=commonjs'],skip-config,rust-pass
compiler,emitHelpersWithLocalCollisions.ts,['module=esnext'],skip-config,rust-pass
compiler,emitHelpersWithLocalCollisions.ts,['module=nodenext'],skip-config,rust-pass
compiler,emitHelpersWithLocalCollisions.ts,['module=preserve'],skip-config,rust-pass
compiler,emitHelpersWithLocalCollisions.ts,['module=node20'],skip-config,rust-pass
compiler,emitHelpersWithLocalCollisions.ts,['module=node18'],skip-config,rust-pass
compiler,emitHelpersWithLocalCollisions.ts,['module=es6'],skip-config,rust-pass
compiler,emitHelpersWithLocalCollisions.ts,['module=es2020'],skip-config,rust-pass
compiler,emptyAnonymousObjectNarrowing.ts,['strictnullchecks=false'],go-pass,rust-diff
compiler,emptyAnonymousObjectNarrowing.ts,['strictnullchecks=true'],go-pass,rust-diff
compiler,emptyIndexer.ts,[],go-diff,rust-pass
compiler,emptyMemberAccess.ts,[],go-diff,rust-pass
compiler,enumGenericTypeClash.ts,[],go-diff,rust-pass
compiler,enumUsedBeforeDeclaration.ts,[],go-diff,rust-pass
compiler,enumWithParenthesizedInitializer1.ts,[],go-diff,rust-pass
compiler,enumWithPrimitiveName.ts,[],go-diff,rust-pass
compiler,enumsWithMultipleDeclarations1.ts,[],go-diff,rust-pass
compiler,enumsWithMultipleDeclarations2.ts,[],go-diff,rust-pass
compiler,errorConstructorSubtypes.ts,[],go-pass,rust-diff
compiler,errorForBareSpecifierWithImplicitModuleResolutionNone.ts,[],go-diff,rust-pass
compiler,errorForConflictingExportEqualsValue.ts,[],go-diff,rust-pass
compiler,errorHandlingInInstanceOf.ts,[],go-diff,rust-pass
compiler,errorMessageOnObjectLiteralType.ts,[],go-diff,rust-pass
compiler,errorMessagesIntersectionTypes02.ts,[],go-diff,rust-pass
compiler,errorRecoveryInClassDeclaration.ts,[],go-diff,rust-pass
compiler,errorSupression1.ts,[],go-diff,rust-pass
compiler,errorTypesAsTypeArguments.ts,[],go-diff,rust-pass
compiler,errorWithTruncatedType.ts,[],go-diff,rust-pass
compiler,es5-system2.ts,[],go-pass,rust-missing-config
compiler,es5ExportDefaultClassDeclaration3.ts,['target=es2015'],go-diff,rust-pass
compiler,es5ExportEquals.ts,['target=es2015'],go-diff,rust-pass
compiler,es5ExportEqualsDts.ts,['target=es2015'],go-diff,rust-pass
compiler,es6ClassTest2.ts,[],go-pass,rust-diff
compiler,es6ClassTest9.ts,[],go-diff,rust-pass
compiler,es6DeclOrdering.ts,[],go-diff,rust-pass
compiler,es6ExportAll.ts,[],go-diff,rust-pass
compiler,es6ExportAssignment3.ts,[],go-diff,rust-pass
compiler,es6ExportAssignment4.ts,[],go-pass,rust-diff
compiler,es6ImportNamedImportIdentifiersParsing.ts,[],go-diff,rust-pass
compiler,es6ImportNamedImportInIndirectExportAssignment.ts,[],go-pass,rust-diff
compiler,es6ImportNamedImportNoExportMember.ts,[],go-diff,rust-pass
compiler,es6MemberScoping.ts,[],go-diff,rust-pass
compiler,esModuleInteropImportCall.ts,[],go-pass,rust-diff
compiler,esModuleInteropImportDefaultWhenAllNamedAreDefaultAlias.ts,[],go-diff,rust-pass
compiler,esModuleInteropUsesExportStarWhenDefaultPlusNames.ts,[],go-diff,rust-pass
compiler,excessPropertyCheckWithEmptyObject.ts,[],go-diff,rust-pass
compiler,exhaustiveSwitchWithWideningLiteralTypes.ts,[],go-pass,rust-diff
compiler,expandoFunctionBlockShadowing.ts,[],go-pass,rust-diff
compiler,expandoFunctionContextualTypesNoValue.ts,[],go-diff,rust-pass
compiler,expandoFunctionExpressionsWithDynamicNames2.ts,[],go-pass,rust-diff
compiler,exportAssignmentWithExports.ts,[],go-diff,rust-pass
compiler,exportDeclarationForModuleOrEnumWithMemberOfSameName.ts,['module=commonjs'],skip-config,rust-pass
compiler,exportDeclareClass1.ts,[],go-diff,rust-pass
compiler,exportDefaultAsyncFunction.ts,[],go-pass,rust-diff
compiler,exportDefaultImportedType.ts,[],skip-config,rust-pass
compiler,exportDefaultMissingName.ts,[],go-diff,rust-pass
compiler,exportDefaultProperty.ts,[],go-pass,rust-diff
compiler,exportDefaultProperty2.ts,[],go-pass,rust-diff
compiler,exportEqualsProperty.ts,[],go-pass,rust-diff
compiler,exportEqualsProperty2.ts,[],go-pass,rust-diff
compiler,exportInFunction.ts,[],go-diff,rust-pass
compiler,exportPrivateType.ts,[],go-diff,rust-pass
compiler,exportSameNameFuncVar.ts,[],go-diff,rust-pass
compiler,exportSpecifierAndLocalMemberDeclaration.ts,[],go-diff,rust-pass
compiler,exportSpecifierReferencingOuterDeclaration4.ts,[],go-diff,rust-pass
compiler,exportStarNotElided.ts,[],go-pass,rust-diff
compiler,extendAndImplementTheSameBaseType.ts,[],go-diff,rust-pass
compiler,extendGenericArray.ts,[],go-diff,rust-pass
compiler,extendedUnicodeEscapeSequenceIdentifiers.ts,[],go-pass,rust-diff
compiler,extendingClassFromAliasAndUsageInIndexer.ts,[],go-diff,rust-pass
compiler,externModule.ts,[],go-diff,rust-pass
compiler,externSemantics.ts,[],go-diff,rust-pass
compiler,externSyntax.ts,[],go-diff,rust-pass
compiler,externalModuleQualification.ts,[],go-diff,rust-pass
compiler,externalModuleRefernceResolutionOrderInImportDeclaration.ts,[],go-diff,rust-pass
compiler,fakeInfinity1.ts,[],go-diff,rust-pass
compiler,fatarrowfunctionsOptionalArgs.ts,[],go-diff,rust-pass
compiler,fileReferencesWithNoExtensions.ts,[],go-pass,rust-diff
compiler,fileWithNextLine3.ts,[],go-diff,rust-pass
compiler,filesEmittingIntoSameOutput.ts,[],go-pass,rust-diff
compiler,fillInMissingTypeArgsOnConstructCalls.ts,[],go-diff,rust-pass
compiler,findLast.ts,['target=esnext'],go-pass,rust-diff
compiler,fixTypeParameterInSignatureWithRestParameters.ts,[],go-diff,rust-pass
compiler,flowControlTypeGuardThenSwitch.ts,[],go-diff,rust-pass
compiler,forInStatement5.ts,[],go-pass,rust-diff
compiler,forInStatement6.ts,[],go-pass,rust-diff
compiler,forInStrictNullChecksNoError.ts,[],go-diff,rust-pass
compiler,forStatementInnerComments.ts,[],go-pass,rust-diff
compiler,formatToPartsFractionalSecond.ts,[],go-pass,rust-diff
compiler,forwardRefInTypeDeclaration.ts,['strict=false'],go-pass,rust-diff
compiler,forwardRefInTypeDeclaration.ts,['strict=true'],go-pass,rust-diff
compiler,freshLiteralInference.ts,[],go-pass,rust-diff
compiler,funClodule.ts,[],go-diff,rust-pass
compiler,functionAndInterfaceWithSeparateErrors.ts,[],go-diff,rust-pass
compiler,functionAssignment.ts,[],go-diff,rust-pass
compiler,functionCall10.ts,[],go-diff,rust-pass
compiler,functionCall13.ts,[],go-diff,rust-pass
compiler,functionCall14.ts,[],go-diff,rust-pass
compiler,functionCall16.ts,[],go-diff,rust-pass
compiler,functionCall17.ts,[],go-diff,rust-pass
compiler,functionCall18.ts,[],go-diff,rust-pass
compiler,functionCall6.ts,[],go-diff,rust-pass
compiler,functionCall7.ts,[],go-diff,rust-pass
compiler,functionOverloadAmbiguity1.ts,[],go-diff,rust-pass
compiler,functionOverloadImplementationOfWrongName.ts,[],go-diff,rust-pass
compiler,functionOverloadImplementationOfWrongName2.ts,[],go-diff,rust-pass
compiler,functionOverloads.ts,[],go-diff,rust-pass
compiler,functionOverloads1.ts,[],go-diff,rust-pass
compiler,functionOverloads11.ts,[],go-diff,rust-pass
compiler,functionOverloads17.ts,[],go-diff,rust-pass
compiler,functionOverloads18.ts,[],go-diff,rust-pass
compiler,functionOverloads19.ts,[],go-diff,rust-pass
compiler,functionOverloads20.ts,[],go-diff,rust-pass
compiler,functionOverloads27.ts,[],go-diff,rust-pass
compiler,functionOverloads29.ts,[],go-diff,rust-pass
compiler,functionOverloads3.ts,[],go-diff,rust-pass
compiler,functionOverloads32.ts,[],go-diff,rust-pass
compiler,functionOverloads34.ts,[],go-diff,rust-pass
compiler,functionOverloads37.ts,[],go-diff,rust-pass
compiler,functionOverloads4.ts,[],go-diff,rust-pass
compiler,functionOverloads43.ts,[],go-diff,rust-pass
compiler,functionOverloadsRecursiveGenericReturnType.ts,[],go-diff,rust-pass
compiler,functionType.ts,[],go-pass,rust-diff
compiler,functionTypeArgumentAssignmentCompat.ts,[],go-diff,rust-pass
compiler,functionTypesLackingReturnTypes.ts,[],go-diff,rust-pass
compiler,functionWithSameNameAsField.ts,[],go-diff,rust-pass
compiler,functionWithThrowButNoReturn1.ts,[],go-pass,rust-diff
compiler,generativeRecursionWithTypeOf.ts,[],go-diff,rust-pass
compiler,generatorES6_5.ts,[],go-diff,rust-pass
compiler,generatorReturnExpressionIsChecked.ts,[],go-diff,rust-pass
compiler,genericAndNonGenericOverload1.ts,[],go-diff,rust-pass
compiler,genericArray0.ts,[],go-diff,rust-pass
compiler,genericArrayAssignmentCompatErrors.ts,[],go-diff,rust-pass
compiler,genericArrayWithoutTypeAnnotation.ts,[],go-diff,rust-pass
compiler,genericBaseClassLiteralProperty.ts,[],go-diff,rust-pass
compiler,genericCallAtYieldExpressionInGenericCall2.ts,[],go-pass,rust-diff
compiler,genericCallAtYieldExpressionInGenericCall3.ts,[],go-pass,rust-diff
compiler,genericCallInferenceConditionalType1.ts,[],go-pass,rust-diff
compiler,genericCallInferenceConditionalType2.ts,[],go-pass,rust-diff
compiler,genericCallInferenceInConditionalTypes1.ts,[],go-pass,rust-diff
compiler,genericCallWithinOwnBodyCastTypeParameterIdentity.ts,[],go-pass,rust-diff
compiler,genericCallbacksAndClassHierarchy.ts,[],go-diff,rust-pass
compiler,genericCapturingFunctionNarrowing.ts,[],go-pass,rust-diff
compiler,genericClasses0.ts,[],go-diff,rust-pass
compiler,genericClasses1.ts,[],go-diff,rust-pass
compiler,genericClasses2.ts,[],go-diff,rust-pass
compiler,genericClasses3.ts,[],go-diff,rust-pass
compiler,genericCloduleInModule.ts,[],go-diff,rust-pass
compiler,genericCloduleInModule2.ts,[],go-diff,rust-pass
compiler,genericConstraintDeclaration.ts,[],go-diff,rust-pass
compiler,genericConstructorFunction1.ts,[],go-diff,rust-pass
compiler,genericContextualTypingSpecialization.ts,[],go-diff,rust-pass
compiler,genericDerivedTypeWithSpecializedBase.ts,[],go-diff,rust-pass
compiler,genericDerivedTypeWithSpecializedBase2.ts,[],go-diff,rust-pass
compiler,genericFunctionCallSignatureReturnTypeMismatch.ts,[],go-diff,rust-pass
compiler,genericFunctionInference2.ts,[],go-pass,rust-diff
compiler,genericFunctionSpecializations1.ts,[],go-pass,rust-diff
compiler,genericFunctions2.ts,[],go-diff,rust-pass
compiler,genericFunctions3.ts,[],go-diff,rust-pass
compiler,genericFunctionsAndConditionalInference.ts,[],go-pass,rust-diff
compiler,genericGetter.ts,[],go-diff,rust-pass
compiler,genericGetter2.ts,[],go-diff,rust-pass
compiler,genericInference2.ts,[],go-pass,rust-diff
compiler,genericInferenceDefaultTypeParameter.ts,[],go-pass,rust-diff
compiler,genericInheritedDefaultConstructors.ts,[],go-diff,rust-pass
compiler,genericInterfaceTypeCall.ts,[],go-diff,rust-pass
compiler,genericInterfacesWithoutTypeArguments.ts,[],go-diff,rust-pass
compiler,genericLambaArgWithoutTypeArguments.ts,[],go-diff,rust-pass
compiler,genericNewInterface.ts,[],go-diff,rust-pass
compiler,genericObjectLitReturnType.ts,[],go-diff,rust-pass
compiler,genericParameterAssignability1.ts,[],go-diff,rust-pass
compiler,genericPrototypeProperty2.ts,[],go-diff,rust-pass
compiler,genericRecursiveImplicitConstructorErrors2.ts,[],go-diff,rust-pass
compiler,genericReturnTypeFromGetter1.ts,[],go-diff,rust-pass
compiler,genericTemplateOverloadResolution.ts,[],go-pass,rust-diff
compiler,genericTypeReferencesRequireTypeArgs.ts,[],go-diff,rust-pass
compiler,genericTypeUsedWithoutTypeArguments1.ts,[],go-diff,rust-pass
compiler,genericTypeUsedWithoutTypeArguments3.ts,[],go-diff,rust-pass
compiler,genericTypeWithCallableMembers.ts,[],go-pass,rust-diff
compiler,genericTypeWithCallableMembers2.ts,[],go-pass,rust-diff
compiler,genericTypeWithMultipleBases1.ts,[],go-diff,rust-pass
compiler,genericTypeWithMultipleBases3.ts,[],go-diff,rust-pass
compiler,genericWithCallSignatureReturningSpecialization.ts,[],go-diff,rust-pass
compiler,genericWithCallSignatures1.ts,[],go-diff,rust-pass
compiler,generics0.ts,[],go-diff,rust-pass
compiler,generics3.ts,[],go-diff,rust-pass
compiler,generics4NoError.ts,[],go-diff,rust-pass
compiler,genericsAndHigherOrderFunctions.ts,[],go-pass,rust-diff
compiler,genericsWithDuplicateTypeParameters1.ts,[],go-diff,rust-pass
compiler,getterMissingReturnError.ts,[],go-diff,rust-pass
compiler,getterSetterSubtypeAssignment.ts,[],go-pass,rust-diff
compiler,hidingCallSignatures.ts,[],go-diff,rust-pass
compiler,hidingConstructSignatures.ts,[],go-diff,rust-pass
compiler,hidingIndexSignatures.ts,[],go-diff,rust-pass
compiler,higherOrderMappedIndexLookupInference.ts,[],go-pass,rust-diff
compiler,i3.ts,[],go-diff,rust-pass
compiler,identicalGenericConditionalsWithInferRelated.ts,[],go-pass,rust-diff
compiler,identityAndDivergentNormalizedTypes.ts,[],go-pass,rust-diff
compiler,implicitAnyCastedValue.ts,[],go-diff,rust-pass
compiler,implicitAnyDeclareFunctionExprWithoutFormalType.ts,[],go-diff,rust-pass
compiler,implicitAnyDeclareFunctionWithoutFormalType.ts,[],go-diff,rust-pass
compiler,implicitAnyDeclareFunctionWithoutFormalType2.ts,[],go-diff,rust-pass
compiler,implicitAnyDeclareMemberWithoutType2.ts,[],go-diff,rust-pass
compiler,implicitAnyFunctionOverloadWithImplicitAnyReturnType.ts,[],go-diff,rust-pass
compiler,implicitAnyGenericTypeInference.ts,[],go-pass,rust-diff
compiler,implicitAnyWidenToAny.ts,[],go-diff,rust-pass
compiler,impliedNodeFormatInterop1.ts,[],go-pass,rust-diff
compiler,importAnImport.ts,[],go-diff,rust-pass
compiler,importAndVariableDeclarationConflict1.ts,[],go-diff,rust-pass
compiler,importAndVariableDeclarationConflict3.ts,[],go-diff,rust-pass
compiler,importAndVariableDeclarationConflict4.ts,[],go-diff,rust-pass
compiler,importDecl.ts,[],go-diff,rust-pass
compiler,importDeclarationUsedAsTypeQuery.ts,[],go-diff,rust-pass
compiler,importEqualsError45874.ts,[],go-diff,rust-pass
compiler,importHelpers.ts,['target=es2015'],go-pass,rust-diff
compiler,importHelpersInAmbientContext.ts,['target=es2015'],go-pass,rust-diff
compiler,importHelpersInIsolatedModules.ts,['target=es2015'],go-pass,rust-diff
compiler,importHelpersWithImportOrExportDefaultNoTslib.1.ts,"['esmoduleinterop=true', 'module=es2020']",skip-config,rust-pass
compiler,importHelpersWithImportOrExportDefaultNoTslib.1.ts,"['esmoduleinterop=true', 'module=es2015']",skip-config,rust-pass
compiler,importHelpersWithImportOrExportDefaultNoTslib.1.ts,"['esmoduleinterop=false', 'module=es2015']",skip-config,rust-pass
compiler,importHelpersWithImportOrExportDefaultNoTslib.1.ts,"['esmoduleinterop=false', 'module=es2020']",skip-config,rust-pass
compiler,importHelpersWithImportOrExportDefaultNoTslib.1.ts,"['esmoduleinterop=true', 'module=commonjs']",skip-config,rust-pass
compiler,importHelpersWithImportOrExportDefaultNoTslib.1.ts,"['esmoduleinterop=false', 'module=commonjs']",skip-config,rust-pass
compiler,importHelpersWithImportOrExportDefaultNoTslib.2.ts,"['esmoduleinterop=true', 'module=es2020']",skip-config,rust-pass
compiler,importHelpersWithImportOrExportDefaultNoTslib.2.ts,"['esmoduleinterop=true', 'module=es2015']",skip-config,rust-pass
compiler,importHelpersWithImportOrExportDefaultNoTslib.2.ts,"['esmoduleinterop=false', 'module=es2015']",skip-config,rust-pass
compiler,importHelpersWithImportOrExportDefaultNoTslib.2.ts,"['esmoduleinterop=false', 'module=es2020']",skip-config,rust-pass
compiler,importHelpersWithImportOrExportDefaultNoTslib.2.ts,"['esmoduleinterop=true', 'module=commonjs']",skip-config,rust-pass
compiler,importHelpersWithImportOrExportDefaultNoTslib.2.ts,"['esmoduleinterop=false', 'module=commonjs']",skip-config,rust-pass
compiler,importHelpersWithImportOrExportDefaultNoTslib.3.ts,"['esmoduleinterop=true', 'module=es2020']",skip-config,rust-pass
compiler,importHelpersWithImportOrExportDefaultNoTslib.3.ts,"['esmoduleinterop=true', 'module=es2015']",skip-config,rust-pass
compiler,importHelpersWithImportOrExportDefaultNoTslib.3.ts,"['esmoduleinterop=false', 'module=es2015']",skip-config,rust-pass
compiler,importHelpersWithImportOrExportDefaultNoTslib.3.ts,"['esmoduleinterop=false', 'module=es2020']",skip-config,rust-pass
compiler,importHelpersWithImportOrExportDefaultNoTslib.3.ts,"['esmoduleinterop=true', 'module=commonjs']",skip-config,rust-pass
compiler,importHelpersWithImportOrExportDefaultNoTslib.3.ts,"['esmoduleinterop=false', 'module=commonjs']",skip-config,rust-pass
compiler,importHelpersWithLocalCollisions.ts,['module=commonjs'],skip-config,rust-pass
compiler,importHelpersWithLocalCollisions.ts,['module=es2015'],skip-config,rust-pass
compiler,importNonExportedMember1.ts,[],go-diff,rust-pass
compiler,importNonExportedMember2.ts,[],go-diff,rust-pass
compiler,importNonExportedMember3.ts,[],go-diff,rust-pass
compiler,importNonExportedMember4.ts,[],go-pass,rust-diff
compiler,importNonExportedMember6.ts,[],go-pass,rust-diff
compiler,importNotElidedWhenNotFound.ts,[],go-diff,rust-pass
compiler,importOnAliasedIdentifiers.ts,[],go-pass,rust-diff
compiler,importPropertyFromMappedType.ts,[],go-pass,rust-diff
compiler,importTypeGenericArrowTypeParenthesized.ts,[],go-pass,rust-diff
compiler,importUsedInExtendsList1.ts,[],go-diff,rust-pass
compiler,importWithTrailingSlash_noResolve.ts,[],go-diff,rust-pass
compiler,importedAliasedConditionalTypeInstantiation.ts,[],go-pass,rust-diff
compiler,inKeywordAndIntersection.ts,[],go-pass,rust-diff
compiler,inKeywordNarrowingWithNoUncheckedIndexedAccess.ts,[],go-pass,rust-diff
compiler,incompatibleAssignmentOfIdenticallyNamedTypes.ts,[],go-diff,rust-pass
compiler,incorrectClassOverloadChain.ts,[],go-diff,rust-pass
compiler,incrementalInvalid.ts,[],go-pass,rust-diff
compiler,indexIntoArraySubclass.ts,[],go-diff,rust-pass
compiler,indexWithUndefinedAndNull.ts,[],go-diff,rust-pass
compiler,indexWithUndefinedAndNullStrictNullChecks.ts,[],go-diff,rust-pass
compiler,indexWithoutParamType2.ts,[],go-diff,rust-pass
compiler,indexedAccessAndNullableNarrowing.ts,[],go-pass,rust-diff
compiler,indexedAccessKeyofNestedSimplifiedSubstituteUnwrapped.ts,[],go-diff,rust-pass
compiler,indexedAccessTypeConstraints.ts,[],go-pass,rust-diff
compiler,indexerA.ts,[],go-diff,rust-pass
compiler,indexerAssignability.ts,[],go-diff,rust-pass
compiler,indexerReturningTypeParameter1.ts,[],go-diff,rust-pass
compiler,indirectGlobalSymbolPartOfObjectType.ts,[],go-pass,rust-diff
compiler,inferPropertyWithContextSensitiveReturnStatement.ts,[],go-pass,rust-diff
compiler,inferSetterParamType.ts,[],go-diff,rust-pass
compiler,inferStringLiteralUnionForBindingElement.ts,[],go-pass,rust-diff
compiler,inferenceAndHKTs.ts,[],go-pass,rust-diff
compiler,inferenceContextualReturnTypeUnion1.ts,[],go-pass,rust-diff
compiler,inferenceContextualReturnTypeUnion3.ts,[],go-pass,rust-diff
compiler,inferenceDoesNotAddUndefinedOrNull.ts,[],go-pass,rust-diff
compiler,inferenceDoesntCompareAgainstUninstantiatedTypeParameter.ts,[],go-pass,rust-diff
compiler,inferenceFromGenericClassNoCrash1.ts,[],go-diff,rust-pass
compiler,inferenceLimit.ts,[],go-pass,rust-diff
compiler,inferenceOfNullableObjectTypesWithCommonBase.ts,[],go-pass,rust-diff
compiler,inferenceOptionalProperties.ts,[],go-pass,rust-diff
compiler,inferenceOptionalPropertiesStrict.ts,[],go-pass,rust-diff
compiler,inferenceOptionalPropertiesToIndexSignatures.ts,[],go-pass,rust-diff
compiler,inferentialTypingUsingApparentType1.ts,[],go-diff,rust-pass
compiler,inferentialTypingWithFunctionTypeZip.ts,[],go-diff,rust-pass
compiler,inferentiallyTypingAnEmptyArray.ts,[],go-diff,rust-pass
compiler,inferredReturnTypeIncorrectReuse1.ts,[],go-pass,rust-diff
compiler,inferringAnyFunctionType1.ts,[],go-pass,rust-diff
compiler,infinitelyExpandingBaseTypes2.ts,[],go-diff,rust-pass
compiler,infinitelyExpandingOverloads.ts,[],go-diff,rust-pass
compiler,infinitelyExpandingTypeAssignability.ts,[],go-diff,rust-pass
compiler,infinitelyExpandingTypes2.ts,[],go-diff,rust-pass
compiler,infinitelyExpandingTypes3.ts,[],go-diff,rust-pass
compiler,infinitelyExpandingTypes4.ts,[],go-diff,rust-pass
compiler,infinitelyExpandingTypesNonGenericBase.ts,[],go-diff,rust-pass
compiler,inheritSameNamePrivatePropertiesFromSameOrigin.ts,[],go-diff,rust-pass
compiler,inheritedConstructorWithRestParams.ts,[],go-diff,rust-pass
compiler,inheritedGenericCallSignature.ts,[],go-diff,rust-pass
compiler,inlineConditionalHasSimilarAssignability.ts,[],go-pass,rust-diff
compiler,innerAliases.ts,[],go-diff,rust-pass
compiler,innerAliases2.ts,[],go-diff,rust-pass
compiler,innerModExport1.ts,[],go-diff,rust-pass
compiler,innerTypeCheckOfLambdaArgument.ts,[],go-diff,rust-pass
compiler,instantiateContextualTypes.ts,[],go-pass,rust-diff
compiler,instantiateContextuallyTypedGenericThis.ts,[],go-diff,rust-pass
compiler,instantiateCrossFileMerge.ts,[],go-pass,rust-diff
compiler,instantiatedReturnTypeContravariance.ts,[],go-diff,rust-pass
compiler,interfaceContextualType.ts,[],go-diff,rust-pass
compiler,interfaceDeclaration6.ts,[],go-diff,rust-pass
compiler,interfaceExtendsClassWithPrivate1.ts,[],go-diff,rust-pass
compiler,interfaceInReopenedModule.ts,[],go-diff,rust-pass
compiler,interfaceInheritance2.ts,[],go-diff,rust-pass
compiler,internalAliasClassInsideLocalModuleWithoutExportAccessError.ts,[],go-diff,rust-pass
compiler,internalAliasEnumInsideLocalModuleWithoutExportAccessError.ts,[],go-diff,rust-pass
compiler,internalAliasFunctionInsideLocalModuleWithoutExportAccessError.ts,[],go-diff,rust-pass
compiler,internalAliasInitializedModuleInsideLocalModuleWithoutExportAccessError.ts,[],go-diff,rust-pass
compiler,internalAliasVarInsideLocalModuleWithoutExportAccessError.ts,[],go-diff,rust-pass
compiler,internalImportInstantiatedModuleMergedWithClassNotReferencingInstance.ts,[],go-diff,rust-pass
compiler,internalImportInstantiatedModuleMergedWithClassNotReferencingInstanceNoConflict.ts,[],go-diff,rust-pass
compiler,internalImportInstantiatedModuleNotReferencingInstance.ts,[],go-diff,rust-pass
compiler,internalImportUnInstantiatedModuleMergedWithClassNotReferencingInstance.ts,[],go-diff,rust-pass
compiler,internalImportUnInstantiatedModuleMergedWithClassNotReferencingInstanceNoConflict.ts,[],go-diff,rust-pass
compiler,internalImportUnInstantiatedModuleNotReferencingInstanceNoConflict.ts,[],go-pass,rust-diff
compiler,intersectionOfMixinConstructorTypeAndNonConstructorType.ts,[],go-pass,rust-diff
compiler,intersectionTypeInference1.ts,[],go-pass,rust-diff
compiler,intersectionTypeNormalization.ts,[],go-pass,rust-diff
compiler,intrinsics.ts,[],go-diff,rust-pass
compiler,invalidContinueInDownlevelAsync.ts,[],go-diff,rust-pass
compiler,invalidSymbolInTypeParameter1.ts,[],go-diff,rust-pass
compiler,invalidThisEmitInContextualObjectLiteral.ts,[],go-pass,rust-diff
compiler,invalidUnicodeEscapeSequance.ts,[],go-diff,rust-pass
compiler,invalidUnicodeEscapeSequance2.ts,[],go-diff,rust-pass
compiler,invalidUnicodeEscapeSequance3.ts,[],go-diff,rust-pass
compiler,invalidUseOfTypeAsNamespace.ts,[],go-diff,rust-pass
compiler,invokingNonGenericMethodWithTypeArguments1.ts,[],go-diff,rust-pass
compiler,ipromise2.ts,[],go-diff,rust-pass
compiler,ipromise3.ts,[],go-diff,rust-pass
compiler,isLiteral1.ts,[],go-diff,rust-pass
compiler,isolatedDeclarationErrorTypes1.ts,[],go-diff,rust-pass
compiler,isolatedDeclarationsAddUndefined2.ts,[],go-diff,rust-pass
compiler,isolatedDeclarationsRequiresDeclaration.ts,[],go-pass,rust-diff
compiler,isolatedModulesNoEmitOnError.ts,[],go-diff,rust-pass
compiler,isolatedModulesReExportAlias.ts,[],skip-config,rust-pass
compiler,isolatedModulesRequiresPreserveConstEnum.ts,[],go-pass,rust-diff
compiler,isolatedModulesSketchyAliasLocalMerge.ts,"['isolatedmodules=false', 'verbatimmodulesyntax=false']",skip-config,rust-pass
compiler,iterableTReturnTNext.ts,['strictbuiltiniteratorreturn=false'],go-pass,rust-diff
compiler,jsFileCompilationWithDeclarationEmitPathSameAsInput.ts,[],go-pass,rust-diff
compiler,jsxChildrenSingleChildConfusableWithMultipleChildrenNoError.tsx,[],go-diff,rust-pass
compiler,jsxEmptyExpressionNotCountedAsChild.tsx,['jsx=react-jsx'],go-diff,rust-pass
compiler,jsxEmptyExpressionNotCountedAsChild.tsx,['jsx=react'],go-diff,rust-pass
compiler,jsxEmptyExpressionNotCountedAsChild.tsx,['jsx=react-jsxdev'],go-diff,rust-pass
compiler,jsxFactoryAndJsxFragmentFactoryErrorNotIdentifier.tsx,[],go-pass,rust-diff
compiler,jsxFactoryAndReactNamespace.ts,[],go-pass,rust-diff
compiler,jsxFactoryMissingErrorInsideAClass.ts,[],go-diff,rust-pass
compiler,jsxFactoryNotIdentifierOrQualifiedName.ts,[],go-pass,rust-diff
compiler,jsxFactoryNotIdentifierOrQualifiedName2.ts,[],go-pass,rust-diff
compiler,jsxFragmentFactoryReference.tsx,['jsx=preserve'],skip-config,rust-pass
compiler,jsxFragmentFactoryReference.tsx,['jsx=react-native'],skip-config,rust-pass
compiler,jsxGenericComponentWithSpreadingResultOfGenericFunction.tsx,[],go-diff,rust-pass
compiler,jsxHasLiteralType.tsx,[],go-diff,rust-pass
compiler,jsxIntrinsicElementsCompatability.tsx,[],go-diff,rust-pass
compiler,jsxIntrinsicElementsExtendsRecord.tsx,[],go-pass,rust-diff
compiler,jsxLibraryManagedAttributesUnusedGeneric.tsx,[],go-pass,rust-diff
compiler,jsxNamespaceGlobalReexport.tsx,[],go-pass,rust-diff
compiler,jsxNamespaceImplicitImportJSXNamespace.tsx,[],go-pass,rust-diff
compiler,jsxNamespaceImplicitImportJSXNamespaceFromConfigPickedOverGlobalOne.tsx,['jsx=react-jsx'],go-pass,rust-diff
compiler,jsxNamespaceImplicitImportJSXNamespaceFromPragmaPickedOverGlobalOne.tsx,[],go-pass,rust-diff
compiler,jsxNamespaceNoElementChildrenAttributeReactJsx.tsx,['jsx=react-jsx'],go-diff,rust-pass
compiler,jsxNamespaceNoElementChildrenAttributeReactJsx.tsx,['jsx=react-jsxdev'],go-diff,rust-pass
compiler,jsxNamespacedNameNotComparedToNonMatchingIndexSignature.tsx,[],go-diff,rust-pass
compiler,jsxPartialSpread.tsx,[],go-diff,rust-pass
compiler,jsxRuntimePragma.ts,['jsx=react-jsx'],go-diff,rust-pass
compiler,jsxRuntimePragma.ts,['jsx=react-jsxdev'],go-diff,rust-pass
compiler,jsxRuntimePragma.ts,['jsx=preserve'],go-diff,rust-pass
compiler,jsxSpreadTag.ts,['target=esnext'],go-diff,rust-pass
compiler,jsxSpreadTag.ts,['target=es2015'],go-diff,rust-pass
compiler,keyofGenericExtendingClassDoubleLayer.ts,[],go-diff,rust-pass
compiler,keywordExpressionInternalComments.ts,[],go-diff,rust-pass
compiler,lambdaParameterWithTupleArgsHasCorrectAssignability.ts,[],go-pass,rust-diff
compiler,largeControlFlowGraph.ts,[],go-diff,rust-pass
compiler,letAsIdentifier2.ts,[],go-diff,rust-pass
compiler,letDeclarations-scopes2.ts,[],go-diff,rust-pass
compiler,letDeclarations-useBeforeDefinition.ts,[],go-diff,rust-pass
compiler,letInVarDeclOfForIn_ES5.ts,['target=es2015'],go-diff,rust-pass
compiler,letInVarDeclOfForIn_ES6.ts,[],go-diff,rust-pass
compiler,letInVarDeclOfForOf_ES5.ts,['target=es2015'],go-diff,rust-pass
compiler,letInVarDeclOfForOf_ES6.ts,[],go-diff,rust-pass
compiler,library_RegExpExecArraySlice.ts,[],go-diff,rust-pass
compiler,lift.ts,[],go-diff,rust-pass
compiler,literals-negative.ts,[],go-diff,rust-pass
compiler,localAliasExportAssignment.ts,[],go-diff,rust-pass
compiler,logicalNotExpression1.ts,[],go-diff,rust-pass
compiler,m7Bugs.ts,[],go-diff,rust-pass
compiler,manyCompilerErrorsInTheTwoFiles.ts,[],go-pass,rust-diff
compiler,mapOnTupleTypes01.ts,[],go-pass,rust-diff
compiler,mapOnTupleTypes02.ts,[],go-pass,rust-diff
compiler,mappedTypeGenericIndexedAccess.ts,[],go-pass,rust-diff
compiler,mappedTypeNoTypeNoCrash.ts,[],go-diff,rust-pass
compiler,mappedTypeParameterConstraint.ts,[],go-pass,rust-diff
compiler,mappedTypeRecursiveInference2.ts,[],go-pass,rust-diff
compiler,mappedTypeTupleConstraintAssignability.ts,[],go-pass,rust-diff
compiler,mappedTypeWithNameClauseAppliedToArrayType.ts,[],go-pass,rust-diff
compiler,matchReturnTypeInAllBranches.ts,[],go-diff,rust-pass
compiler,matchingOfObjectLiteralConstraints.ts,[],go-pass,rust-diff
compiler,maximum10SpellingSuggestions.ts,[],go-diff,rust-pass
compiler,memberOverride.ts,[],go-diff,rust-pass
compiler,mergeMultipleInterfacesReexported.ts,[],go-pass,rust-diff
compiler,mergedDeclarations4.ts,[],go-pass,rust-diff
compiler,mergedDeclarations5.ts,[],go-pass,rust-diff
compiler,metadataOfClassFromAlias.ts,"['strict=true', 'target=es2015']",go-diff,rust-pass
compiler,metadataOfClassFromAlias2.ts,['target=es2015'],go-diff,rust-pass
compiler,metadataOfClassFromModule.ts,['target=es2015'],go-diff,rust-pass
compiler,metadataOfEventAlias.ts,['target=es2015'],go-diff,rust-pass
compiler,metadataOfStringLiteral.ts,[],go-diff,rust-pass
compiler,metadataReferencedWithinFilteredUnion.ts,"['strictnullchecks=true', 'target=es2015']",go-diff,rust-pass
compiler,methodInAmbientClass1.ts,[],go-diff,rust-pass
compiler,mismatchedClassConstructorVariable.ts,[],go-diff,rust-pass
compiler,missingArgument1.ts,[],go-diff,rust-pass
compiler,missingCloseBrace.ts,[],go-diff,rust-pass
compiler,missingCloseBraceInObjectLiteral.ts,[],go-diff,rust-pass
compiler,missingCloseBracketInArray.ts,[],go-diff,rust-pass
compiler,missingDomElement_UsingDomLib.ts,[],go-diff,rust-pass
compiler,missingFunctionImplementation2.ts,[],go-diff,rust-pass
compiler,missingReturnStatement.ts,[],go-diff,rust-pass
compiler,missingReturnStatement1.ts,[],go-diff,rust-pass
compiler,missingTypeArguments1.ts,[],go-diff,rust-pass
compiler,missingTypeArguments2.ts,[],go-diff,rust-pass
compiler,modifierOnParameter1.ts,[],go-diff,rust-pass
compiler,modularizeLibrary_ErrorFromUsingES6ArrayWithOnlyES6ArrayLib.ts,['target=es2015'],go-pass,rust-diff
compiler,modularizeLibrary_ErrorFromUsingES6FeaturesWithOnlyES5Lib.ts,[],go-pass,rust-diff
compiler,modularizeLibrary_TargetES6UsingES6Lib.ts,[],go-pass,rust-diff
compiler,modularizeLibrary_UsingES5LibAndES6FeatureLibs.ts,[],go-pass,rust-diff
compiler,moduleAndInterfaceSharingName.ts,[],go-diff,rust-pass
compiler,moduleAndInterfaceSharingName3.ts,[],go-diff,rust-pass
compiler,moduleAndInterfaceWithSameName.ts,[],go-diff,rust-pass
compiler,moduleAugmentationDoesInterfaceMergeOfReexport.ts,[],go-pass,rust-diff
compiler,moduleAugmentationDoesNamespaceEnumMergeOfReexport.ts,[],go-pass,rust-diff
compiler,moduleAugmentationDoesNamespaceMergeOfReexport.ts,[],go-pass,rust-diff
compiler,moduleAugmentationDuringSyntheticDefaultCheck.ts,[],go-pass,rust-diff
compiler,moduleAugmentationGlobal2.ts,[],go-pass,rust-diff
compiler,moduleAugmentationGlobal3.ts,[],go-pass,rust-diff
compiler,moduleAugmentationInAmbientModule5.ts,[],go-pass,rust-diff
compiler,moduleAugmentationInDependency.ts,[],go-pass,rust-diff
compiler,moduleAugmentationInDependency2.ts,[],go-diff,rust-pass
compiler,moduleAugmentationOfAlias.ts,[],go-pass,rust-diff
compiler,moduleAugmentationWithNonExistentNamedImport.ts,[],go-diff,rust-pass
compiler,moduleClassArrayCodeGenTest.ts,[],go-diff,rust-pass
compiler,moduleDeclarationExportStarShadowingGlobalIsNameable.ts,[],go-pass,rust-diff
compiler,moduleExports1.ts,[],go-diff,rust-pass
compiler,moduleImport.ts,[],go-diff,rust-pass
compiler,moduleKeywordRepeatError.ts,[],go-diff,rust-pass
compiler,moduleMemberMissingErrorIsRelative.ts,[],go-diff,rust-pass
compiler,moduleMemberWithoutTypeAnnotation1.ts,[],go-diff,rust-pass
compiler,moduleNewExportBug.ts,[],go-diff,rust-pass
compiler,modulePreserve3.ts,[],skip-config,rust-pass
compiler,moduleProperty2.ts,[],go-diff,rust-pass
compiler,moduleReopenedTypeOtherBlock.ts,[],go-diff,rust-pass
compiler,moduleReopenedTypeSameBlock.ts,[],go-diff,rust-pass
compiler,moduleResolutionAsTypeReferenceDirective.ts,[],go-diff,rust-pass
compiler,moduleResolutionAsTypeReferenceDirectiveAmbient.ts,[],go-diff,rust-pass
compiler,moduleResolutionPackageIdWithRelativeAndAbsolutePath.ts,[],skip-config,rust-pass
compiler,moduleResolutionWithExtensions_notSupported3.ts,[],go-diff,rust-pass
compiler,moduleResolutionWithModule.ts,"['module=node16', 'moduleresolution=node16']",go-diff,rust-pass
compiler,moduleResolutionWithModule.ts,"['module=node18', 'moduleresolution=node16']",go-diff,rust-pass
compiler,moduleResolutionWithModule.ts,"['module=node16', 'moduleresolution=nodenext']",go-diff,rust-pass
compiler,moduleResolutionWithModule.ts,"['module=node18', 'moduleresolution=nodenext']",go-diff,rust-pass
compiler,moduleResolutionWithSuffixes_empty.ts,[],go-pass,rust-diff
compiler,moduleResolutionWithSuffixes_notSpecified.ts,[],go-pass,rust-diff
compiler,moduleResolutionWithSuffixes_one.ts,[],go-pass,rust-diff
compiler,moduleResolutionWithSuffixes_oneBlank.ts,[],go-pass,rust-diff
compiler,moduleResolutionWithSuffixes_oneNotFound.ts,[],go-pass,rust-diff
compiler,moduleResolutionWithSuffixes_one_dirModuleWithIndex.ts,[],go-pass,rust-diff
compiler,moduleResolutionWithSuffixes_threeLastIsBlank1.ts,[],go-pass,rust-diff
compiler,moduleResolutionWithSuffixes_threeLastIsBlank2.ts,[],go-pass,rust-diff
compiler,moduleResolutionWithSuffixes_threeLastIsBlank3.ts,[],go-pass,rust-diff
compiler,moduleResolutionWithSuffixes_threeLastIsBlank4.ts,[],go-pass,rust-diff
compiler,moduleResolution_automaticTypeDirectiveNames.ts,[],go-diff,rust-pass
compiler,moduleResolution_noLeadingDot.ts,[],go-diff,rust-pass
compiler,moduleResolution_packageJson_yesAtPackageRoot.ts,[],go-diff,rust-pass
compiler,moduleResolution_packageJson_yesAtPackageRoot_fakeScopedPackage.ts,[],go-diff,rust-pass
compiler,moduleResolution_relativeImportJsFile.ts,[],go-diff,rust-pass
compiler,moduleSharesNameWithImportDeclarationInsideIt3.ts,[],go-diff,rust-pass
compiler,moduleSharesNameWithImportDeclarationInsideIt5.ts,[],go-diff,rust-pass
compiler,moduleVisibilityTest2.ts,[],go-diff,rust-pass
compiler,module_augmentExistingAmbientVariable.ts,[],go-diff,rust-pass
compiler,module_augmentExistingVariable.ts,[],go-diff,rust-pass
compiler,module_augmentUninstantiatedModule2.ts,[],go-pass,rust-diff
compiler,multiExtendsSplitInterfaces2.ts,[],go-diff,rust-pass
compiler,multiLineContextDiagnosticWithPretty.ts,[],go-pass,rust-diff
compiler,multiLineErrors.ts,[],go-diff,rust-pass
compiler,multipleClassPropertyModifiers.ts,[],go-diff,rust-pass
compiler,mutrec.ts,[],go-diff,rust-pass
compiler,mutuallyRecursiveGenericBaseTypes1.ts,[],go-diff,rust-pass
compiler,mutuallyRecursiveGenericBaseTypes2.ts,[],go-diff,rust-pass
compiler,mutuallyRecursiveInference.ts,[],go-diff,rust-pass
compiler,nameCollisions.ts,[],go-diff,rust-pass
compiler,namedFunctionExpressionCallErrors.ts,[],go-diff,rust-pass
compiler,namespacesDeclaration2.ts,[],go-diff,rust-pass
compiler,namespacesWithTypeAliasOnlyExportsMerge.ts,[],go-pass,rust-diff
compiler,narrowByClauseExpressionInSwitchTrue3.ts,[],go-diff,rust-pass
compiler,narrowByParenthesizedSwitchExpression.ts,[],go-pass,rust-diff
compiler,narrowTypeByInstanceof.ts,[],go-diff,rust-pass
compiler,narrowedConstInMethod.ts,[],go-pass,rust-diff
compiler,narrowedImports.ts,[],go-pass,rust-diff
compiler,narrowingByTypeofInSwitch.ts,[],go-pass,rust-diff
compiler,narrowingDestructuring.ts,[],go-pass,rust-diff
compiler,narrowingOfDottedNames.ts,[],go-diff,rust-pass
compiler,narrowingTypeofDiscriminant.ts,[],go-pass,rust-diff
compiler,narrowingTypeofUndefined2.ts,[],go-pass,rust-diff
compiler,narrowingUnionToUnion.ts,[],go-pass,rust-diff
compiler,nativeToBoxedTypes.ts,[],go-diff,rust-pass
compiler,nearbyIdenticalGenericLambdasAssignable.ts,[],go-pass,rust-diff
compiler,nestedIfStatement.ts,[],go-diff,rust-pass
compiler,nestedInfinitelyExpandedRecursiveTypes.ts,[],go-diff,rust-pass
compiler,nestedLoopTypeGuards.ts,[],go-diff,rust-pass
compiler,nestedSuperCallEmit.ts,['target=es2015'],skip-config,rust-pass
compiler,nestedTypeVariableInfersLiteral.ts,[],go-pass,rust-diff
compiler,newArrays.ts,[],go-diff,rust-pass
compiler,newMissingIdentifier.ts,[],go-diff,rust-pass
compiler,newNamesInGlobalAugmentations1.ts,[],go-pass,rust-diff
compiler,newNonReferenceType.ts,[],go-diff,rust-pass
compiler,newOnInstanceSymbol.ts,[],go-diff,rust-pass
compiler,noCheckDoesNotReportError.ts,[],go-pass,rust-diff
compiler,noCheckNoEmit.ts,[],go-pass,rust-diff
compiler,noCheckRequiresEmitDeclarationOnly.ts,[],go-pass,rust-diff
compiler,noConstraintInReturnType1.ts,[],go-diff,rust-pass
compiler,noCrashOnNoLib.ts,[],go-pass,rust-diff
compiler,noEmitOnError.ts,[],go-diff,rust-pass
compiler,noErrorsInCallback.ts,[],go-diff,rust-pass
compiler,noImplicitAnyDestructuringInPrivateMethod.ts,[],go-pass,rust-diff
compiler,noImplicitAnyForwardReferencedInterface.ts,[],go-diff,rust-pass
compiler,noImplicitAnyFunctions.ts,[],go-diff,rust-pass
compiler,noImplicitAnyInBareInterface.ts,[],go-diff,rust-pass
compiler,noImplicitAnyParametersInBareFunctions.ts,[],go-diff,rust-pass
compiler,noImplicitAnyParametersInClass.ts,[],go-diff,rust-pass
compiler,noImplicitAnyParametersInInterface.ts,[],go-diff,rust-pass
compiler,noImplicitAnyParametersInModule.ts,[],go-diff,rust-pass
compiler,noImplicitAnyReferencingDeclaredInterface.ts,[],go-diff,rust-pass
compiler,noReachabilityErrorsOnEmptyStatement.ts,[],go-pass,rust-diff
compiler,noRepeatedPropertyNames.ts,[],go-diff,rust-pass
compiler,noTypeArgumentOnReturnType1.ts,[],go-diff,rust-pass
compiler,nodeModuleReexportFromDottedPath.ts,[],go-pass,rust-diff
compiler,nodeNextPackageImportMapRootDir.ts,[],go-pass,rust-diff
compiler,nodeNextPackageSelfNameWithOutDir.ts,[],go-pass,rust-diff
compiler,nodeNextPackageSelfNameWithOutDirDeclDir.ts,[],go-pass,rust-diff
compiler,nodeNextPackageSelfNameWithOutDirDeclDirComposite.ts,[],go-pass,rust-diff
compiler,nodeNextPackageSelfNameWithOutDirDeclDirCompositeNestedDirs.ts,[],go-pass,rust-diff
compiler,nodeNextPackageSelfNameWithOutDirDeclDirNestedDirs.ts,[],go-pass,rust-diff
compiler,nodeNextPackageSelfNameWithOutDirRootDir.ts,[],go-pass,rust-diff
compiler,nonExportedElementsOfMergedModules.ts,[],go-diff,rust-pass
compiler,nonGenericClassExtendingGenericClassWithAny.ts,[],go-diff,rust-pass
compiler,nonInferrableTypePropagation2.ts,[],go-pass,rust-diff
compiler,nonInferrableTypePropagation3.ts,[],go-pass,rust-diff
compiler,nonMergedDeclarationsAndOverloads.ts,[],go-diff,rust-pass
compiler,nonNullParameterExtendingStringAssignableToString.ts,[],go-pass,rust-diff
compiler,nonexistentPropertyUnavailableOnPromisedType.ts,[],go-diff,rust-pass
compiler,numberAssignableToEnumInsideUnion.ts,[],go-diff,rust-pass
compiler,numberOnLeftSideOfInExpression.ts,[],go-diff,rust-pass
compiler,numberToString.ts,[],go-diff,rust-pass
compiler,numericIndexerConstraint.ts,[],go-diff,rust-pass
compiler,numericIndexerConstraint1.ts,[],go-diff,rust-pass
compiler,numericIndexerConstraint3.ts,[],go-diff,rust-pass
compiler,numericIndexerConstraint4.ts,[],go-diff,rust-pass
compiler,numericIndexerTyping1.ts,[],go-diff,rust-pass
compiler,numericIndexerTyping2.ts,[],go-diff,rust-pass
compiler,objectCreate.ts,[],go-pass,rust-diff
compiler,objectCreate2.ts,[],go-pass,rust-diff
compiler,objectCreationOfElementAccessExpression.ts,[],go-diff,rust-pass
compiler,objectLitGetterSetter.ts,[],go-pass,rust-diff
compiler,objectLitStructuralTypeMismatch.ts,[],go-diff,rust-pass
compiler,objectLiteralEnumPropertyNames.ts,[],go-pass,rust-diff
compiler,objectLiteralIndexers.ts,[],go-diff,rust-pass
compiler,objectLiteralParameterResolution.ts,[],go-diff,rust-pass
compiler,objectLiteralReferencingInternalProperties.ts,[],go-diff,rust-pass
compiler,objectLiteralWithNumericPropertyName.ts,[],go-diff,rust-pass
compiler,objectMembersOnTypes.ts,[],go-diff,rust-pass
compiler,observableInferenceCanBeMade.ts,[],go-pass,rust-diff
compiler,optionalAccessorsInInterface1.ts,[],go-pass,rust-diff
compiler,optionalChainWithInstantiationExpression2.ts,['target=es2020'],go-pass,rust-diff
compiler,optionalChainWithInstantiationExpression2.ts,['target=es2019'],go-pass,rust-diff
compiler,optionalSetterParam.ts,[],go-diff,rust-pass
compiler,optionsCompositeWithIncrementalFalse.ts,[],go-pass,rust-diff
compiler,optionsInlineSourceMapMapRoot.ts,[],go-pass,rust-diff
compiler,optionsInlineSourceMapSourcemap.ts,[],go-pass,rust-diff
compiler,overloadAssignmentCompat.ts,[],go-diff,rust-pass
compiler,overloadBindingAcrossDeclarationBoundaries.ts,[],go-diff,rust-pass
compiler,overloadBindingAcrossDeclarationBoundaries2.ts,[],go-diff,rust-pass
compiler,overloadGenericFunctionWithRestArgs.ts,[],go-diff,rust-pass
compiler,overloadOnConstConstraintChecks1.ts,[],go-diff,rust-pass
compiler,overloadOnConstConstraintChecks2.ts,[],go-diff,rust-pass
compiler,overloadOnConstConstraintChecks3.ts,[],go-diff,rust-pass
compiler,overloadOnConstConstraintChecks4.ts,[],go-diff,rust-pass
compiler,overloadOnConstantsInvalidOverload1.ts,[],go-diff,rust-pass
compiler,overloadedConstructorFixesInferencesAppropriately.ts,[],go-pass,rust-diff
compiler,overloadingOnConstants1.ts,[],go-diff,rust-pass
compiler,overrideBaseIntersectionMethod.ts,[],go-pass,rust-diff
compiler,paramPropertiesInSignatures.ts,[],go-diff,rust-pass
compiler,parameterPropertyInConstructor1.ts,[],go-diff,rust-pass
compiler,parameterPropertyOutsideConstructor.ts,[],go-diff,rust-pass
compiler,parameterReferenceInInitializer1.ts,[],go-diff,rust-pass
compiler,parameterReferencesOtherParameter1.ts,[],go-diff,rust-pass
compiler,parameterReferencesOtherParameter2.ts,[],go-diff,rust-pass
compiler,parenthesizedArrowExpressionASI.ts,[],go-diff,rust-pass
compiler,parse2.ts,[],go-diff,rust-pass
compiler,parseCommaSeparatedNewlineNew.ts,[],go-diff,rust-pass
compiler,parseCommaSeparatedNewlineNumber.ts,[],go-diff,rust-pass
compiler,parseCommaSeparatedNewlineString.ts,[],go-diff,rust-pass
compiler,parseGenericArrowRatherThanLeftShift.ts,[],go-pass,rust-diff
compiler,parseJsxExtends2.ts,[],go-diff,rust-pass
compiler,partiallyDiscriminantedUnions.ts,[],go-diff,rust-pass
compiler,pathMappingBasedModuleResolution1_node.ts,[],go-pass,rust-diff
compiler,pathMappingWithoutBaseUrl1.ts,[],skip-config,rust-pass
compiler,prefixedNumberLiteralAssignToNumberLiteralType.ts,[],go-pass,rust-diff
compiler,prettyFileWithErrorsAndTabs.ts,[],go-pass,rust-diff
compiler,primitiveMembers.ts,[],go-diff,rust-pass
compiler,primitiveTypeAsClassName.ts,[],go-diff,rust-pass
compiler,primitiveTypeAsInterfaceName.ts,[],go-diff,rust-pass
compiler,primitiveTypeAsInterfaceNameGeneric.ts,[],go-diff,rust-pass
compiler,primitiveTypeAssignment.ts,[],go-diff,rust-pass
compiler,privacyAccessorDeclFile.ts,['target=es2015'],go-diff,rust-pass
compiler,privacyCheckAnonymousFunctionParameter.ts,[],go-diff,rust-pass
compiler,privacyCheckExternalModuleExportAssignmentOfGenericClass.ts,[],go-pass,rust-diff
compiler,privacyFunctionCannotNameReturnTypeDeclFile.ts,[],go-pass,rust-diff
compiler,privacyFunctionReturnTypeDeclFile.ts,[],go-diff,rust-pass
compiler,privacyGloVar.ts,[],go-diff,rust-pass
compiler,privacyVar.ts,[],go-diff,rust-pass
compiler,privacyVarDeclFile.ts,[],go-diff,rust-pass
compiler,privateAccessInSubclass1.ts,[],go-diff,rust-pass
compiler,privateFieldAssignabilityFromUnknown.ts,['target=es2015'],go-diff,rust-pass
compiler,privateInstanceVisibility.ts,[],go-diff,rust-pass
compiler,privateNameWeakMapCollision.ts,[],go-pass,rust-diff
compiler,privateVisibility.ts,[],go-diff,rust-pass
compiler,promiseChaining.ts,[],go-pass,rust-diff
compiler,promiseTry.ts,[],go-pass,rust-diff
compiler,promiseType.ts,[],go-pass,rust-diff
compiler,promiseTypeInference.ts,[],go-pass,rust-diff
compiler,promiseTypeStrictNull.ts,[],go-pass,rust-diff
compiler,promiseWithResolvers.ts,[],go-pass,rust-diff
compiler,propTypeValidatorInference.ts,[],go-pass,rust-diff
compiler,propertyAccess1.ts,[],go-diff,rust-pass
compiler,propertyAccess2.ts,[],go-diff,rust-pass
compiler,propertyAccess3.ts,[],go-diff,rust-pass
compiler,propertyAccessibility1.ts,[],go-diff,rust-pass
compiler,propertyAccessibility2.ts,[],go-diff,rust-pass
compiler,propertyNamesWithStringLiteral.ts,[],go-diff,rust-pass
compiler,propertyOrdering.ts,[],go-diff,rust-pass
compiler,propertyOrdering2.ts,[],go-diff,rust-pass
compiler,propertyOverridingPrototype.ts,[],go-diff,rust-pass
compiler,protoAssignment.ts,[],go-diff,rust-pass
compiler,prototypeInstantiatedWithBaseConstraint.ts,[],go-diff,rust-pass
compiler,prototypeOnConstructorFunctions.ts,[],go-pass,rust-diff
compiler,prototypes.ts,[],go-diff,rust-pass
compiler,qualifiedModuleLocals.ts,[],go-diff,rust-pass
compiler,raiseErrorOnParameterProperty.ts,[],go-diff,rust-pass
compiler,ramdaToolsNoInfinite.ts,[],go-pass,rust-diff
compiler,ramdaToolsNoInfinite2.ts,[],go-pass,rust-diff
compiler,reactJsxReactResolvedNodeNext.tsx,[],go-pass,rust-diff
compiler,reactJsxReactResolvedNodeNextEsm.tsx,[],go-pass,rust-diff
compiler,reactNamespaceInvalidInput.tsx,[],go-pass,rust-diff
compiler,reactTransitiveImportHasValidDeclaration.ts,[],go-pass,rust-diff
compiler,readonlyInDeclarationFile.ts,['target=es2015'],go-diff,rust-pass
compiler,readonlyInNonPropertyParameters.ts,['target=es2015'],go-diff,rust-pass
compiler,reboundIdentifierOnImportAlias.ts,[],go-diff,rust-pass
compiler,rectype.ts,[],go-diff,rust-pass
compiler,recursiveArrayNotCircular.ts,[],go-pass,rust-diff
compiler,recursiveGenericUnionType1.ts,[],go-diff,rust-pass
compiler,recursiveGenericUnionType2.ts,[],go-diff,rust-pass
compiler,recursiveIdenticalAssignment.ts,[],go-diff,rust-pass
compiler,recursiveIdenticalOverloadResolution.ts,[],go-diff,rust-pass
compiler,recursiveTupleTypes1.ts,[],go-diff,rust-pass
compiler,recursiveTupleTypes2.ts,[],go-diff,rust-pass
compiler,recursiveTypeComparison.ts,[],go-diff,rust-pass
compiler,recursiveTypeParameterReferenceError1.ts,[],go-diff,rust-pass
compiler,reducibleIndexedAccessTypes.ts,[],go-pass,rust-diff
compiler,reexportDefaultIsCallable.ts,[],go-pass,rust-diff
compiler,reexportMissingDefault.ts,[],go-diff,rust-pass
compiler,reexportMissingDefault1.ts,[],go-diff,rust-pass
compiler,reexportMissingDefault2.ts,[],go-diff,rust-pass
compiler,reexportMissingDefault3.ts,[],go-diff,rust-pass
compiler,reexportMissingDefault6.ts,[],go-diff,rust-pass
compiler,reexportMissingDefault7.ts,[],go-diff,rust-pass
compiler,reexportedMissingAlias.ts,[],go-diff,rust-pass
compiler,regexpExecAndMatchTypeUsages.ts,['strict=false'],go-pass,rust-diff
compiler,regularExpressionExtendedUnicodeEscapes.ts,[],go-diff,rust-pass
compiler,regularExpressionUnicodePropertyValueExpressionSuggestions.ts,['target=es2015'],go-diff,rust-pass
compiler,regularExpressionWithNonBMPFlags.ts,[],go-diff,rust-pass
compiler,relatedViaDiscriminatedTypeNoError2.ts,[],go-pass,rust-diff
compiler,reorderProperties.ts,[],go-diff,rust-pass
compiler,reservedNameOnInterfaceImport.ts,[],go-diff,rust-pass
compiler,reservedNameOnModuleImportWithInterface.ts,[],go-diff,rust-pass
compiler,resolutionCandidateFromPackageJsonField2.ts,[],go-pass,rust-diff
compiler,resolveModuleNameWithSameLetDeclarationName1.ts,[],go-pass,rust-diff
compiler,restIntersection.ts,[],go-diff,rust-pass
compiler,restParamAsOptional.ts,[],go-diff,rust-pass
compiler,restParamModifier.ts,[],go-diff,rust-pass
compiler,restParameterAssignmentCompatibility.ts,[],go-diff,rust-pass
compiler,restParameterNotLast.ts,[],go-diff,rust-pass
compiler,restParamsWithNonRestParams.ts,[],go-diff,rust-pass
compiler,returnInfiniteIntersection.ts,[],go-pass,rust-diff
compiler,returnTypeInferenceContextualParameterTypesInGenerator1.ts,[],go-pass,rust-diff
compiler,returnTypeInferenceContextualTypeIgnoreAnyUnknown1.ts,[],go-pass,rust-diff
compiler,returnTypePredicateIsInstantiateInContextOfTarget.tsx,[],go-diff,rust-pass
compiler,returnTypeTypeArguments.ts,[],go-diff,rust-pass
compiler,reuseInnerModuleMember.ts,[],go-pass,rust-diff
compiler,reverseInferenceInContextualInstantiation.ts,[],go-diff,rust-pass
compiler,reverseMappedIntersectionInference1.ts,[],go-pass,rust-diff
compiler,reverseMappedIntersectionInference2.ts,[],go-pass,rust-diff
compiler,reverseMappedTypeContextualTypesPerElementOfTupleConstraint.ts,[],go-pass,rust-diff
compiler,reverseMappedTypePrimitiveConstraintProperty.ts,[],go-pass,rust-diff
compiler,reversedRecusiveTypeInstantiation.ts,[],go-diff,rust-pass
compiler,scopeCheckInsidePublicMethod1.ts,[],go-diff,rust-pass
compiler,scopeCheckInsideStaticMethod1.ts,[],go-diff,rust-pass
compiler,scopingInCatchBlocks.ts,[],go-diff,rust-pass
compiler,selfRef.ts,[],go-diff,rust-pass
compiler,semicolonsInModuleDeclarations.ts,[],go-diff,rust-pass
compiler,separate1-1.ts,[],go-diff,rust-pass
compiler,setterBeforeGetter.ts,[],go-diff,rust-pass
compiler,shadowingViaLocalValue.ts,[],go-diff,rust-pass
compiler,shorthand-property-es5-es6.ts,['target=es2015'],go-diff,rust-pass
compiler,shorthand-property-es6-es6.ts,[],go-diff,rust-pass
compiler,shorthandPropertyAssignmentInES6Module.ts,[],go-diff,rust-pass
compiler,sigantureIsSubTypeIfTheyAreIdentical.ts,[],go-diff,rust-pass
compiler,signatureCombiningRestParameters2.ts,[],go-pass,rust-diff
compiler,signatureInstantiationWithRecursiveConstraints.ts,[],go-pass,rust-diff
compiler,signatureLengthMismatchCall.ts,[],go-diff,rust-pass
compiler,simplifyingConditionalWithInteriorConditionalIsRelated.ts,[],go-pass,rust-diff
compiler,sliceResultCast.ts,[],go-pass,rust-diff
compiler,sourceMap-LineBreaks.ts,['target=es2015'],go-pass,rust-diff
compiler,sourceMapSample.ts,[],go-diff,rust-pass
compiler,sourceMapValidationClass.ts,['target=es2015'],go-diff,rust-pass
compiler,sourceMapValidationDestructuringForArrayBindingPattern.ts,['target=es2015'],go-pass,rust-diff
compiler,sourceMapValidationDestructuringForArrayBindingPattern2.ts,['target=es2015'],go-pass,rust-diff
compiler,sourceMapValidationDestructuringForArrayBindingPatternDefaultValues2.ts,['target=es2015'],go-pass,rust-diff
compiler,sourceMapValidationDestructuringForObjectBindingPatternDefaultValues2.ts,[],go-pass,rust-diff
compiler,sourceMapValidationDestructuringForOfArrayBindingPattern2.ts,['target=es2015'],go-pass,rust-diff
compiler,sourceMapValidationDestructuringForOfArrayBindingPatternDefaultValues2.ts,['target=es2015'],go-pass,rust-diff
compiler,sourceMapValidationDestructuringVariableStatementArrayBindingPattern3.ts,['target=es2015'],go-pass,rust-diff
compiler,sourceMapValidationDestructuringVariableStatementArrayBindingPatternDefaultValues3.ts,['target=es2015'],go-pass,rust-diff
compiler,sourceMapValidationFor.ts,[],go-diff,rust-pass
compiler,sourceMapValidationForIn.ts,[],go-pass,rust-diff
compiler,specializedLambdaTypeArguments.ts,[],go-diff,rust-pass
compiler,spellingSuggestionGlobal3.ts,[],go-diff,rust-pass
compiler,spellingSuggestionModule.ts,[],go-diff,rust-pass
compiler,spreadOfObjectLiteralAssignableToIndexSignature.ts,[],go-pass,rust-diff
compiler,stackDepthLimitCastingType.ts,[],go-pass,rust-diff
compiler,standaloneBreak.ts,[],go-diff,rust-pass
compiler,staticClassMemberError.ts,[],go-diff,rust-pass
compiler,staticIndexSignatureAndNormalIndexSignature.ts,[],go-pass,rust-diff
compiler,staticInitializersAndLegacyClassDecorators.ts,[],skip-config,rust-pass
compiler,staticInstanceResolution.ts,[],go-diff,rust-pass
compiler,staticInstanceResolution3.ts,[],go-diff,rust-pass
compiler,staticInstanceResolution4.ts,[],go-diff,rust-pass
compiler,staticMustPrecedePublic.ts,[],go-diff,rust-pass
compiler,staticVisibility.ts,[],go-diff,rust-pass
compiler,staticsNotInScopeInClodule.ts,[],go-diff,rust-pass
compiler,strictFunctionTypes1.ts,[],go-pass,rust-diff
compiler,strictModeReservedWordInDestructuring.ts,[],go-diff,rust-pass
compiler,strictModeReservedWordInImportEqualDeclaration.ts,[],go-diff,rust-pass
compiler,strictModeReservedWordInModuleDeclaration.ts,[],go-diff,rust-pass
compiler,strictModeWordInImportDeclaration.ts,[],go-diff,rust-pass
compiler,strictNullLogicalAndOr.ts,[],go-pass,rust-diff
compiler,strictNullNotNullIndexTypeNoLib.ts,[],go-pass,rust-diff
compiler,strictTypeofUnionNarrowing.ts,[],go-pass,rust-diff
compiler,stringLiteralPropertyNameWithLineContinuation1.ts,[],go-pass,rust-diff
compiler,stripMembersOptionality.ts,['exactoptionalpropertytypes=false'],go-pass,rust-diff
compiler,stripMembersOptionality.ts,['exactoptionalpropertytypes=true'],go-pass,rust-diff
compiler,subtypeReductionUnionConstraints.ts,[],go-pass,rust-diff
compiler,subtypingTransitivity.ts,[],go-diff,rust-pass
compiler,superCallArgsMustMatch.ts,[],go-diff,rust-pass
compiler,superCallWithMissingBaseClass.ts,[],go-diff,rust-pass
compiler,superHasMethodsFromMergedInterface.ts,[],go-pass,rust-diff
compiler,superPropertyAccess_ES5.ts,['target=es2015'],go-diff,rust-pass
compiler,superPropertyAccess_ES6.ts,[],go-diff,rust-pass
compiler,superWithGenericSpecialization.ts,[],go-diff,rust-pass
compiler,switchComparableCompatForBrands.ts,[],go-diff,rust-pass
compiler,taggedTemplateStringWithSymbolExpression01.ts,[],go-pass,rust-diff
compiler,taggedTemplateStringsHexadecimalEscapes.ts,[],go-pass,rust-diff
compiler,taggedTemplateStringsHexadecimalEscapesES6.ts,[],go-pass,rust-diff
compiler,taggedTemplateStringsWithCurriedFunction.ts,['target=es2015'],go-pass,rust-diff
compiler,taggedTemplateStringsWithMultilineTemplate.ts,[],go-pass,rust-diff
compiler,taggedTemplateStringsWithMultilineTemplateES6.ts,[],go-pass,rust-diff
compiler,taggedTemplateStringsWithUnicodeEscapes.ts,[],go-pass,rust-diff
compiler,taggedTemplateStringsWithUnicodeEscapesES6.ts,[],go-pass,rust-diff
compiler,taggedTemplateStringsWithWhitespaceEscapes.ts,[],go-pass,rust-diff
compiler,taggedTemplateStringsWithWhitespaceEscapesES6.ts,[],go-pass,rust-diff
compiler,taggedTemplateWithoutDeclaredHelper.ts,['target=es2015'],go-pass,rust-diff
compiler,taggedTemplatesInDifferentScopes.ts,[],go-pass,rust-diff
compiler,taggedTemplatesInModuleAndGlobal.ts,['target=es2015'],go-pass,rust-diff
compiler,targetEs6DecoratorMetadataImportNotElided.ts,['target=es2015'],go-diff,rust-pass
compiler,targetTypeCastTest.ts,[],go-diff,rust-pass
compiler,targetTypeObjectLiteralToAny.ts,[],go-diff,rust-pass
compiler,targetTypeTest3.ts,[],go-diff,rust-pass
compiler,targetTypeVoidFunc.ts,[],go-diff,rust-pass
compiler,thisBinding.ts,[],go-diff,rust-pass
compiler,thisExpressionInCallExpressionWithTypeArguments.ts,[],go-diff,rust-pass
compiler,thisExpressionOfGenericObject.ts,[],go-diff,rust-pass
compiler,thisInSuperCall.ts,[],go-diff,rust-pass
compiler,thisInSuperCall1.ts,[],go-diff,rust-pass
compiler,thisInSuperCall2.ts,[],go-diff,rust-pass
compiler,thisInSuperCall3.ts,[],go-diff,rust-pass
compiler,thisInTupleTypeParameterConstraints.ts,[],go-diff,rust-pass
compiler,thisInTypeQuery.ts,[],go-pass,rust-diff
compiler,throwWithoutNewLine1.ts,[],go-diff,rust-pass
compiler,toStringOnPrimitives.ts,[],go-pass,rust-diff
compiler,tooFewArgumentsInGenericFunctionTypedArgument.ts,[],go-diff,rust-pass
compiler,tooManyTypeParameters1.ts,[],go-diff,rust-pass
compiler,trackedSymbolsNoCrash.ts,[],go-pass,rust-diff
compiler,trailingCommaInHeterogenousArrayLiteral1.ts,[],go-diff,rust-pass
compiler,trailingCommasES5.ts,['target=es2015'],go-pass,rust-diff
compiler,transitiveTypeArgumentInference1.ts,[],go-diff,rust-pass
compiler,tripleSlashInCommentNotParsed.ts,[],go-pass,rust-diff
compiler,tsconfigExtendsPackageJsonExportsWildcard.ts,[],skip-config,rust-pass
compiler,tslibMissingHelper.ts,[],go-pass,rust-diff
compiler,tslibMultipleMissingHelper.ts,[],go-pass,rust-diff
compiler,tslibNotFoundDifferentModules.ts,[],go-pass,rust-diff
compiler,tsxDiscriminantPropertyInference.tsx,[],go-pass,rust-diff
compiler,tsxResolveExternalModuleExportsTypes.ts,[],go-diff,rust-pass
compiler,tsxUnionMemberChecksFilterDataProps.tsx,[],go-diff,rust-pass
compiler,twiceNestedKeyofIndexInference.ts,[],go-pass,rust-diff
compiler,typeArgInference2WithError.ts,[],go-diff,rust-pass
compiler,typeArgumentInferenceWithRecursivelyReferencedTypeAliasToTypeLiteral01.ts,[],go-diff,rust-pass
compiler,typeArgumentInferenceWithRecursivelyReferencedTypeAliasToTypeLiteral02.ts,[],go-diff,rust-pass
compiler,typeCheckExportsVariable.ts,[],go-diff,rust-pass
compiler,typeCheckingInsideFunctionExpressionInArray.ts,[],go-diff,rust-pass
compiler,typeConstraintsWithConstructSignatures.ts,[],go-pass,rust-diff
compiler,typeGuardNarrowsIndexedAccessOfKnownProperty1.ts,[],go-pass,rust-diff
compiler,typeGuardNarrowsIndexedAccessOfKnownProperty10.ts,[],go-diff,rust-pass
compiler,typeGuardNarrowsIndexedAccessOfKnownProperty7.ts,[],go-pass,rust-diff
compiler,typeGuardNarrowsIndexedAccessOfKnownProperty8.ts,[],go-pass,rust-diff
compiler,typeIdentityConsidersBrands.ts,[],go-diff,rust-pass
compiler,typeInfer1.ts,[],go-diff,rust-pass
compiler,typeInferenceCacheInvalidation.ts,[],go-pass,rust-diff
compiler,typeInferenceFBoundedTypeParams.ts,[],go-pass,rust-diff
compiler,typeInferenceLiteralUnion.ts,[],go-pass,rust-diff
compiler,typeInferenceReturnTypeCallback.ts,[],go-diff,rust-pass
compiler,typeLiteralCallback.ts,[],go-diff,rust-pass
compiler,typeParameterAndArgumentOfSameName1.ts,[],go-diff,rust-pass
compiler,typeParameterArgumentEquivalence.ts,[],go-diff,rust-pass
compiler,typeParameterArgumentEquivalence2.ts,[],go-diff,rust-pass
compiler,typeParameterAsElementType.ts,[],go-diff,rust-pass
compiler,typeParameterAssignmentWithConstraints.ts,[],go-diff,rust-pass
compiler,typeParameterConstraintInstantiation.ts,[],go-diff,rust-pass
compiler,typeParameterConstraints1.ts,[],go-diff,rust-pass
compiler,typeParameterDiamond1.ts,[],go-diff,rust-pass
compiler,typeParameterDiamond2.ts,[],go-diff,rust-pass
compiler,typeParameterEquality.ts,[],go-diff,rust-pass
compiler,typeParameterHasSelfAsConstraint.ts,[],go-diff,rust-pass
compiler,typeParameterLeak.ts,[],go-pass,rust-diff
compiler,typeParametersInStaticProperties.ts,[],go-diff,rust-pass
compiler,typeParametersShouldNotBeEqual.ts,[],go-diff,rust-pass
compiler,typePartameterConstraintInstantiatedWithDefaultWhenCheckingDefault.ts,[],go-pass,rust-diff
compiler,typePredicateFreshLiteralWidening.ts,[],go-pass,rust-diff
compiler,typePredicatesOptionalChaining1.ts,[],go-pass,rust-diff
compiler,typePredicatesOptionalChaining3.ts,[],go-pass,rust-diff
compiler,typeReferenceDirectiveWithTypeAsFile.ts,[],go-diff,rust-pass
compiler,typeReferenceDirectives1.ts,[],go-diff,rust-pass
compiler,typeReferenceDirectives10.ts,[],go-diff,rust-pass
compiler,typeReferenceDirectives13.ts,[],go-diff,rust-pass
compiler,typeReferenceDirectives2.ts,[],go-diff,rust-pass
compiler,typeReferenceDirectives3.ts,[],go-diff,rust-pass
compiler,typeReferenceDirectives4.ts,[],go-diff,rust-pass
compiler,typeReferenceDirectives5.ts,[],go-diff,rust-pass
compiler,typeReferenceDirectives6.ts,[],go-diff,rust-pass
compiler,typeReferenceDirectives7.ts,[],go-diff,rust-pass
compiler,typeReferenceDirectives8.ts,[],go-diff,rust-pass
compiler,typeVariableConstraintIntersections.ts,[],go-pass,rust-diff
compiler,typeVariableTypeGuards.ts,[],go-pass,rust-diff
compiler,typecheckCommaExpression.ts,[],go-diff,rust-pass
compiler,typecheckIfCondition.ts,[],go-diff,rust-pass
compiler,typedArrayConstructorOverloads.ts,[],skip-config,rust-pass
compiler,typedArrays.ts,[],go-diff,rust-pass
compiler,typedGenericPrototypeMember.ts,[],go-pass,rust-diff
compiler,typeofAmbientExternalModules.ts,[],go-diff,rust-pass
compiler,typeofInObjectLiteralType.ts,[],go-diff,rust-pass
compiler,typeofInterface.ts,[],go-pass,rust-diff
compiler,typeofThisInMethodSignature.ts,[],go-pass,rust-diff
compiler,typeofUnknownSymbol.ts,[],go-diff,rust-pass
compiler,typeofUsedBeforeBlockScoped.ts,[],go-pass,rust-diff
compiler,umdGlobalConflict.ts,[],go-pass,rust-diff
compiler,unaryOperators1.ts,[],go-diff,rust-pass
compiler,uncaughtCompilerError2.ts,[],go-diff,rust-pass
compiler,undeclaredMethod.ts,[],go-diff,rust-pass
compiler,undeclaredVarEmit.ts,[],go-diff,rust-pass
compiler,undefinedInferentialTyping.ts,[],go-diff,rust-pass
compiler,undefinedSymbolReferencedInArrayLiteral1.ts,[],go-diff,rust-pass
compiler,undefinedTypeArgument1.ts,[],go-diff,rust-pass
compiler,undefinedTypeArgument2.ts,[],go-diff,rust-pass
compiler,underscoreMapFirst.ts,[],go-pass,rust-diff
compiler,unicodeEscapesInNames01.ts,['target=esnext'],go-pass,rust-diff
compiler,unicodeEscapesInNames01.ts,['target=es2015'],go-pass,rust-diff
compiler,unicodeIdentifierName2.ts,[],go-diff,rust-pass
compiler,unionOfFunctionAndSignatureIsCallable.ts,[],go-pass,rust-diff
compiler,unionRelationshipCheckPasses.ts,[],go-pass,rust-diff
compiler,unionTypeWithIndexAndMethodSignature.ts,[],go-pass,rust-diff
compiler,unionTypeWithRecursiveSubtypeReduction1.ts,[],go-diff,rust-pass
compiler,uniqueSymbolPropertyDeclarationEmit.ts,[],skip-config,rust-pass
compiler,unknownPropertiesAreAssignableToObjectUnion.ts,[],go-pass,rust-diff
compiler,unknownSymbolInGenericReturnType.ts,[],go-diff,rust-pass
compiler,unknownSymbols1.ts,[],go-diff,rust-pass
compiler,unknownTypeErrors.ts,[],go-diff,rust-pass
compiler,unqualifiedCallToClassStatic1.ts,[],go-diff,rust-pass
compiler,unresolvedTypeAssertionSymbol.ts,[],go-diff,rust-pass
compiler,unterminatedRegexAtEndOfSource1.ts,[],go-diff,rust-pass
compiler,unusedImportDeclaration.ts,[],go-diff,rust-pass
compiler,useStrictLikePrologueString01.ts,['target=es5'],go-pass,rust-missing-config
compiler,useStrictLikePrologueString01.ts,['target=es2015'],go-pass,rust-missing-config
compiler,validRegexp.ts,[],go-diff,rust-pass
compiler,varAndFunctionShareName.ts,[],go-diff,rust-pass
compiler,varBlock.ts,[],go-diff,rust-pass
compiler,variableDeclaratorResolvedDuringContextualTyping.ts,[],go-diff,rust-pass
compiler,verbatim-declarations-parameters.ts,[],go-pass,rust-diff
compiler,verbatimModuleSyntaxDefaultValue.ts,[],go-diff,rust-pass
compiler,visibilityOfCrossModuleTypeUsage.ts,[],go-diff,rust-pass
compiler,voidArrayLit.ts,[],go-diff,rust-pass
compiler,voidAsNonAmbiguousReturnType.ts,[],go-diff,rust-pass
compiler,voidAsOperator.ts,[],go-diff,rust-pass
compiler,widenToAny2.ts,[],go-diff,rust-pass
compiler,wideningWithTopLevelTypeParameter.ts,[],go-pass,rust-diff
compiler,withStatementInternalComments.ts,[],go-pass,rust-diff
compiler,yieldStarContextualType.ts,[],go-pass,rust-diff
compiler,yieldStringLiteral.ts,[],go-diff,rust-pass
conformance,Symbols/ES5SymbolProperty1.ts,['target=es2015'],go-pass,rust-diff
conformance,ambient/ambientDeclarationsPatterns.ts,[],go-pass,rust-diff
conformance,async/es2017/asyncAwait_es2017.ts,[],go-pass,rust-diff
conformance,async/es5/asyncAwait_es5.ts,['target=es2015'],go-pass,rust-diff
conformance,async/es6/asyncAwait_es6.ts,[],go-pass,rust-diff
conformance,asyncGenerators/asyncGeneratorGenericNonWrappedReturn.ts,[],go-pass,rust-diff
conformance,asyncGenerators/asyncGeneratorPromiseNextType.ts,[],go-pass,rust-diff
conformance,classes/classDeclarations/classAbstractKeyword/classAbstractConstructor.ts,[],go-diff,rust-pass
conformance,classes/classDeclarations/classAbstractKeyword/classAbstractInAModule.ts,[],go-diff,rust-pass
conformance,classes/classDeclarations/classAbstractKeyword/classAbstractProperties.ts,[],go-diff,rust-pass
conformance,classes/classDeclarations/classAbstractKeyword/classAbstractSingleLineDecl.ts,[],go-diff,rust-pass
conformance,classes/classDeclarations/classAbstractKeyword/classAbstractUsingAbstractMethod1.ts,[],go-diff,rust-pass
conformance,classes/classDeclarations/classAbstractKeyword/classAbstractWithInterface.ts,[],go-diff,rust-pass
conformance,classes/classDeclarations/classAndInterfaceWithSameName.ts,[],go-diff,rust-pass
conformance,classes/classDeclarations/classAndVariableWithSameName.ts,[],go-diff,rust-pass
conformance,classes/classDeclarations/classBody/classBodyWithStatements.ts,[],go-diff,rust-pass
conformance,classes/classDeclarations/classExtendingBuiltinType.ts,[],go-pass,rust-diff
conformance,classes/classDeclarations/classHeritageSpecification/classAppearsToHaveMembersOfObject.ts,[],go-diff,rust-pass
conformance,classes/classDeclarations/classHeritageSpecification/classExtendingClass.ts,[],go-diff,rust-pass
conformance,classes/classDeclarations/classHeritageSpecification/classExtendingPrimitive2.ts,[],go-diff,rust-pass
conformance,classes/classDeclarations/classHeritageSpecification/derivedTypeDoesNotRequireExtendsClause.ts,[],go-diff,rust-pass
conformance,classes/classDeclarations/classWithPredefinedTypesAsNames.ts,[],go-diff,rust-pass
conformance,classes/classExpressions/classWithStaticFieldInParameterBindingPattern.ts,['target=esnext'],skip-config,rust-pass
conformance,classes/classExpressions/classWithStaticFieldInParameterBindingPattern.ts,['target=es2015'],skip-config,rust-pass
conformance,classes/classExpressions/classWithStaticFieldInParameterInitializer.ts,['target=esnext'],skip-config,rust-pass
conformance,classes/classExpressions/classWithStaticFieldInParameterInitializer.ts,['target=es2015'],skip-config,rust-pass
conformance,classes/classStaticBlock/classStaticBlock16.ts,[],go-diff,rust-pass
conformance,classes/classStaticBlock/classStaticBlock17.ts,[],go-pass,rust-diff
conformance,classes/classStaticBlock/classStaticBlockUseBeforeDef3.ts,[],go-diff,rust-pass
conformance,classes/constructorDeclarations/classConstructorParametersAccessibility3.ts,[],go-diff,rust-pass
conformance,classes/constructorDeclarations/classWithTwoConstructorDefinitions.ts,[],go-diff,rust-pass
conformance,classes/constructorDeclarations/constructorParameters/constructorOverloadsWithDefaultValues.ts,[],go-diff,rust-pass
conformance,classes/constructorDeclarations/constructorParameters/readonlyInAmbientClass.ts,[],go-diff,rust-pass
conformance,classes/constructorDeclarations/constructorParameters/readonlyReadonly.ts,[],go-diff,rust-pass
conformance,classes/constructorDeclarations/constructorWithExpressionLessReturn.ts,[],go-diff,rust-pass
conformance,classes/constructorDeclarations/superCalls/derivedClassSuperCallsWithThisArg.ts,[],go-diff,rust-pass
conformance,classes/indexMemberDeclarations/privateIndexer.ts,[],go-diff,rust-pass
conformance,classes/indexMemberDeclarations/publicIndexer.ts,[],go-diff,rust-pass
conformance,classes/members/accessibility/classPropertyAsPrivate.ts,[],go-diff,rust-pass
conformance,classes/members/accessibility/privateClassPropertyAccessibleWithinClass.ts,[],go-pass,rust-diff
conformance,classes/members/accessibility/privateStaticMemberAccessibility.ts,[],go-diff,rust-pass
conformance,classes/members/accessibility/protectedClassPropertyAccessibleWithinClass.ts,['target=es2015'],go-pass,rust-diff
conformance,classes/members/classTypes/genericSetterInClassType.ts,[],go-pass,rust-diff
conformance,classes/members/constructorFunctionTypes/classWithNoConstructorOrBaseClass.ts,[],go-diff,rust-pass
conformance,classes/members/constructorFunctionTypes/classWithStaticMembers.ts,[],go-diff,rust-pass
conformance,classes/members/constructorFunctionTypes/constructorHasPrototypeProperty.ts,[],go-diff,rust-pass
conformance,classes/members/inheritanceAndOverriding/derivedClassOverridesWithoutSubtype.ts,[],go-diff,rust-pass
conformance,classes/members/inheritanceAndOverriding/derivedClassWithAny.ts,[],go-diff,rust-pass
conformance,classes/members/instanceAndStaticMembers/superInStaticMembers1.ts,['target=esnext'],skip-config,rust-pass
conformance,classes/members/instanceAndStaticMembers/superInStaticMembers1.ts,['target=es2022'],skip-config,rust-pass
conformance,classes/members/instanceAndStaticMembers/typeOfThisInInstanceMember.ts,[],go-diff,rust-pass
conformance,classes/members/instanceAndStaticMembers/typeOfThisInInstanceMember2.ts,[],go-diff,rust-pass
conformance,classes/members/instanceAndStaticMembers/typeOfThisInstanceMemberNarrowedWithLoopAntecedent.ts,[],go-diff,rust-pass
conformance,classes/members/privateNames/privateNameAccessorsAccess.ts,[],go-diff,rust-pass
conformance,classes/members/privateNames/privateNameAccessorsCallExpression.ts,[],go-pass,rust-diff
conformance,classes/members/privateNames/privateNameAccessorssDerivedClasses.ts,[],go-diff,rust-pass
conformance,classes/members/privateNames/privateNameBadDeclaration.ts,['target=es2015'],go-diff,rust-pass
conformance,classes/members/privateNames/privateNameComputedPropertyName1.ts,['target=esnext'],go-pass,rust-diff
conformance,classes/members/privateNames/privateNameComputedPropertyName1.ts,['target=es2022'],go-pass,rust-diff
conformance,classes/members/privateNames/privateNameComputedPropertyName1.ts,['target=es2015'],go-pass,rust-diff
conformance,classes/members/privateNames/privateNameComputedPropertyName2.ts,['target=esnext'],go-diff,rust-pass
conformance,classes/members/privateNames/privateNameComputedPropertyName2.ts,['target=es2022'],go-diff,rust-pass
conformance,classes/members/privateNames/privateNameComputedPropertyName2.ts,['target=es2015'],go-diff,rust-pass
conformance,classes/members/privateNames/privateNameDeclaration.ts,[],go-diff,rust-pass
conformance,classes/members/privateNames/privateNameDeclarationMerging.ts,[],go-diff,rust-pass
conformance,classes/members/privateNames/privateNameField.ts,[],go-pass,rust-diff
conformance,classes/members/privateNames/privateNameFieldCallExpression.ts,[],go-pass,rust-diff
conformance,classes/members/privateNames/privateNameFieldDerivedClasses.ts,[],go-diff,rust-pass
conformance,classes/members/privateNames/privateNameFieldParenthesisLeftAssignment.ts,[],go-pass,rust-diff
conformance,classes/members/privateNames/privateNameHashCharName.ts,[],go-diff,rust-pass
conformance,classes/members/privateNames/privateNameInObjectLiteral-1.ts,[],go-diff,rust-pass
conformance,classes/members/privateNames/privateNameInObjectLiteral-2.ts,[],go-diff,rust-pass
conformance,classes/members/privateNames/privateNameInObjectLiteral-3.ts,['target=es2015'],go-diff,rust-pass
conformance,classes/members/privateNames/privateNameMethod.ts,[],go-diff,rust-pass
conformance,classes/members/privateNames/privateNameMethodAccess.ts,[],go-diff,rust-pass
conformance,classes/members/privateNames/privateNameMethodCallExpression.ts,[],go-pass,rust-diff
conformance,classes/members/privateNames/privateNameMethodsDerivedClasses.ts,[],go-diff,rust-pass
conformance,classes/members/privateNames/privateNameNestedClassAccessorsShadowing.ts,[],go-diff,rust-pass
conformance,classes/members/privateNames/privateNameNestedClassFieldShadowing.ts,[],go-diff,rust-pass
conformance,classes/members/privateNames/privateNameNestedClassMethodShadowing.ts,[],go-diff,rust-pass
conformance,classes/members/privateNames/privateNameNestedClassNameConflict.ts,[],go-diff,rust-pass
conformance,classes/members/privateNames/privateNameNotAccessibleOutsideDefiningClass.ts,[],go-diff,rust-pass
conformance,classes/members/privateNames/privateNameNotAllowedOutsideClass.ts,[],go-diff,rust-pass
conformance,classes/members/privateNames/privateNameSetterNoGetter.ts,[],go-diff,rust-pass
conformance,classes/members/privateNames/privateNameStaticAccessorsCallExpression.ts,[],go-pass,rust-diff
conformance,classes/members/privateNames/privateNameStaticFieldAccess.ts,[],go-diff,rust-pass
conformance,classes/members/privateNames/privateNameStaticFieldCallExpression.ts,[],go-pass,rust-diff
conformance,classes/members/privateNames/privateNameStaticMethodAsync.ts,[],go-diff,rust-pass
conformance,classes/members/privateNames/privateNameStaticMethodCallExpression.ts,[],go-pass,rust-diff
conformance,classes/members/privateNames/privateNamesAndFields.ts,[],go-pass,rust-diff
conformance,classes/members/privateNames/privateNamesInNestedClasses-1.ts,[],go-diff,rust-pass
conformance,classes/members/privateNames/privateNamesInterfaceExtendingClass.ts,[],go-diff,rust-pass
conformance,classes/members/privateNames/privateNamesNotAllowedAsParameters.ts,[],go-diff,rust-pass
conformance,classes/members/privateNames/privateNamesNotAllowedInVariableDeclarations.ts,[],go-diff,rust-pass
conformance,classes/members/privateNames/privateNamesUseBeforeDef.ts,[],go-diff,rust-pass
conformance,classes/methodDeclarations/optionalMethodDeclarations.ts,['target=esnext'],skip-config,rust-pass
conformance,classes/methodDeclarations/optionalMethodDeclarations.ts,['target=es2016'],skip-config,rust-pass
conformance,classes/mixinAbstractClasses.ts,[],go-pass,rust-diff
conformance,classes/mixinAccessors1.ts,[],go-pass,rust-diff
conformance,classes/mixinClassesAnnotated.ts,[],go-pass,rust-diff
conformance,classes/mixinClassesAnonymous.ts,[],go-pass,rust-diff
conformance,classes/mixinClassesMembers.ts,[],go-pass,rust-diff
conformance,classes/propertyMemberDeclarations/abstractPropertyInitializer.ts,[],go-diff,rust-pass
conformance,classes/propertyMemberDeclarations/accessibilityModifiers.ts,['target=es2015'],go-diff,rust-pass
conformance,classes/propertyMemberDeclarations/autoAccessorAllowedModifiers.ts,[],skip-config,rust-pass
conformance,classes/propertyMemberDeclarations/constructorParameterShadowsOuterScopes.ts,[],go-diff,rust-pass
conformance,classes/propertyMemberDeclarations/memberAccessorDeclarations/accessorsAreNotContextuallyTyped.ts,[],go-diff,rust-pass
conformance,classes/propertyMemberDeclarations/memberAccessorDeclarations/typeOfThisInAccessor.ts,[],go-diff,rust-pass
conformance,classes/propertyMemberDeclarations/memberFunctionDeclarations/memberFunctionsWithPublicOverloads.ts,[],go-pass,rust-diff
conformance,classes/propertyMemberDeclarations/memberFunctionDeclarations/typeOfThisInMemberFunctions.ts,[],go-diff,rust-pass
conformance,classes/propertyMemberDeclarations/optionalMethod.ts,[],skip-config,rust-pass
conformance,classes/propertyMemberDeclarations/propertyAndFunctionWithSameName.ts,[],go-diff,rust-pass
conformance,classes/propertyMemberDeclarations/staticAutoAccessors.ts,['target=es2022'],skip-config,rust-pass
conformance,classes/propertyMemberDeclarations/staticAutoAccessors.ts,['target=es2017'],skip-config,rust-pass
conformance,classes/propertyMemberDeclarations/staticAutoAccessorsWithDecorators.ts,['target=es2022'],skip-config,rust-pass
conformance,classes/propertyMemberDeclarations/staticAutoAccessorsWithDecorators.ts,['target=es2017'],skip-config,rust-pass
conformance,classes/propertyMemberDeclarations/staticPropertyNameConflictsInAmbientContext.ts,[],go-pass,rust-diff
conformance,classes/propertyMemberDeclarations/thisInInstanceMemberInitializer.ts,[],go-diff,rust-pass
conformance,classes/staticIndexSignature/staticIndexSignature6.ts,[],go-pass,rust-diff
conformance,constEnums/constEnum4.ts,[],go-diff,rust-pass
conformance,controlFlow/constLocalsInFunctionExpressions.ts,[],go-pass,rust-diff
conformance,controlFlow/controlFlowAssignmentExpression.ts,[],go-pass,rust-diff
conformance,controlFlow/controlFlowAssignmentPatternOrder.ts,[],go-pass,rust-diff
conformance,controlFlow/controlFlowBinaryAndExpression.ts,[],go-diff,rust-pass
conformance,controlFlow/controlFlowBinaryOrExpression.ts,[],go-diff,rust-pass
conformance,controlFlow/controlFlowConditionalExpression.ts,[],go-diff,rust-pass
conformance,controlFlow/controlFlowDeleteOperator.ts,[],go-diff,rust-pass
conformance,controlFlow/controlFlowDoWhileStatement.ts,[],go-diff,rust-pass
conformance,controlFlow/controlFlowForInStatement.ts,[],go-diff,rust-pass
conformance,controlFlow/controlFlowForOfStatement.ts,[],go-pass,rust-diff
conformance,controlFlow/controlFlowForStatement.ts,[],go-diff,rust-pass
conformance,controlFlow/controlFlowInstanceOfGuardPrimitives.ts,[],go-pass,rust-diff
conformance,controlFlow/controlFlowInstanceofExtendsFunction.ts,[],go-pass,rust-diff
conformance,controlFlow/controlFlowNoIntermediateErrors.ts,[],go-pass,rust-diff
conformance,controlFlow/controlFlowOptionalChain2.ts,[],go-pass,rust-diff
conformance,controlFlow/controlFlowWithTemplateLiterals.ts,[],go-pass,rust-diff
conformance,controlFlow/dependentDestructuredVariablesFromNestedPatterns.ts,[],go-pass,rust-diff
conformance,controlFlow/typeGuardsNestedAssignments.ts,[],go-pass,rust-diff
conformance,controlFlow/typeGuardsTypeParameters.ts,[],go-pass,rust-diff
conformance,declarationEmit/classDoesNotDependOnPrivateMember.ts,[],go-diff,rust-pass
conformance,declarationEmit/libReferenceNoLib.ts,[],go-pass,rust-diff
conformance,declarationEmit/typesVersionsDeclarationEmit.multiFileBackReferenceToSelf.ts,[],go-pass,rust-diff
conformance,decorators/class/accessor/decoratorOnClassAccessor3.ts,['target=es2015'],go-diff,rust-pass
conformance,decorators/class/accessor/decoratorOnClassAccessor6.ts,['target=es2015'],go-diff,rust-pass
conformance,decorators/class/constructor/decoratorOnClassConstructor4.ts,[],go-pass,rust-missing-config
conformance,decorators/class/decoratedClassFromExternalModule.ts,[],go-diff,rust-pass
conformance,decorators/class/decoratorOnClass3.ts,['target=es2015'],go-pass,rust-diff
conformance,decorators/class/method/decoratorOnClassMethod13.ts,[],go-pass,rust-diff
conformance,decorators/class/method/decoratorOnClassMethod17.ts,[],go-diff,rust-pass
conformance,decorators/class/method/decoratorOnClassMethod19.ts,['target=esnext'],go-pass,rust-diff
conformance,decorators/class/method/decoratorOnClassMethod19.ts,['target=es2022'],go-pass,rust-diff
conformance,decorators/class/method/decoratorOnClassMethod19.ts,['target=es2015'],go-pass,rust-diff
conformance,decorators/class/method/decoratorOnClassMethod3.ts,['target=es2015'],go-diff,rust-pass
conformance,decorators/class/method/decoratorOnClassMethod4.ts,[],go-pass,rust-diff
conformance,decorators/class/method/decoratorOnClassMethod5.ts,[],go-pass,rust-diff
conformance,decorators/class/method/parameter/decoratorOnClassMethodParameter1.ts,['target=es2015'],go-pass,rust-diff
conformance,decorators/class/method/parameter/decoratorOnClassMethodParameter2.ts,['target=es2015'],go-pass,rust-diff
conformance,decorators/class/property/decoratorOnClassProperty3.ts,['target=es2015'],go-diff,rust-pass
conformance,decorators/legacyDecorators-contextualTypes.ts,[],go-pass,rust-diff
conformance,decorators/missingDecoratorType.ts,['target=es2015'],go-pass,rust-diff
conformance,dynamicImport/importCallExpression1ES2020.ts,[],go-pass,rust-diff
conformance,dynamicImport/importCallExpression2ES2020.ts,[],go-pass,rust-diff
conformance,dynamicImport/importCallExpression3ES2020.ts,[],go-pass,rust-diff
conformance,dynamicImport/importCallExpressionInCJS1.ts,[],go-pass,rust-diff
conformance,dynamicImport/importCallExpressionInCJS3.ts,[],go-pass,rust-diff
conformance,dynamicImport/importCallExpressionInCJS4.ts,[],go-pass,rust-diff
conformance,dynamicImport/importCallExpressionReturnPromiseOfAny.ts,[],go-pass,rust-diff
conformance,dynamicImport/importCallExpressionShouldNotGetParen.ts,[],go-pass,rust-diff
conformance,emitter/es2015/asyncGenerators/emitter.asyncGenerators.objectLiteralMethods.es2015.ts,[],go-pass,rust-diff
conformance,emitter/es2018/asyncGenerators/emitter.asyncGenerators.objectLiteralMethods.es2018.ts,[],go-pass,rust-diff
conformance,emitter/es5/asyncGenerators/emitter.asyncGenerators.objectLiteralMethods.es5.ts,['target=es2015'],go-pass,rust-diff
conformance,enums/enumBasics.ts,[],go-pass,rust-diff
conformance,enums/enumConstantMemberWithString.ts,[],go-diff,rust-pass
conformance,enums/enumConstantMemberWithTemplateLiterals.ts,[],go-diff,rust-pass
conformance,es2017/useObjectValuesAndEntries1.ts,['target=es2015'],go-pass,rust-diff
conformance,es2018/es2018IntlAPIs.ts,[],go-pass,rust-diff
conformance,es2018/usePromiseFinally.ts,['target=es2015'],go-pass,rust-diff
conformance,es2019/importMeta/importMetaNarrowing.ts,['module=es2020'],go-pass,rust-diff
conformance,es2019/importMeta/importMetaNarrowing.ts,['module=esnext'],go-pass,rust-diff
conformance,es2020/intlNumberFormatES2020.ts,[],go-pass,rust-diff
conformance,es2020/localesObjectArgument.ts,[],go-pass,rust-diff
conformance,es2020/modules/exportAsNamespace5.ts,[],go-pass,rust-diff
conformance,es2020/modules/exportAsNamespace_missingEmitHelpers.ts,[],skip-config,rust-pass
conformance,es2020/modules/exportAsNamespace_nonExistent.ts,[],skip-config,rust-pass
conformance,es2021/intlDateTimeFormatRangeES2021.ts,[],go-pass,rust-diff
conformance,es2021/logicalAssignment/logicalAssignment5.ts,['target=es2015'],go-diff,rust-pass
conformance,es2021/logicalAssignment/logicalAssignment5.ts,['target=esnext'],go-diff,rust-pass
conformance,es2021/logicalAssignment/logicalAssignment5.ts,['target=es2021'],go-diff,rust-pass
conformance,es2021/logicalAssignment/logicalAssignment5.ts,['target=es2020'],go-diff,rust-pass
conformance,es2022/arbitraryModuleNamespaceIdentifiers/arbitraryModuleNamespaceIdentifiers_exportEmpty.ts,[],go-diff,rust-pass
conformance,es2022/arbitraryModuleNamespaceIdentifiers/arbitraryModuleNamespaceIdentifiers_module.ts,['module=es2022'],go-diff,rust-pass
conformance,es2022/arbitraryModuleNamespaceIdentifiers/arbitraryModuleNamespaceIdentifiers_module.ts,['module=node16'],go-diff,rust-pass
conformance,es2022/arbitraryModuleNamespaceIdentifiers/arbitraryModuleNamespaceIdentifiers_module.ts,['module=commonjs'],go-diff,rust-pass
conformance,es2022/arbitraryModuleNamespaceIdentifiers/arbitraryModuleNamespaceIdentifiers_module.ts,['module=esnext'],go-diff,rust-pass
conformance,es2022/arbitraryModuleNamespaceIdentifiers/arbitraryModuleNamespaceIdentifiers_module.ts,['module=nodenext'],go-diff,rust-pass
conformance,es2022/arbitraryModuleNamespaceIdentifiers/arbitraryModuleNamespaceIdentifiers_module.ts,['module=preserve'],go-diff,rust-pass
conformance,es2022/arbitraryModuleNamespaceIdentifiers/arbitraryModuleNamespaceIdentifiers_module.ts,['module=node20'],go-diff,rust-pass
conformance,es2022/arbitraryModuleNamespaceIdentifiers/arbitraryModuleNamespaceIdentifiers_module.ts,['module=node18'],go-diff,rust-pass
conformance,es2022/arbitraryModuleNamespaceIdentifiers/arbitraryModuleNamespaceIdentifiers_module.ts,['module=es6'],go-diff,rust-pass
conformance,es2022/arbitraryModuleNamespaceIdentifiers/arbitraryModuleNamespaceIdentifiers_module.ts,['module=es2020'],go-diff,rust-pass
conformance,es2023/intlNumberFormatES2023.ts,[],go-pass,rust-diff
conformance,es2025/syncIteratorHelpers.ts,[],go-pass,rust-diff
conformance,es6/Symbols/symbolDeclarationEmit1.ts,[],go-diff,rust-pass
conformance,es6/Symbols/symbolProperty17.ts,[],go-diff,rust-pass
conformance,es6/Symbols/symbolProperty2.ts,[],go-pass,rust-diff
conformance,es6/Symbols/symbolProperty20.ts,[],go-pass,rust-diff
conformance,es6/Symbols/symbolProperty21.ts,[],go-diff,rust-pass
conformance,es6/Symbols/symbolProperty22.ts,[],go-pass,rust-diff
conformance,es6/Symbols/symbolProperty28.ts,[],go-diff,rust-pass
conformance,es6/Symbols/symbolProperty51.ts,[],go-pass,rust-diff
conformance,es6/Symbols/symbolProperty55.ts,[],go-diff,rust-pass
conformance,es6/Symbols/symbolProperty6.ts,[],go-diff,rust-pass
conformance,es6/Symbols/symbolProperty61.ts,[],go-pass,rust-diff
conformance,es6/Symbols/symbolType10.ts,[],go-diff,rust-pass
conformance,es6/Symbols/symbolType11.ts,[],go-diff,rust-pass
conformance,es6/Symbols/symbolType14.ts,[],go-diff,rust-pass
conformance,es6/Symbols/symbolType15.ts,[],go-diff,rust-pass
conformance,es6/Symbols/symbolType19.ts,[],go-diff,rust-pass
conformance,es6/Symbols/symbolType20.ts,[],go-diff,rust-pass
conformance,es6/Symbols/symbolType5.ts,[],go-diff,rust-pass
conformance,es6/Symbols/symbolType7.ts,[],go-diff,rust-pass
conformance,es6/arrowFunction/emitArrowFunction.ts,['target=es2015'],go-diff,rust-pass
conformance,es6/arrowFunction/emitArrowFunctionAsIs.ts,['target=es2015'],go-diff,rust-pass
conformance,es6/arrowFunction/emitArrowFunctionAsIsES6.ts,[],go-diff,rust-pass
conformance,es6/arrowFunction/emitArrowFunctionES6.ts,[],go-diff,rust-pass
conformance,es6/arrowFunction/emitArrowFunctionWhenUsingArguments01.ts,['target=es2015'],go-diff,rust-pass
conformance,es6/arrowFunction/emitArrowFunctionWhenUsingArguments01_ES6.ts,[],go-diff,rust-pass
conformance,es6/arrowFunction/emitArrowFunctionWhenUsingArguments02.ts,['target=es2015'],go-diff,rust-pass
conformance,es6/arrowFunction/emitArrowFunctionWhenUsingArguments02_ES6.ts,[],go-diff,rust-pass
conformance,es6/arrowFunction/emitArrowFunctionWhenUsingArguments09.ts,['target=es2015'],go-diff,rust-pass
conformance,es6/arrowFunction/emitArrowFunctionWhenUsingArguments09_ES6.ts,[],go-diff,rust-pass
conformance,es6/arrowFunction/emitArrowFunctionsAsIs.ts,['target=es2015'],go-diff,rust-pass
conformance,es6/arrowFunction/emitArrowFunctionsAsIsES6.ts,[],go-diff,rust-pass
conformance,es6/classDeclaration/emitClassDeclarationWithConstructorInES6.ts,[],go-diff,rust-pass
conformance,es6/classDeclaration/emitClassDeclarationWithExtensionInES6.ts,[],go-pass,rust-diff
conformance,es6/classDeclaration/emitClassDeclarationWithGetterSetterInES6.ts,[],go-diff,rust-pass
conformance,es6/classDeclaration/emitClassDeclarationWithTypeArgumentAndOverloadInES6.ts,[],go-diff,rust-pass
conformance,es6/classDeclaration/emitClassDeclarationWithTypeArgumentInES6.ts,[],go-diff,rust-pass
conformance,es6/classDeclaration/superCallBeforeThisAccessing1.ts,[],go-diff,rust-pass
conformance,es6/classDeclaration/superCallBeforeThisAccessing2.ts,[],go-diff,rust-pass
conformance,es6/classDeclaration/superCallBeforeThisAccessing5.ts,[],go-diff,rust-pass
conformance,es6/classDeclaration/superCallBeforeThisAccessing8.ts,[],go-diff,rust-pass
conformance,es6/classExpressions/typeArgumentInferenceWithClassExpression1.ts,[],go-diff,rust-pass
conformance,es6/computedProperties/computedPropertyNames14_ES5.ts,['target=es2015'],go-diff,rust-pass
conformance,es6/computedProperties/computedPropertyNames14_ES6.ts,[],go-diff,rust-pass
conformance,es6/computedProperties/computedPropertyNames15_ES5.ts,['target=es2015'],go-diff,rust-pass
conformance,es6/computedProperties/computedPropertyNames15_ES6.ts,[],go-diff,rust-pass
conformance,es6/computedProperties/computedPropertyNames17_ES5.ts,['target=es2015'],go-diff,rust-pass
conformance,es6/computedProperties/computedPropertyNames17_ES6.ts,[],go-diff,rust-pass
conformance,es6/computedProperties/computedPropertyNames2_ES5.ts,['target=es2015'],go-diff,rust-pass
conformance,es6/computedProperties/computedPropertyNames2_ES6.ts,[],go-diff,rust-pass
conformance,es6/computedProperties/computedPropertyNames36_ES5.ts,['target=es2015'],go-diff,rust-pass
conformance,es6/computedProperties/computedPropertyNames36_ES6.ts,[],go-diff,rust-pass
conformance,es6/computedProperties/computedPropertyNames38_ES5.ts,['target=es2015'],go-diff,rust-pass
conformance,es6/computedProperties/computedPropertyNames38_ES6.ts,[],go-diff,rust-pass
conformance,es6/computedProperties/computedPropertyNames39_ES5.ts,['target=es2015'],go-diff,rust-pass
conformance,es6/computedProperties/computedPropertyNames39_ES6.ts,[],go-diff,rust-pass
conformance,es6/computedProperties/computedPropertyNames42_ES5.ts,['target=es2015'],go-diff,rust-pass
conformance,es6/computedProperties/computedPropertyNames42_ES6.ts,[],go-diff,rust-pass
conformance,es6/computedProperties/computedPropertyNames43_ES5.ts,['target=es2015'],go-diff,rust-pass
conformance,es6/computedProperties/computedPropertyNames43_ES6.ts,[],go-diff,rust-pass
conformance,es6/computedProperties/computedPropertyNames44_ES5.ts,['target=es2015'],go-diff,rust-pass
conformance,es6/computedProperties/computedPropertyNames44_ES6.ts,[],go-diff,rust-pass
conformance,es6/computedProperties/computedPropertyNames45_ES5.ts,['target=es2015'],go-diff,rust-pass
conformance,es6/computedProperties/computedPropertyNames45_ES6.ts,[],go-diff,rust-pass
conformance,es6/computedProperties/computedPropertyNames46_ES5.ts,['target=es2015'],go-diff,rust-pass
conformance,es6/computedProperties/computedPropertyNames46_ES6.ts,[],go-diff,rust-pass
conformance,es6/computedProperties/computedPropertyNames48_ES5.ts,['target=es2015'],go-diff,rust-pass
conformance,es6/computedProperties/computedPropertyNames48_ES6.ts,[],go-diff,rust-pass
conformance,es6/computedProperties/computedPropertyNames4_ES5.ts,['target=es2015'],go-diff,rust-pass
conformance,es6/computedProperties/computedPropertyNames4_ES6.ts,[],go-diff,rust-pass
conformance,es6/computedProperties/computedPropertyNames51_ES5.ts,[],go-diff,rust-pass
conformance,es6/computedProperties/computedPropertyNames51_ES6.ts,[],go-diff,rust-pass
conformance,es6/computedProperties/computedPropertyNames5_ES5.ts,['target=es2015'],go-diff,rust-pass
conformance,es6/computedProperties/computedPropertyNames5_ES6.ts,[],go-diff,rust-pass
conformance,es6/computedProperties/computedPropertyNames6_ES5.ts,['target=es2015'],go-diff,rust-pass
conformance,es6/computedProperties/computedPropertyNames6_ES6.ts,[],go-diff,rust-pass
conformance,es6/computedProperties/computedPropertyNames8_ES5.ts,['target=es2015'],go-diff,rust-pass
conformance,es6/computedProperties/computedPropertyNames8_ES6.ts,[],go-diff,rust-pass
conformance,es6/computedProperties/computedPropertyNames9_ES5.ts,['target=es2015'],go-diff,rust-pass
conformance,es6/computedProperties/computedPropertyNames9_ES6.ts,[],go-diff,rust-pass
conformance,es6/computedProperties/computedPropertyNamesContextualType1_ES5.ts,['target=es2015'],go-pass,rust-diff
conformance,es6/computedProperties/computedPropertyNamesContextualType1_ES6.ts,[],go-pass,rust-diff
conformance,es6/computedProperties/computedPropertyNamesContextualType2_ES5.ts,['target=es2015'],go-pass,rust-diff
conformance,es6/computedProperties/computedPropertyNamesContextualType2_ES6.ts,[],go-pass,rust-diff
conformance,es6/computedProperties/computedPropertyNamesContextualType3_ES5.ts,['target=es2015'],go-pass,rust-diff
conformance,es6/computedProperties/computedPropertyNamesContextualType3_ES6.ts,[],go-pass,rust-diff
conformance,es6/decorators/class/method/parameter/decoratorOnClassMethodParameter1.es6.ts,[],go-pass,rust-diff
conformance,es6/defaultParameters/emitDefaultParametersFunction.ts,['target=es2015'],go-diff,rust-pass
conformance,es6/defaultParameters/emitDefaultParametersFunctionES6.ts,[],go-diff,rust-pass
conformance,es6/defaultParameters/emitDefaultParametersFunctionExpression.ts,['target=es2015'],go-diff,rust-pass
conformance,es6/defaultParameters/emitDefaultParametersFunctionExpressionES6.ts,[],go-diff,rust-pass
conformance,es6/defaultParameters/emitDefaultParametersFunctionProperty.ts,['target=es2015'],go-diff,rust-pass
conformance,es6/defaultParameters/emitDefaultParametersFunctionPropertyES6.ts,[],go-diff,rust-pass
conformance,es6/defaultParameters/emitDefaultParametersMethod.ts,['target=es2015'],go-diff,rust-pass
conformance,es6/defaultParameters/emitDefaultParametersMethodES6.ts,[],go-diff,rust-pass
conformance,es6/destructuring/declarationInAmbientContext.ts,[],go-pass,rust-diff
conformance,es6/destructuring/declarationWithNoInitializer.ts,[],go-diff,rust-pass
conformance,es6/destructuring/destructuringObjectAssignmentPatternWithNestedSpread.ts,['target=es2018'],skip-config,rust-pass
conformance,es6/destructuring/destructuringObjectAssignmentPatternWithNestedSpread.ts,['target=es2015'],skip-config,rust-pass
conformance,es6/destructuring/destructuringObjectBindingPatternAndAssignment1ES5.ts,[],go-diff,rust-pass
conformance,es6/destructuring/destructuringObjectBindingPatternAndAssignment1ES6.ts,[],go-diff,rust-pass
conformance,es6/destructuring/destructuringParameterDeclaration3ES5iterable.ts,[],go-pass,rust-missing-config
conformance,es6/destructuring/destructuringParameterDeclaration7ES5.ts,[],go-pass,rust-missing-config
conformance,es6/destructuring/destructuringParameterDeclaration7ES5iterable.ts,[],go-pass,rust-missing-config
conformance,es6/destructuring/destructuringSameNames.ts,[],go-diff,rust-pass
conformance,es6/destructuring/destructuringTypeAssertionsES5_1.ts,['target=es2015'],go-diff,rust-pass
conformance,es6/destructuring/destructuringTypeAssertionsES5_2.ts,['target=es2015'],go-diff,rust-pass
conformance,es6/destructuring/destructuringTypeAssertionsES5_3.ts,['target=es2015'],go-diff,rust-pass
conformance,es6/destructuring/destructuringTypeAssertionsES5_4.ts,['target=es2015'],go-diff,rust-pass
conformance,es6/destructuring/destructuringTypeAssertionsES5_6.ts,['target=es2015'],go-diff,rust-pass
conformance,es6/destructuring/destructuringTypeAssertionsES5_7.ts,['target=es2015'],go-diff,rust-pass
conformance,es6/destructuring/destructuringVariableDeclaration1ES5iterable.ts,[],go-pass,rust-missing-config
conformance,es6/for-ofStatements/for-of13.ts,[],go-pass,rust-diff
conformance,es6/for-ofStatements/for-of18.ts,[],go-pass,rust-diff
conformance,es6/for-ofStatements/for-of46.ts,[],go-diff,rust-pass
conformance,es6/for-ofStatements/for-of49.ts,[],go-pass,rust-diff
conformance,es6/for-ofStatements/for-of52.ts,[],go-diff,rust-pass
conformance,es6/for-ofStatements/for-of57.ts,[],go-diff,rust-pass
conformance,es6/for-ofStatements/for-of6.ts,[],go-diff,rust-pass
conformance,es6/for-ofStatements/for-of7.ts,[],go-diff,rust-pass
conformance,es6/for-ofStatements/for-of9.ts,[],go-pass,rust-diff
conformance,es6/functionDeclarations/FunctionDeclaration11_es6.ts,[],go-diff,rust-pass
conformance,es6/functionDeclarations/FunctionDeclaration12_es6.ts,[],go-diff,rust-pass
conformance,es6/functionDeclarations/FunctionDeclaration13_es6.ts,[],go-diff,rust-pass
conformance,es6/functionDeclarations/FunctionDeclaration4_es6.ts,[],go-diff,rust-pass
conformance,es6/functionDeclarations/FunctionDeclaration5_es6.ts,[],go-diff,rust-pass
conformance,es6/functionDeclarations/FunctionDeclaration8_es6.ts,[],go-diff,rust-pass
conformance,es6/functionPropertyAssignments/FunctionPropertyAssignments5_es6.ts,[],go-diff,rust-pass
conformance,es6/memberFunctionDeclarations/MemberFunctionDeclaration3_es6.ts,[],go-diff,rust-pass
conformance,es6/memberFunctionDeclarations/MemberFunctionDeclaration6_es6.ts,[],go-diff,rust-pass
conformance,es6/modules/defaultExportInAwaitExpression02.ts,[],go-pass,rust-diff
conformance,es6/modules/exportsAndImportsWithContextualKeywordNames01.ts,['target=es2015'],go-diff,rust-pass
conformance,es6/modules/exportsAndImportsWithUnderscores1.ts,['target=es2015'],go-diff,rust-pass
conformance,es6/modules/importEmptyFromModuleNotExisted.ts,[],go-diff,rust-pass
conformance,es6/restParameters/emitRestParametersFunction.ts,['target=es2015'],go-diff,rust-pass
conformance,es6/restParameters/emitRestParametersFunctionES6.ts,[],go-diff,rust-pass
conformance,es6/restParameters/emitRestParametersFunctionExpression.ts,['target=es2015'],go-diff,rust-pass
conformance,es6/restParameters/emitRestParametersFunctionExpressionES6.ts,[],go-diff,rust-pass
conformance,es6/restParameters/emitRestParametersFunctionProperty.ts,['target=es2015'],go-diff,rust-pass
conformance,es6/restParameters/emitRestParametersFunctionPropertyES6.ts,[],go-diff,rust-pass
conformance,es6/restParameters/emitRestParametersMethod.ts,['target=es2015'],go-diff,rust-pass
conformance,es6/restParameters/emitRestParametersMethodES6.ts,[],go-diff,rust-pass
conformance,es6/shorthandPropertyAssignment/objectLiteralShorthandPropertiesAssignment.ts,[],go-pass,rust-diff
conformance,es6/spread/iteratorSpreadInArray11.ts,[],go-diff,rust-pass
conformance,es6/spread/iteratorSpreadInArray7.ts,[],go-diff,rust-pass
conformance,es6/templates/taggedTemplateStringsPlainCharactersThatArePartsOfEscapes01.ts,[],go-pass,rust-diff
conformance,es6/templates/taggedTemplateStringsPlainCharactersThatArePartsOfEscapes01_ES6.ts,[],go-pass,rust-diff
conformance,es6/templates/taggedTemplateStringsPlainCharactersThatArePartsOfEscapes02_ES6.ts,[],go-pass,rust-diff
conformance,es6/templates/taggedTemplateStringsWithOverloadResolution2.ts,[],go-pass,rust-diff
conformance,es6/templates/taggedTemplateStringsWithOverloadResolution2_ES6.ts,[],go-pass,rust-diff
conformance,es6/templates/taggedTemplateStringsWithTagsTypedAsAny.ts,[],go-pass,rust-diff
conformance,es6/templates/taggedTemplateStringsWithTagsTypedAsAnyES6.ts,[],go-pass,rust-diff
conformance,es6/templates/taggedTemplatesWithTypeArguments1.ts,[],go-pass,rust-diff
conformance,es6/templates/templateStringBinaryOperationsES6Invalid.ts,[],go-diff,rust-pass
conformance,es6/templates/templateStringBinaryOperationsInvalid.ts,[],go-diff,rust-pass
conformance,es6/templates/templateStringInArrowFunction.ts,[],go-diff,rust-pass
conformance,es6/templates/templateStringInArrowFunctionES6.ts,[],go-diff,rust-pass
conformance,es6/templates/templateStringInCallExpression.ts,[],go-diff,rust-pass
conformance,es6/templates/templateStringInCallExpressionES6.ts,[],go-diff,rust-pass
conformance,es6/templates/templateStringInDivision.ts,[],go-diff,rust-pass
conformance,es6/templates/templateStringInModulo.ts,[],go-diff,rust-pass
conformance,es6/templates/templateStringInModuloES6.ts,[],go-diff,rust-pass
conformance,es6/templates/templateStringInMultiplication.ts,[],go-diff,rust-pass
conformance,es6/templates/templateStringInMultiplicationES6.ts,[],go-diff,rust-pass
conformance,es6/templates/templateStringInNewExpression.ts,[],go-diff,rust-pass
conformance,es6/templates/templateStringInNewExpressionES6.ts,[],go-diff,rust-pass
conformance,es6/templates/templateStringInNewOperator.ts,[],go-diff,rust-pass
conformance,es6/templates/templateStringInNewOperatorES6.ts,[],go-diff,rust-pass
conformance,es6/templates/templateStringInYieldKeyword.ts,[],go-diff,rust-pass
conformance,es6/templates/templateStringWithEmbeddedArrowFunction.ts,[],go-diff,rust-pass
conformance,es6/templates/templateStringWithEmbeddedArrowFunctionES6.ts,[],go-diff,rust-pass
conformance,es6/templates/templateStringWithEmbeddedYieldKeywordES6.ts,[],go-diff,rust-pass
conformance,es6/templates/templateStringsWithTypeErrorInFunctionExpressionsInSubstitutionExpression.ts,[],go-diff,rust-pass
conformance,es6/templates/templateStringsWithTypeErrorInFunctionExpressionsInSubstitutionExpressionES6.ts,[],go-diff,rust-pass
conformance,es6/unicodeExtendedEscapes/unicodeExtendedEscapesInRegularExpressions01.ts,[],go-pass,rust-missing-config
conformance,es6/unicodeExtendedEscapes/unicodeExtendedEscapesInRegularExpressions02.ts,[],go-pass,rust-missing-config
conformance,es6/unicodeExtendedEscapes/unicodeExtendedEscapesInRegularExpressions03.ts,[],go-pass,rust-missing-config
conformance,es6/unicodeExtendedEscapes/unicodeExtendedEscapesInRegularExpressions04.ts,[],go-pass,rust-missing-config
conformance,es6/unicodeExtendedEscapes/unicodeExtendedEscapesInRegularExpressions05.ts,[],go-pass,rust-missing-config
conformance,es6/unicodeExtendedEscapes/unicodeExtendedEscapesInRegularExpressions06.ts,[],go-pass,rust-missing-config
conformance,es6/unicodeExtendedEscapes/unicodeExtendedEscapesInRegularExpressions08.ts,[],go-pass,rust-missing-config
conformance,es6/unicodeExtendedEscapes/unicodeExtendedEscapesInRegularExpressions09.ts,[],go-pass,rust-missing-config
conformance,es6/unicodeExtendedEscapes/unicodeExtendedEscapesInRegularExpressions10.ts,[],go-pass,rust-missing-config
conformance,es6/unicodeExtendedEscapes/unicodeExtendedEscapesInRegularExpressions11.ts,[],go-pass,rust-missing-config
conformance,es6/unicodeExtendedEscapes/unicodeExtendedEscapesInRegularExpressions13.ts,[],go-pass,rust-missing-config
conformance,es6/unicodeExtendedEscapes/unicodeExtendedEscapesInRegularExpressions15.ts,[],go-pass,rust-missing-config
conformance,es6/unicodeExtendedEscapes/unicodeExtendedEscapesInRegularExpressions16.ts,[],go-pass,rust-missing-config
conformance,es6/unicodeExtendedEscapes/unicodeExtendedEscapesInRegularExpressions18.ts,[],go-pass,rust-missing-config
conformance,es6/unicodeExtendedEscapes/unicodeExtendedEscapesInStrings01.ts,[],go-pass,rust-missing-config
conformance,es6/unicodeExtendedEscapes/unicodeExtendedEscapesInStrings02.ts,[],go-pass,rust-missing-config
conformance,es6/unicodeExtendedEscapes/unicodeExtendedEscapesInStrings03.ts,[],go-pass,rust-missing-config
conformance,es6/unicodeExtendedEscapes/unicodeExtendedEscapesInStrings04.ts,[],go-pass,rust-missing-config
conformance,es6/unicodeExtendedEscapes/unicodeExtendedEscapesInStrings05.ts,[],go-pass,rust-missing-config
conformance,es6/unicodeExtendedEscapes/unicodeExtendedEscapesInStrings06.ts,[],go-pass,rust-missing-config
conformance,es6/unicodeExtendedEscapes/unicodeExtendedEscapesInStrings08.ts,[],go-pass,rust-missing-config
conformance,es6/unicodeExtendedEscapes/unicodeExtendedEscapesInStrings09.ts,[],go-pass,rust-missing-config
conformance,es6/unicodeExtendedEscapes/unicodeExtendedEscapesInStrings10.ts,[],go-pass,rust-missing-config
conformance,es6/unicodeExtendedEscapes/unicodeExtendedEscapesInStrings11.ts,[],go-pass,rust-missing-config
conformance,es6/unicodeExtendedEscapes/unicodeExtendedEscapesInStrings13.ts,[],go-pass,rust-missing-config
conformance,es6/unicodeExtendedEscapes/unicodeExtendedEscapesInStrings15.ts,[],go-pass,rust-missing-config
conformance,es6/unicodeExtendedEscapes/unicodeExtendedEscapesInStrings16.ts,[],go-pass,rust-missing-config
conformance,es6/unicodeExtendedEscapes/unicodeExtendedEscapesInStrings18.ts,[],go-pass,rust-missing-config
conformance,es6/unicodeExtendedEscapes/unicodeExtendedEscapesInStrings23.ts,[],go-pass,rust-missing-config
conformance,es6/unicodeExtendedEscapes/unicodeExtendedEscapesInTemplates01.ts,[],go-pass,rust-missing-config
conformance,es6/unicodeExtendedEscapes/unicodeExtendedEscapesInTemplates02.ts,[],go-pass,rust-missing-config
conformance,es6/unicodeExtendedEscapes/unicodeExtendedEscapesInTemplates03.ts,[],go-pass,rust-missing-config
conformance,es6/unicodeExtendedEscapes/unicodeExtendedEscapesInTemplates04.ts,[],go-pass,rust-missing-config
conformance,es6/unicodeExtendedEscapes/unicodeExtendedEscapesInTemplates05.ts,[],go-pass,rust-missing-config
conformance,es6/unicodeExtendedEscapes/unicodeExtendedEscapesInTemplates06.ts,[],go-pass,rust-missing-config
conformance,es6/unicodeExtendedEscapes/unicodeExtendedEscapesInTemplates08.ts,[],go-pass,rust-missing-config
conformance,es6/unicodeExtendedEscapes/unicodeExtendedEscapesInTemplates09.ts,[],go-pass,rust-missing-config
conformance,es6/unicodeExtendedEscapes/unicodeExtendedEscapesInTemplates10.ts,[],go-pass,rust-missing-config
conformance,es6/unicodeExtendedEscapes/unicodeExtendedEscapesInTemplates11.ts,[],go-pass,rust-missing-config
conformance,es6/unicodeExtendedEscapes/unicodeExtendedEscapesInTemplates13.ts,[],go-pass,rust-missing-config
conformance,es6/unicodeExtendedEscapes/unicodeExtendedEscapesInTemplates15.ts,[],go-pass,rust-missing-config
conformance,es6/unicodeExtendedEscapes/unicodeExtendedEscapesInTemplates16.ts,[],go-pass,rust-missing-config
conformance,es6/unicodeExtendedEscapes/unicodeExtendedEscapesInTemplates18.ts,[],go-pass,rust-missing-config
conformance,es6/unicodeExtendedEscapes/unicodeExtendedEscapesInTemplates20.ts,[],go-pass,rust-missing-config
conformance,es6/variableDeclarations/VariableDeclaration11_es6.ts,[],go-diff,rust-pass
conformance,es6/variableDeclarations/VariableDeclaration13_es6.ts,[],go-diff,rust-pass
conformance,es6/variableDeclarations/VariableDeclaration1_es6.ts,[],go-diff,rust-pass
conformance,es6/variableDeclarations/VariableDeclaration2_es6.ts,[],go-diff,rust-pass
conformance,es6/variableDeclarations/VariableDeclaration4_es6.ts,[],go-diff,rust-pass
conformance,es6/variableDeclarations/VariableDeclaration6_es6.ts,[],go-diff,rust-pass
conformance,es6/yieldExpressions/YieldExpression10_es6.ts,[],go-diff,rust-pass
conformance,es6/yieldExpressions/YieldExpression11_es6.ts,[],go-diff,rust-pass
conformance,es6/yieldExpressions/YieldExpression12_es6.ts,[],go-diff,rust-pass
conformance,es6/yieldExpressions/YieldExpression14_es6.ts,[],go-diff,rust-pass
conformance,es6/yieldExpressions/YieldExpression15_es6.ts,[],go-diff,rust-pass
conformance,es6/yieldExpressions/YieldExpression16_es6.ts,[],go-diff,rust-pass
conformance,es6/yieldExpressions/YieldExpression17_es6.ts,[],go-diff,rust-pass
conformance,es6/yieldExpressions/YieldExpression1_es6.ts,[],go-diff,rust-pass
conformance,es6/yieldExpressions/YieldExpression20_es6.ts,[],go-diff,rust-pass
conformance,es6/yieldExpressions/YieldExpression2_es6.ts,[],go-diff,rust-pass
conformance,es6/yieldExpressions/YieldExpression5_es6.ts,[],go-diff,rust-pass
conformance,es6/yieldExpressions/YieldExpression9_es6.ts,[],go-diff,rust-pass
conformance,es6/yieldExpressions/YieldStarExpression3_es6.ts,[],go-diff,rust-pass
conformance,es6/yieldExpressions/generatorOverloads4.ts,[],go-pass,rust-diff
conformance,es6/yieldExpressions/generatorOverloads5.ts,[],go-pass,rust-diff
conformance,es6/yieldExpressions/generatorTypeCheck1.ts,[],go-pass,rust-diff
conformance,es6/yieldExpressions/generatorTypeCheck10.ts,[],go-pass,rust-diff
conformance,es6/yieldExpressions/generatorTypeCheck2.ts,[],go-pass,rust-diff
conformance,es6/yieldExpressions/generatorTypeCheck22.ts,[],go-diff,rust-pass
conformance,es6/yieldExpressions/generatorTypeCheck23.ts,[],go-diff,rust-pass
conformance,es6/yieldExpressions/generatorTypeCheck24.ts,[],go-diff,rust-pass
conformance,es6/yieldExpressions/generatorTypeCheck26.ts,[],go-pass,rust-diff
conformance,es6/yieldExpressions/generatorTypeCheck27.ts,[],go-pass,rust-diff
conformance,es6/yieldExpressions/generatorTypeCheck28.ts,[],go-pass,rust-diff
conformance,es6/yieldExpressions/generatorTypeCheck29.ts,[],go-pass,rust-diff
conformance,es6/yieldExpressions/generatorTypeCheck3.ts,[],go-pass,rust-diff
conformance,es6/yieldExpressions/generatorTypeCheck30.ts,[],go-pass,rust-diff
conformance,es6/yieldExpressions/generatorTypeCheck32.ts,[],go-diff,rust-pass
conformance,es6/yieldExpressions/generatorTypeCheck4.ts,[],go-pass,rust-diff
conformance,es6/yieldExpressions/generatorTypeCheck45.ts,[],go-pass,rust-diff
conformance,es6/yieldExpressions/generatorTypeCheck46.ts,[],go-pass,rust-diff
conformance,es6/yieldExpressions/generatorTypeCheck52.ts,[],go-diff,rust-pass
conformance,es6/yieldExpressions/generatorTypeCheck53.ts,[],go-diff,rust-pass
conformance,es6/yieldExpressions/generatorTypeCheck54.ts,[],go-diff,rust-pass
conformance,es6/yieldExpressions/generatorTypeCheck64.ts,[],go-pass,rust-diff
conformance,es7/exponentiationOperator/emitCompoundExponentiationAssignmentWithIndexingOnLHS2.ts,[],go-pass,rust-missing-config
conformance,es7/exponentiationOperator/emitCompoundExponentiationAssignmentWithIndexingOnLHS3.ts,[],go-pass,rust-missing-config
conformance,es7/exponentiationOperator/emitCompoundExponentiationAssignmentWithIndexingOnLHS4.ts,[],go-pass,rust-missing-config
conformance,es7/exponentiationOperator/emitCompoundExponentiationAssignmentWithPropertyAccessingOnLHS1.ts,[],go-pass,rust-missing-config
conformance,es7/exponentiationOperator/emitExponentiationOperator1.ts,[],go-pass,rust-missing-config
conformance,es7/exponentiationOperator/emitExponentiationOperator2.ts,[],go-pass,rust-missing-config
conformance,es7/exponentiationOperator/emitExponentiationOperator3.ts,[],go-pass,rust-missing-config
conformance,es7/exponentiationOperator/emitExponentiationOperatorInTempalteString4.ts,[],go-pass,rust-missing-config
conformance,es7/exponentiationOperator/emitExponentiationOperatorInTemplateString1.ts,[],go-pass,rust-missing-config
conformance,es7/exponentiationOperator/emitExponentiationOperatorInTemplateString2.ts,[],go-pass,rust-missing-config
conformance,es7/exponentiationOperator/emitExponentiationOperatorInTemplateString3.ts,[],go-pass,rust-missing-config
conformance,es7/exponentiationOperator/exponentiationOperatorWithAnyAndNumber.ts,[],go-diff,rust-pass
conformance,es7/exponentiationOperator/exponentiationOperatorWithEnum.ts,[],go-diff,rust-pass
conformance,es7/exponentiationOperator/exponentiationOperatorWithEnumUnion.ts,[],go-diff,rust-pass
conformance,es7/exponentiationOperator/exponentiationOperatorWithNew.ts,[],go-diff,rust-pass
conformance,es7/exponentiationOperator/exponentiationOperatorWithNullValueAndInvalidOperands.ts,[],go-diff,rust-pass
conformance,es7/exponentiationOperator/exponentiationOperatorWithNullValueAndValidOperands.ts,[],go-diff,rust-pass
conformance,es7/exponentiationOperator/exponentiationOperatorWithOnlyNullValueOrUndefinedValue.ts,[],go-diff,rust-pass
conformance,es7/exponentiationOperator/exponentiationOperatorWithTemplateStringInvalidES6.ts,[],go-diff,rust-pass
conformance,es7/exponentiationOperator/exponentiationOperatorWithTypeParameter.ts,[],go-diff,rust-pass
conformance,es7/exponentiationOperator/exponentiationOperatorWithUndefinedValueAndInvalidOperands.ts,[],go-diff,rust-pass
conformance,es7/exponentiationOperator/exponentiationOperatorWithUndefinedValueAndValidOperands.ts,[],go-diff,rust-pass
conformance,es7/trailingCommasInGetter.ts,[],go-diff,rust-pass
conformance,esDecorators/esDecorators-contextualTypes.2.ts,[],go-pass,rust-diff
conformance,esDecorators/metadata/esDecoratorsMetadata1.ts,['target=es2022'],skip-config,rust-pass
conformance,esDecorators/metadata/esDecoratorsMetadata1.ts,['target=es2015'],skip-config,rust-pass
conformance,esDecorators/metadata/esDecoratorsMetadata2.ts,['target=es2022'],skip-config,rust-pass
conformance,esDecorators/metadata/esDecoratorsMetadata2.ts,['target=es2015'],skip-config,rust-pass
conformance,esDecorators/metadata/esDecoratorsMetadata3.ts,['target=es2022'],skip-config,rust-pass
conformance,esDecorators/metadata/esDecoratorsMetadata3.ts,['target=es2015'],skip-config,rust-pass
conformance,esDecorators/metadata/esDecoratorsMetadata4.ts,['target=es2022'],skip-config,rust-pass
conformance,esDecorators/metadata/esDecoratorsMetadata4.ts,['target=es2015'],skip-config,rust-pass
conformance,esDecorators/metadata/esDecoratorsMetadata5.ts,[],skip-config,rust-pass
conformance,esnext/logicalAssignment/logicalAssignment11.ts,['target=esnext'],go-pass,rust-diff
conformance,esnext/logicalAssignment/logicalAssignment11.ts,['target=es2020'],go-pass,rust-diff
conformance,esnext/logicalAssignment/logicalAssignment11.ts,['target=es2015'],go-pass,rust-diff
conformance,expressions/arrayLiterals/arrayLiterals.ts,[],go-diff,rust-pass
conformance,expressions/arrayLiterals/arrayLiterals2ES6.ts,[],go-pass,rust-diff
conformance,expressions/asOperator/asOperator1.ts,[],go-diff,rust-pass
conformance,expressions/asOperator/asOperator2.ts,[],go-diff,rust-pass
conformance,expressions/asOperator/asOperator3.ts,[],go-pass,rust-diff
conformance,expressions/asOperator/asOperatorAmbiguity.ts,[],go-diff,rust-pass
conformance,expressions/asOperator/asOperatorNames.ts,[],go-diff,rust-pass
conformance,expressions/assignmentOperator/assignmentLHSIsReference.ts,[],go-diff,rust-pass
conformance,expressions/binaryOperators/additionOperator/additionOperatorWithNumberAndEnum.ts,[],go-diff,rust-pass
conformance,expressions/binaryOperators/arithmeticOperator/arithmeticOperatorWithAnyAndNumber.ts,[],go-diff,rust-pass
conformance,expressions/binaryOperators/arithmeticOperator/arithmeticOperatorWithEnum.ts,[],go-diff,rust-pass
conformance,expressions/binaryOperators/arithmeticOperator/arithmeticOperatorWithEnumUnion.ts,[],go-diff,rust-pass
conformance,expressions/binaryOperators/arithmeticOperator/arithmeticOperatorWithNullValueAndInvalidOperands.ts,[],go-diff,rust-pass
conformance,expressions/binaryOperators/arithmeticOperator/arithmeticOperatorWithNullValueAndValidOperands.ts,[],go-diff,rust-pass
conformance,expressions/binaryOperators/arithmeticOperator/arithmeticOperatorWithOnlyNullValueOrUndefinedValue.ts,[],go-diff,rust-pass
conformance,expressions/binaryOperators/arithmeticOperator/arithmeticOperatorWithTypeParameter.ts,[],go-diff,rust-pass
conformance,expressions/binaryOperators/arithmeticOperator/arithmeticOperatorWithUndefinedValueAndInvalidOperands.ts,[],go-diff,rust-pass
conformance,expressions/binaryOperators/arithmeticOperator/arithmeticOperatorWithUndefinedValueAndValidOperands.ts,[],go-diff,rust-pass
conformance,expressions/binaryOperators/comparisonOperator/comparisonOperatorWithIdenticalObjects.ts,[],go-diff,rust-pass
conformance,expressions/binaryOperators/comparisonOperator/comparisonOperatorWithNoRelationshipObjectsOnInstantiatedCallSignature.ts,[],go-diff,rust-pass
conformance,expressions/binaryOperators/comparisonOperator/comparisonOperatorWithNoRelationshipObjectsOnInstantiatedConstructorSignature.ts,[],go-diff,rust-pass
conformance,expressions/binaryOperators/comparisonOperator/comparisonOperatorWithNumericLiteral.ts,[],go-diff,rust-pass
conformance,expressions/binaryOperators/comparisonOperator/comparisonOperatorWithSubtypeEnumAndNumber.ts,[],go-diff,rust-pass
conformance,expressions/binaryOperators/comparisonOperator/comparisonOperatorWithSubtypeObjectOnCallSignature.ts,[],go-diff,rust-pass
conformance,expressions/binaryOperators/comparisonOperator/comparisonOperatorWithSubtypeObjectOnIndexSignature.ts,[],go-diff,rust-pass
conformance,expressions/binaryOperators/comparisonOperator/comparisonOperatorWithSubtypeObjectOnInstantiatedCallSignature.ts,[],go-diff,rust-pass
conformance,expressions/binaryOperators/comparisonOperator/comparisonOperatorWithSubtypeObjectOnInstantiatedConstructorSignature.ts,[],go-diff,rust-pass
conformance,expressions/binaryOperators/comparisonOperator/comparisonOperatorWithSubtypeObjectOnOptionalProperty.ts,[],go-diff,rust-pass
conformance,expressions/binaryOperators/instanceofOperator/instanceofOperatorWithLHSIsObject.ts,[],go-diff,rust-pass
conformance,expressions/binaryOperators/logicalAndOperator/logicalAndOperatorWithTypeParameters.ts,[],go-diff,rust-pass
conformance,expressions/binaryOperators/logicalOrOperator/logicalOrExpressionIsNotContextuallyTyped.ts,[],go-diff,rust-pass
conformance,expressions/conditonalOperator/conditionalOperatorConditionIsNumberType.ts,[],go-diff,rust-pass
conformance,expressions/contextualTyping/functionExpressionContextualTyping1.ts,[],go-diff,rust-pass
conformance,expressions/contextualTyping/functionExpressionContextualTyping2.ts,[],go-diff,rust-pass
conformance,expressions/contextualTyping/parenthesizedContexualTyping3.ts,[],go-pass,rust-diff
conformance,expressions/contextualTyping/superCallParameterContextualTyping1.ts,[],go-pass,rust-diff
conformance,expressions/contextualTyping/superCallParameterContextualTyping3.ts,[],go-pass,rust-diff
conformance,expressions/elementAccess/letIdentifierInElementAccess01.ts,[],go-diff,rust-pass
conformance,expressions/functionCalls/callWithSpreadES6.ts,[],go-pass,rust-diff
conformance,expressions/functionCalls/grammarAmbiguities.ts,[],go-diff,rust-pass
conformance,expressions/functionCalls/newWithSpread.ts,[],go-pass,rust-diff
conformance,expressions/functionCalls/newWithSpreadES5.ts,['target=es2015'],go-pass,rust-diff
conformance,expressions/functionCalls/newWithSpreadES6.ts,[],go-pass,rust-diff
conformance,expressions/functions/arrowFunctionExpressions.ts,[],go-pass,rust-diff
conformance,expressions/identifiers/scopeResolutionIdentifiers.ts,[],go-pass,rust-diff
conformance,expressions/literals/strictModeOctalLiterals.ts,[],go-diff,rust-pass
conformance,expressions/newOperator/newOperatorConformance.ts,[],go-pass,rust-diff
conformance,expressions/newOperator/newOperatorErrorCases.ts,[],go-diff,rust-pass
conformance,expressions/nullishCoalescingOperator/nullishCoalescingOperator4.ts,[],go-diff,rust-pass
conformance,expressions/nullishCoalescingOperator/nullishCoalescingOperatorInParameterBindingPattern.2.ts,['target=esnext'],skip-config,rust-pass
conformance,expressions/nullishCoalescingOperator/nullishCoalescingOperatorInParameterBindingPattern.ts,['target=esnext'],skip-config,rust-pass
conformance,expressions/nullishCoalescingOperator/nullishCoalescingOperatorInParameterBindingPattern.ts,['target=es2015'],skip-config,rust-pass
conformance,expressions/nullishCoalescingOperator/nullishCoalescingOperatorInParameterInitializer.2.ts,['target=esnext'],skip-config,rust-pass
conformance,expressions/nullishCoalescingOperator/nullishCoalescingOperatorInParameterInitializer.ts,['target=esnext'],skip-config,rust-pass
conformance,expressions/nullishCoalescingOperator/nullishCoalescingOperatorInParameterInitializer.ts,['target=es2015'],skip-config,rust-pass
conformance,expressions/nullishCoalescingOperator/nullishCoalescingOperator_es2020.ts,[],go-pass,rust-diff
conformance,expressions/objectLiterals/objectLiteralGettersAndSetters.ts,[],go-pass,rust-diff
conformance,expressions/optionalChaining/callChain/callChainWithSuper.ts,['target=es2018'],skip-config,rust-pass
conformance,expressions/optionalChaining/callChain/callChainWithSuper.ts,['target=es6'],skip-config,rust-pass
conformance,expressions/optionalChaining/callChain/callChainWithSuper.ts,['target=es2019'],skip-config,rust-pass
conformance,expressions/optionalChaining/callChain/callChainWithSuper.ts,['target=es2022'],skip-config,rust-pass
conformance,expressions/optionalChaining/callChain/callChainWithSuper.ts,['target=es2021'],skip-config,rust-pass
conformance,expressions/optionalChaining/callChain/callChainWithSuper.ts,['target=es2020'],skip-config,rust-pass
conformance,expressions/optionalChaining/callChain/callChainWithSuper.ts,['target=es2025'],skip-config,rust-pass
conformance,expressions/optionalChaining/callChain/callChainWithSuper.ts,['target=es2017'],skip-config,rust-pass
conformance,expressions/optionalChaining/callChain/callChainWithSuper.ts,['target=esnext'],skip-config,rust-pass
conformance,expressions/optionalChaining/callChain/callChainWithSuper.ts,['target=es2016'],skip-config,rust-pass
conformance,expressions/optionalChaining/callChain/callChainWithSuper.ts,['target=es2023'],skip-config,rust-pass
conformance,expressions/optionalChaining/callChain/callChainWithSuper.ts,['target=es2024'],skip-config,rust-pass
conformance,expressions/optionalChaining/callChain/parentheses.ts,[],skip-config,rust-pass
conformance,expressions/optionalChaining/delete/deleteChain.ts,[],go-diff,rust-pass
conformance,expressions/optionalChaining/optionalChainingInArrow.ts,['target=es2015'],skip-config,rust-pass
conformance,expressions/optionalChaining/optionalChainingInLoop.ts,['target=es2015'],skip-config,rust-pass
conformance,expressions/optionalChaining/optionalChainingInParameterBindingPattern.2.ts,['target=esnext'],skip-config,rust-pass
conformance,expressions/optionalChaining/optionalChainingInParameterBindingPattern.ts,['target=esnext'],skip-config,rust-pass
conformance,expressions/optionalChaining/optionalChainingInParameterBindingPattern.ts,['target=es2015'],skip-config,rust-pass
conformance,expressions/optionalChaining/optionalChainingInParameterInitializer.2.ts,['target=esnext'],skip-config,rust-pass
conformance,expressions/optionalChaining/optionalChainingInParameterInitializer.ts,['target=esnext'],skip-config,rust-pass
conformance,expressions/optionalChaining/optionalChainingInParameterInitializer.ts,['target=es2015'],skip-config,rust-pass
conformance,expressions/optionalChaining/optionalChainingInference.ts,[],go-pass,rust-diff
conformance,expressions/propertyAccess/propertyAccessStringIndexSignature.ts,['noimplicitany=false'],go-diff,rust-pass
conformance,expressions/superCalls/superCalls.ts,[],go-pass,rust-diff
conformance,expressions/superPropertyAccess/superPropertyAccessNoError.ts,['target=es2015'],go-pass,rust-diff
conformance,expressions/typeAssertions/constAssertionOnEnum.ts,[],go-pass,rust-diff
conformance,expressions/typeGuards/TypeGuardWithArrayUnion.ts,[],go-diff,rust-pass
conformance,expressions/typeGuards/typeGuardEnums.ts,[],go-diff,rust-pass
conformance,expressions/typeGuards/typeGuardFunction.ts,[],go-pass,rust-diff
conformance,expressions/typeGuards/typeGuardFunctionOfFormThis.ts,[],go-pass,rust-diff
conformance,expressions/typeGuards/typeGuardInClass.ts,[],go-diff,rust-pass
conformance,expressions/typeGuards/typeGuardIntersectionTypes.ts,[],go-pass,rust-diff
conformance,expressions/typeGuards/typeGuardNarrowsPrimitiveIntersection.ts,[],go-diff,rust-pass
conformance,expressions/typeGuards/typeGuardNarrowsToLiteralType.ts,[],go-diff,rust-pass
conformance,expressions/typeGuards/typeGuardNarrowsToLiteralTypeUnion.ts,[],go-diff,rust-pass
conformance,expressions/typeGuards/typeGuardOfFormTypeOfFunction.ts,[],go-pass,rust-diff
conformance,expressions/typeGuards/typeGuardOfFormTypeOfPrimitiveSubtype.ts,[],go-diff,rust-pass
conformance,expressions/typeGuards/typeGuardTautologicalConsistiency.ts,[],go-diff,rust-pass
conformance,expressions/typeGuards/typeGuardsDefeat.ts,[],go-diff,rust-pass
conformance,expressions/typeGuards/typeGuardsInConditionalExpression.ts,[],go-pass,rust-diff
conformance,expressions/typeGuards/typeGuardsInDoStatement.ts,[],go-diff,rust-pass
conformance,expressions/typeGuards/typeGuardsInForStatement.ts,[],go-diff,rust-pass
conformance,expressions/typeGuards/typeGuardsInFunctionAndModuleBlock.ts,[],go-pass,rust-diff
conformance,expressions/typeGuards/typeGuardsInWhileStatement.ts,[],go-diff,rust-pass
conformance,expressions/typeGuards/typePredicateOnVariableDeclaration02.ts,[],go-diff,rust-pass
conformance,expressions/typeSatisfaction/typeSatisfaction_contextualTyping1.ts,[],go-pass,rust-diff
conformance,expressions/typeSatisfaction/typeSatisfaction_ensureInterfaceImpl.ts,[],go-pass,rust-diff
conformance,expressions/typeSatisfaction/typeSatisfaction_optionalMemberConformance.ts,[],go-diff,rust-pass
conformance,expressions/typeSatisfaction/typeSatisfaction_vacuousIntersectionOfContextualTypes.ts,[],go-diff,rust-pass
conformance,expressions/unaryOperators/bitwiseNotOperator/bitwiseNotOperatorInvalidOperations.ts,[],go-diff,rust-pass
conformance,expressions/unaryOperators/decrementOperator/decrementOperatorWithNumberType.ts,[],go-diff,rust-pass
conformance,expressions/unaryOperators/incrementOperator/incrementOperatorWithNumberType.ts,[],go-diff,rust-pass
conformance,expressions/unaryOperators/logicalNotOperator/logicalNotOperatorInvalidOperations.ts,[],go-diff,rust-pass
conformance,expressions/unaryOperators/logicalNotOperator/logicalNotOperatorWithBooleanType.ts,[],go-diff,rust-pass
conformance,expressions/unaryOperators/logicalNotOperator/logicalNotOperatorWithEnumType.ts,[],go-diff,rust-pass
conformance,expressions/unaryOperators/logicalNotOperator/logicalNotOperatorWithNumberType.ts,[],go-diff,rust-pass
conformance,expressions/unaryOperators/logicalNotOperator/logicalNotOperatorWithStringType.ts,[],go-diff,rust-pass
conformance,expressions/unaryOperators/negateOperator/negateOperatorWithBooleanType.ts,[],go-diff,rust-pass
conformance,expressions/unaryOperators/negateOperator/negateOperatorWithEnumType.ts,[],go-diff,rust-pass
conformance,expressions/unaryOperators/negateOperator/negateOperatorWithNumberType.ts,[],go-diff,rust-pass
conformance,expressions/unaryOperators/negateOperator/negateOperatorWithStringType.ts,[],go-diff,rust-pass
conformance,expressions/unaryOperators/plusOperator/plusOperatorInvalidOperations.ts,[],go-diff,rust-pass
conformance,expressions/unaryOperators/plusOperator/plusOperatorWithBooleanType.ts,[],go-diff,rust-pass
conformance,expressions/unaryOperators/plusOperator/plusOperatorWithEnumType.ts,[],go-diff,rust-pass
conformance,expressions/unaryOperators/plusOperator/plusOperatorWithNumberType.ts,[],go-diff,rust-pass
conformance,expressions/unaryOperators/plusOperator/plusOperatorWithStringType.ts,[],go-diff,rust-pass
conformance,expressions/unaryOperators/typeofOperator/typeofOperatorWithStringType.ts,[],go-diff,rust-pass
conformance,externalModules/asiPreventsParsingAsAmbientExternalModule01.ts,[],go-diff,rust-pass
conformance,externalModules/es6/es6modulekindWithES5Target9.ts,['target=es2015'],go-diff,rust-pass
conformance,externalModules/esnext/esnextmodulekindWithES5Target9.ts,['target=es2015'],go-diff,rust-pass
conformance,externalModules/exportAssignNonIdentifier.ts,[],go-diff,rust-pass
conformance,externalModules/exportAssignTypes.ts,[],go-pass,rust-diff
conformance,externalModules/exportAssignmentAndDeclaration.ts,[],go-diff,rust-pass
conformance,externalModules/exportAssignmentGenericType.ts,[],go-diff,rust-pass
conformance,externalModules/exportClassNameWithObjectCommonJS.ts,['target=es2015'],go-diff,rust-pass
conformance,externalModules/exportDefaultClassNameWithObject.ts,['target=es2015'],go-diff,rust-pass
conformance,externalModules/exportNonInitializedVariablesCommonJS.ts,[],go-diff,rust-pass
conformance,externalModules/exportNonInitializedVariablesES6.ts,[],go-diff,rust-pass
conformance,externalModules/exportNonVisibleType.ts,[],go-diff,rust-pass
conformance,externalModules/exportTypeMergedWithExportStarAsNamespace.ts,[],go-pass,rust-diff
conformance,externalModules/importTsBeforeDTs.ts,[],go-diff,rust-pass
conformance,externalModules/moduleResolutionWithoutExtension2.ts,[],go-diff,rust-pass
conformance,externalModules/moduleResolutionWithoutExtension6.ts,[],go-diff,rust-pass
conformance,externalModules/moduleResolutionWithoutExtension7.ts,[],go-diff,rust-pass
conformance,externalModules/relativePathMustResolve.ts,[],go-diff,rust-pass
conformance,externalModules/topLevelAwait.3.ts,['module=es2022'],go-pass,rust-diff
conformance,externalModules/topLevelAwait.3.ts,['module=esnext'],go-pass,rust-diff
conformance,externalModules/topLevelAwaitErrors.10.ts,['module=es2022'],go-diff,rust-pass
conformance,externalModules/topLevelAwaitErrors.10.ts,['module=esnext'],go-diff,rust-pass
conformance,externalModules/topLevelAwaitErrors.11.ts,[],go-diff,rust-pass
conformance,externalModules/topLevelAwaitErrors.12.ts,['module=es2022'],go-diff,rust-pass
conformance,externalModules/topLevelAwaitErrors.12.ts,['module=esnext'],go-diff,rust-pass
conformance,externalModules/topLevelAwaitErrors.2.ts,['module=es2022'],go-diff,rust-pass
conformance,externalModules/topLevelAwaitErrors.2.ts,['module=esnext'],go-diff,rust-pass
conformance,externalModules/topLevelAwaitErrors.3.ts,['module=es2022'],go-diff,rust-pass
conformance,externalModules/topLevelAwaitErrors.3.ts,['module=esnext'],go-diff,rust-pass
conformance,externalModules/topLevelAwaitErrors.4.ts,['module=es2022'],go-diff,rust-pass
conformance,externalModules/topLevelAwaitErrors.4.ts,['module=esnext'],go-diff,rust-pass
conformance,externalModules/topLevelAwaitErrors.5.ts,['module=es2022'],go-diff,rust-pass
conformance,externalModules/topLevelAwaitErrors.5.ts,['module=esnext'],go-diff,rust-pass
conformance,externalModules/topLevelAwaitErrors.7.ts,['module=es2022'],go-diff,rust-pass
conformance,externalModules/topLevelAwaitErrors.7.ts,['module=esnext'],go-diff,rust-pass
conformance,externalModules/topLevelAwaitErrors.8.ts,['module=es2022'],go-diff,rust-pass
conformance,externalModules/topLevelAwaitErrors.8.ts,['module=esnext'],go-diff,rust-pass
conformance,externalModules/topLevelAwaitErrors.9.ts,['module=es2022'],go-diff,rust-pass
conformance,externalModules/topLevelAwaitErrors.9.ts,['module=esnext'],go-diff,rust-pass
conformance,externalModules/topLevelFileModuleMissing.ts,[],go-diff,rust-pass
conformance,externalModules/topLevelModuleDeclarationAndFile.ts,[],go-diff,rust-pass
conformance,externalModules/typeOnly/namespaceImportTypeQuery3.ts,[],go-diff,rust-pass
conformance,externalModules/typeOnly/renamed.ts,[],go-diff,rust-pass
conformance,externalModules/umd-augmentation-1.ts,[],go-pass,rust-diff
conformance,externalModules/umd-augmentation-2.ts,[],go-pass,rust-diff
conformance,externalModules/umd-augmentation-3.ts,[],go-pass,rust-diff
conformance,externalModules/umd-augmentation-4.ts,[],go-pass,rust-diff
conformance,externalModules/umd2.ts,[],go-diff,rust-pass
conformance,externalModules/umd3.ts,[],go-diff,rust-pass
conformance,externalModules/umd4.ts,[],go-diff,rust-pass
conformance,externalModules/umd6.ts,[],go-pass,rust-diff
conformance,externalModules/umd7.ts,[],go-pass,rust-diff
conformance,externalModules/verbatimModuleSyntaxNoElisionCJS.ts,[],go-pass,rust-diff
conformance,externalModules/verbatimModuleSyntaxRestrictionsESM.ts,['esmoduleinterop=false'],go-pass,rust-diff
conformance,functions/functionOverloadCompatibilityWithVoid01.ts,[],go-diff,rust-pass
conformance,functions/functionOverloadErrorsSyntax.ts,[],go-diff,rust-pass
conformance,functions/functionParameterObjectRestAndInitializers.ts,[],skip-config,rust-pass
conformance,functions/parameterInitializersBackwardReferencing.ts,['target=esnext'],skip-config,rust-pass
conformance,functions/parameterInitializersBackwardReferencing.ts,['target=es2015'],skip-config,rust-pass
conformance,functions/parameterInitializersForwardReferencing.2.ts,['target=esnext'],skip-config,rust-pass
conformance,generators/generatorReturnTypeFallback.2.ts,[],go-pass,rust-diff
conformance,generators/generatorReturnTypeFallback.5.ts,[],go-pass,rust-diff
conformance,generators/generatorReturnTypeIndirectReferenceToGlobalType.ts,[],go-pass,rust-diff
conformance,generators/generatorYieldContextualType.ts,[],go-pass,rust-diff
conformance,importAssertion/importAssertion2.ts,['module=es2015'],go-diff,rust-pass
conformance,importAssertion/importAssertion2.ts,['module=commonjs'],go-diff,rust-pass
conformance,importAssertion/importAssertion4.ts,[],go-diff,rust-pass
conformance,importAssertion/importAssertion5.ts,[],go-diff,rust-pass
conformance,importAttributes/importAttributes11.ts,[],go-pass,rust-diff
conformance,importAttributes/importAttributes2.ts,['module=es2015'],go-diff,rust-pass
conformance,importAttributes/importAttributes2.ts,['module=commonjs'],go-diff,rust-pass
conformance,importAttributes/importAttributes4.ts,[],go-diff,rust-pass
conformance,importAttributes/importAttributes5.ts,[],go-diff,rust-pass
conformance,importDefer/dynamicImportDefer.ts,['module=preserve'],go-pass,rust-diff
conformance,importDefer/dynamicImportDefer.ts,['module=esnext'],go-pass,rust-diff
conformance,importDefer/importDefaultBindingDefer.ts,[],go-diff,rust-pass
conformance,importDefer/importDeferComments.ts,[],go-diff,rust-pass
conformance,interfaces/declarationMerging/mergeThreeInterfaces.ts,[],go-diff,rust-pass
conformance,interfaces/declarationMerging/mergeThreeInterfaces2.ts,[],go-diff,rust-pass
conformance,interfaces/declarationMerging/mergeTwoInterfaces.ts,[],go-diff,rust-pass
conformance,interfaces/declarationMerging/mergeTwoInterfaces2.ts,[],go-diff,rust-pass
conformance,interfaces/declarationMerging/mergedInterfacesWithIndexers.ts,[],go-diff,rust-pass
conformance,interfaces/declarationMerging/twoInterfacesDifferentRootModule.ts,[],go-diff,rust-pass
conformance,interfaces/declarationMerging/twoInterfacesDifferentRootModule2.ts,[],go-diff,rust-pass
conformance,interfaces/declarationMerging/twoMergedInterfacesWithDifferingOverloads.ts,[],go-diff,rust-pass
conformance,interfaces/declarationMerging/twoMergedInterfacesWithDifferingOverloads2.ts,[],go-diff,rust-pass
conformance,interfaces/interfaceDeclarations/asiPreventsParsingAsInterface01.ts,[],go-diff,rust-pass
conformance,interfaces/interfaceDeclarations/asiPreventsParsingAsInterface02.ts,[],go-diff,rust-pass
conformance,interfaces/interfaceDeclarations/asiPreventsParsingAsInterface03.ts,[],go-diff,rust-pass
conformance,interfaces/interfaceDeclarations/asiPreventsParsingAsInterface04.ts,[],go-diff,rust-pass
conformance,interfaces/interfaceDeclarations/asiPreventsParsingAsInterface05.ts,[],go-diff,rust-pass
conformance,interfaces/interfaceDeclarations/interfaceThatHidesBaseProperty2.ts,[],go-diff,rust-pass
conformance,interfaces/interfaceDeclarations/interfaceWithCallAndConstructSignature.ts,[],go-diff,rust-pass
conformance,interfaces/interfaceDeclarations/interfaceWithCallSignaturesThatHidesBaseSignature.ts,[],go-diff,rust-pass
conformance,interfaces/interfaceDeclarations/interfaceWithCallSignaturesThatHidesBaseSignature2.ts,[],go-diff,rust-pass
conformance,interfaces/interfaceDeclarations/interfaceWithConstructSignaturesThatHidesBaseSignature.ts,[],go-diff,rust-pass
conformance,interfaces/interfaceDeclarations/interfaceWithConstructSignaturesThatHidesBaseSignature2.ts,[],go-diff,rust-pass
conformance,interfaces/interfaceDeclarations/interfaceWithOverloadedCallAndConstructSignatures.ts,[],go-diff,rust-pass
conformance,interfaces/interfaceDeclarations/interfaceWithSpecializedCallAndConstructSignatures.ts,[],go-diff,rust-pass
conformance,interfaces/interfaceDeclarations/interfaceWithStringIndexerHidingBaseTypeIndexer.ts,[],go-diff,rust-pass
conformance,interfaces/interfaceDeclarations/interfaceWithStringIndexerHidingBaseTypeIndexer2.ts,[],go-diff,rust-pass
conformance,interfaces/interfaceDeclarations/interfaceWithStringIndexerHidingBaseTypeIndexer3.ts,[],go-diff,rust-pass
conformance,interfaces/interfacesExtendingClasses/interfaceExtendingClass.ts,[],go-diff,rust-pass
conformance,internalModules/DeclarationMerging/AmbientModuleAndAmbientWithSameNameAndCommonRoot.ts,[],go-pass,rust-diff
conformance,internalModules/DeclarationMerging/AmbientModuleAndNonAmbientClassWithSameNameAndCommonRoot.ts,[],go-pass,rust-diff
conformance,internalModules/DeclarationMerging/EnumAndModuleWithSameNameAndCommonRoot.ts,[],go-pass,rust-diff
conformance,internalModules/DeclarationMerging/ModuleAndEnumWithSameNameAndCommonRoot.ts,[],go-pass,rust-diff
conformance,internalModules/DeclarationMerging/TwoInternalModulesThatMergeEachWithExportedAndNonExportedClassesOfTheSameName.ts,[],go-diff,rust-pass
conformance,internalModules/DeclarationMerging/TwoInternalModulesThatMergeEachWithExportedClassesOfTheSameName.ts,[],go-diff,rust-pass
conformance,internalModules/DeclarationMerging/TwoInternalModulesThatMergeEachWithExportedLocalVarsOfTheSameName.ts,[],go-diff,rust-pass
conformance,internalModules/DeclarationMerging/TwoInternalModulesThatMergeEachWithExportedModulesOfTheSameName.ts,[],go-diff,rust-pass
conformance,internalModules/codeGeneration/exportCodeGen.ts,[],go-diff,rust-pass
conformance,internalModules/codeGeneration/importStatementsInterfaces.ts,[],go-diff,rust-pass
conformance,internalModules/codeGeneration/nameCollision.ts,[],go-diff,rust-pass
conformance,internalModules/exportDeclarations/ExportClassWithAccessibleTypesInTypeParameterConstraintsClassHeritageListMemberTypeAnnotations.ts,[],go-diff,rust-pass
conformance,internalModules/exportDeclarations/ExportClassWithInaccessibleTypeInIndexerTypeAnnotations.ts,[],go-diff,rust-pass
conformance,internalModules/exportDeclarations/ExportClassWithInaccessibleTypeInTypeParameterConstraint.ts,[],go-diff,rust-pass
conformance,internalModules/exportDeclarations/ExportFunctionWithAccessibleTypesInParameterAndReturnTypeAnnotation.ts,[],go-diff,rust-pass
conformance,internalModules/exportDeclarations/ExportFunctionWithInaccessibleTypesInParameterTypeAnnotation.ts,[],go-diff,rust-pass
conformance,internalModules/exportDeclarations/ExportFunctionWithInaccessibleTypesInReturnTypeAnnotation.ts,[],go-diff,rust-pass
conformance,internalModules/exportDeclarations/ExportObjectLiteralAndObjectTypeLiteralWithAccessibleTypesInNestedMemberTypeAnnotations.ts,[],go-diff,rust-pass
conformance,internalModules/exportDeclarations/ExportVariableOfGenericTypeWithInaccessibleTypeAsTypeArgument.ts,[],go-diff,rust-pass
conformance,internalModules/exportDeclarations/ModuleWithExportedAndNonExportedClasses.ts,[],go-diff,rust-pass
conformance,internalModules/exportDeclarations/ModuleWithExportedAndNonExportedEnums.ts,[],go-diff,rust-pass
conformance,internalModules/exportDeclarations/ModuleWithExportedAndNonExportedFunctions.ts,[],go-diff,rust-pass
conformance,internalModules/exportDeclarations/ModuleWithExportedAndNonExportedImportAlias.ts,[],go-diff,rust-pass
conformance,internalModules/exportDeclarations/ModuleWithExportedAndNonExportedVariables.ts,[],go-diff,rust-pass
conformance,internalModules/importDeclarations/importAliasIdentifiers.ts,[],go-diff,rust-pass
conformance,internalModules/importDeclarations/invalidImportAliasIdentifiers.ts,[],go-diff,rust-pass
conformance,internalModules/importDeclarations/shadowedInternalModule.ts,[],go-diff,rust-pass
conformance,internalModules/moduleBody/invalidModuleWithStatementsOfEveryKind.ts,[],go-diff,rust-pass
conformance,internalModules/moduleBody/invalidModuleWithVarStatements.ts,[],go-diff,rust-pass
conformance,internalModules/moduleBody/moduleWithStatementsOfEveryKind.ts,[],go-diff,rust-pass
conformance,internalModules/moduleDeclarations/InvalidNonInstantiatedModule.ts,[],go-diff,rust-pass
conformance,internalModules/moduleDeclarations/asiPreventsParsingAsNamespace01.ts,[],go-diff,rust-pass
conformance,internalModules/moduleDeclarations/asiPreventsParsingAsNamespace02.ts,[],go-diff,rust-pass
conformance,internalModules/moduleDeclarations/invalidInstantiatedModule.ts,[],go-diff,rust-pass
conformance,internalModules/moduleDeclarations/invalidNestedModules.ts,[],go-diff,rust-pass
conformance,internalModules/moduleDeclarations/nonInstantiatedModule.ts,[],go-diff,rust-pass
conformance,jsdoc/importTag22.ts,[],skip-config,rust-pass
conformance,jsdoc/jsdocParseErrorsInTypescript.ts,[],go-diff,rust-pass
conformance,jsdoc/tsNoCheckForTypescript.ts,[],go-pass,rust-diff
conformance,jsdoc/tsNoCheckForTypescriptComments1.ts,[],go-pass,rust-diff
conformance,jsdoc/tsNoCheckForTypescriptComments2.ts,[],go-pass,rust-diff
conformance,jsx/checkJsxChildrenProperty1.tsx,[],go-diff,rust-pass
conformance,jsx/checkJsxChildrenProperty10.tsx,[],go-diff,rust-pass
conformance,jsx/checkJsxChildrenProperty11.tsx,[],go-diff,rust-pass
conformance,jsx/checkJsxChildrenProperty6.tsx,[],go-diff,rust-pass
conformance,jsx/checkJsxChildrenProperty8.tsx,[],go-diff,rust-pass
conformance,jsx/checkJsxChildrenProperty9.tsx,[],go-diff,rust-pass
conformance,jsx/commentEmittingInPreserveJsx1.tsx,[],go-diff,rust-pass
conformance,jsx/correctlyMarkAliasAsReferences2.tsx,[],go-diff,rust-pass
conformance,jsx/correctlyMarkAliasAsReferences4.tsx,[],go-diff,rust-pass
conformance,jsx/jsxParsingError1.tsx,[],go-diff,rust-pass
conformance,jsx/jsxs/jsxJsxsCjsTransformChildren.tsx,['jsx=react-jsx'],go-diff,rust-pass
conformance,jsx/jsxs/jsxJsxsCjsTransformChildren.tsx,['jsx=react-jsxdev'],go-diff,rust-pass
conformance,jsx/jsxs/jsxJsxsCjsTransformCustomImport.tsx,['jsx=react-jsx'],go-diff,rust-pass
conformance,jsx/jsxs/jsxJsxsCjsTransformCustomImport.tsx,['jsx=react-jsxdev'],go-diff,rust-pass
conformance,jsx/jsxs/jsxJsxsCjsTransformKeyProp.tsx,['jsx=react-jsx'],go-diff,rust-pass
conformance,jsx/jsxs/jsxJsxsCjsTransformKeyProp.tsx,['jsx=react-jsxdev'],go-diff,rust-pass
conformance,jsx/jsxs/jsxJsxsCjsTransformKeyPropCustomImport.tsx,['jsx=react-jsx'],go-diff,rust-pass
conformance,jsx/jsxs/jsxJsxsCjsTransformKeyPropCustomImport.tsx,['jsx=react-jsxdev'],go-diff,rust-pass
conformance,jsx/jsxs/jsxJsxsCjsTransformNestedSelfClosingChild.tsx,['jsx=react-jsx'],go-diff,rust-pass
conformance,jsx/jsxs/jsxJsxsCjsTransformNestedSelfClosingChild.tsx,['jsx=react-jsxdev'],go-diff,rust-pass
conformance,jsx/jsxs/jsxJsxsCjsTransformSubstitutesNames.tsx,['jsx=react-jsx'],go-diff,rust-pass
conformance,jsx/jsxs/jsxJsxsCjsTransformSubstitutesNames.tsx,['jsx=react-jsxdev'],go-diff,rust-pass
conformance,jsx/jsxs/jsxJsxsCjsTransformSubstitutesNamesFragment.tsx,['jsx=react-jsx'],go-diff,rust-pass
conformance,jsx/jsxs/jsxJsxsCjsTransformSubstitutesNamesFragment.tsx,['jsx=react-jsxdev'],go-diff,rust-pass
conformance,jsx/tsxAttributeResolution16.tsx,[],go-diff,rust-pass
conformance,jsx/tsxDefaultAttributesResolution1.tsx,[],go-diff,rust-pass
conformance,jsx/tsxDefaultAttributesResolution2.tsx,[],go-diff,rust-pass
conformance,jsx/tsxDynamicTagName1.tsx,[],go-pass,rust-diff
conformance,jsx/tsxDynamicTagName4.tsx,[],go-pass,rust-diff
conformance,jsx/tsxDynamicTagName5.tsx,[],go-pass,rust-diff
conformance,jsx/tsxDynamicTagName6.tsx,[],go-pass,rust-diff
conformance,jsx/tsxDynamicTagName8.tsx,[],go-pass,rust-diff
conformance,jsx/tsxDynamicTagName9.tsx,[],go-pass,rust-diff
conformance,jsx/tsxElementResolution13.tsx,[],go-diff,rust-pass
conformance,jsx/tsxElementResolution14.tsx,[],go-diff,rust-pass
conformance,jsx/tsxElementResolution16.tsx,[],go-diff,rust-pass
conformance,jsx/tsxElementResolution18.tsx,[],go-diff,rust-pass
conformance,jsx/tsxElementResolution5.tsx,[],go-diff,rust-pass
conformance,jsx/tsxElementResolution7.tsx,[],go-diff,rust-pass
conformance,jsx/tsxElementResolution8.tsx,[],go-diff,rust-pass
conformance,jsx/tsxEmit3.tsx,[],go-diff,rust-pass
conformance,jsx/tsxInArrowFunction.tsx,[],go-diff,rust-pass
conformance,jsx/tsxReactComponentWithDefaultTypeParameter1.tsx,[],go-diff,rust-pass
conformance,jsx/tsxReactComponentWithDefaultTypeParameter2.tsx,[],go-diff,rust-pass
conformance,jsx/tsxReactEmit4.tsx,[],go-diff,rust-pass
conformance,jsx/tsxReactEmit7.tsx,[],go-diff,rust-pass
conformance,jsx/tsxReactEmit8.tsx,['jsx=react-jsx'],go-diff,rust-pass
conformance,jsx/tsxReactEmit8.tsx,['jsx=react-jsxdev'],go-diff,rust-pass
conformance,jsx/tsxReactEmitEntities.tsx,[],go-pass,rust-diff
conformance,jsx/tsxReactEmitSpreadAttribute.ts,['target=es2018'],go-diff,rust-pass
conformance,jsx/tsxReactEmitSpreadAttribute.ts,['target=esnext'],go-diff,rust-pass
conformance,jsx/tsxReactEmitSpreadAttribute.ts,['target=es2015'],go-diff,rust-pass
conformance,jsx/tsxSpreadAttributesResolution1.tsx,[],go-diff,rust-pass
conformance,jsx/tsxSpreadAttributesResolution13.tsx,[],go-diff,rust-pass
conformance,jsx/tsxSpreadAttributesResolution15.tsx,[],go-diff,rust-pass
conformance,jsx/tsxSpreadAttributesResolution3.tsx,[],go-diff,rust-pass
conformance,jsx/tsxSpreadAttributesResolution7.tsx,[],go-diff,rust-pass
conformance,jsx/tsxSpreadAttributesResolution8.tsx,[],go-diff,rust-pass
conformance,jsx/tsxSpreadAttributesResolution9.tsx,[],go-diff,rust-pass
conformance,jsx/tsxUnionElementType5.tsx,[],go-diff,rust-pass
conformance,jsx/tsxUnionTypeComponent2.tsx,[],go-diff,rust-pass
conformance,moduleResolution/bundler/bundlerDirectoryModule.ts,"['module=node20', 'moduleresolution=nodenext']",skip-config,rust-pass
conformance,moduleResolution/bundler/bundlerDirectoryModule.ts,"['module=node18', 'moduleresolution=nodenext']",skip-config,rust-pass
conformance,moduleResolution/bundler/bundlerDirectoryModule.ts,"['module=nodenext', 'moduleresolution=nodenext']",skip-config,rust-pass
conformance,moduleResolution/nestedPackageJsonRedirect.ts,['moduleresolution=bundler'],skip-config,rust-pass
conformance,moduleResolution/node10IsNode_node.ts,[],go-pass,rust-diff
conformance,moduleResolution/packageJsonMain.ts,[],go-pass,rust-diff
conformance,moduleResolution/packageJsonMain_isNonRecursive.ts,[],go-diff,rust-pass
conformance,moduleResolution/resolutionModeTripleSlash1.ts,[],skip-config,rust-pass
conformance,moduleResolution/resolutionModeTripleSlash2.ts,[],skip-config,rust-pass
conformance,moduleResolution/resolutionModeTripleSlash3.ts,[],skip-config,rust-pass
conformance,moduleResolution/typesVersions.ambientModules.ts,[],go-pass,rust-diff
conformance,moduleResolution/typesVersions.multiFile.ts,[],go-pass,rust-diff
conformance,moduleResolution/untypedModuleImport.ts,[],go-diff,rust-pass
conformance,node/esmModuleExports2.ts,['esmoduleinterop=false'],go-pass,rust-diff
conformance,node/nodeModulesCjsFormatFileAlwaysHasDefault.ts,['module=node16'],go-diff,rust-pass
conformance,node/nodeModulesCjsFormatFileAlwaysHasDefault.ts,['module=node18'],go-diff,rust-pass
conformance,node/nodeModulesDeclarationEmitDynamicImportWithPackageExports.ts,['module=node18'],go-diff,rust-pass
conformance,node/nodeModulesDeclarationEmitWithPackageExports.ts,['module=node20'],go-pass,rust-diff
conformance,node/nodeModulesDeclarationEmitWithPackageExports.ts,['module=nodenext'],go-pass,rust-diff
conformance,node/nodeModulesDynamicImport.ts,['module=node16'],go-diff,rust-pass
conformance,node/nodeModulesDynamicImport.ts,['module=node18'],go-diff,rust-pass
conformance,node/nodeModulesExportsDoubleAsterisk.ts,['module=nodenext'],skip-config,rust-pass
conformance,node/nodeModulesExportsDoubleAsterisk.ts,['module=node20'],skip-config,rust-pass
conformance,node/nodeModulesExportsDoubleAsterisk.ts,['module=node18'],skip-config,rust-pass
conformance,node/nodeModulesExportsSourceTs.ts,['module=node20'],go-diff,rust-pass
conformance,node/nodeModulesExportsSourceTs.ts,['module=node16'],go-diff,rust-pass
conformance,node/nodeModulesExportsSourceTs.ts,['module=nodenext'],go-diff,rust-pass
conformance,node/nodeModulesExportsSourceTs.ts,['module=node18'],go-diff,rust-pass
conformance,node/nodeModulesGeneratedNameCollisions.ts,['module=node20'],go-diff,rust-pass
conformance,node/nodeModulesGeneratedNameCollisions.ts,['module=node16'],go-diff,rust-pass
conformance,node/nodeModulesGeneratedNameCollisions.ts,['module=nodenext'],go-diff,rust-pass
conformance,node/nodeModulesGeneratedNameCollisions.ts,['module=node18'],go-diff,rust-pass
conformance,node/nodeModulesImportAssignments.ts,['module=node20'],go-pass,rust-diff
conformance,node/nodeModulesImportAssignments.ts,['module=nodenext'],go-pass,rust-diff
conformance,node/nodeModulesImportAttributesModeDeclarationEmit1.ts,['module=node20'],go-diff,rust-pass
conformance,node/nodeModulesImportAttributesModeDeclarationEmit1.ts,['module=node16'],go-diff,rust-pass
conformance,node/nodeModulesImportAttributesModeDeclarationEmit1.ts,['module=nodenext'],go-diff,rust-pass
conformance,node/nodeModulesImportAttributesModeDeclarationEmit1.ts,['module=node18'],go-diff,rust-pass
conformance,node/nodeModulesImportAttributesModeDeclarationEmit2.ts,['module=node20'],go-diff,rust-pass
conformance,node/nodeModulesImportAttributesModeDeclarationEmit2.ts,['module=node16'],go-diff,rust-pass
conformance,node/nodeModulesImportAttributesModeDeclarationEmit2.ts,['module=nodenext'],go-diff,rust-pass
conformance,node/nodeModulesImportAttributesModeDeclarationEmit2.ts,['module=node18'],go-diff,rust-pass
conformance,node/nodeModulesImportHelpersCollisions.ts,['module=node20'],go-diff,rust-pass
conformance,node/nodeModulesImportHelpersCollisions.ts,['module=node16'],go-diff,rust-pass
conformance,node/nodeModulesImportHelpersCollisions.ts,['module=nodenext'],go-diff,rust-pass
conformance,node/nodeModulesImportHelpersCollisions.ts,['module=node18'],go-diff,rust-pass
conformance,node/nodeModulesImportHelpersCollisions2.ts,['module=node20'],go-diff,rust-pass
conformance,node/nodeModulesImportHelpersCollisions2.ts,['module=node16'],go-diff,rust-pass
conformance,node/nodeModulesImportHelpersCollisions2.ts,['module=nodenext'],go-diff,rust-pass
conformance,node/nodeModulesImportHelpersCollisions2.ts,['module=node18'],go-diff,rust-pass
conformance,node/nodeModulesImportHelpersCollisions3.ts,"['module=node16', 'target=es2015']",go-diff,rust-pass
conformance,node/nodeModulesImportHelpersCollisions3.ts,"['module=node18', 'target=es2015']",go-diff,rust-pass
conformance,node/nodeModulesImportHelpersCollisions3.ts,"['module=nodenext', 'target=es2015']",go-diff,rust-pass
conformance,node/nodeModulesImportHelpersCollisions3.ts,"['module=node20', 'target=es2015']",go-diff,rust-pass
conformance,node/nodeModulesImportMeta.ts,['module=node20'],go-diff,rust-pass
conformance,node/nodeModulesImportMeta.ts,['module=node16'],go-diff,rust-pass
conformance,node/nodeModulesImportMeta.ts,['module=nodenext'],go-diff,rust-pass
conformance,node/nodeModulesImportMeta.ts,['module=node18'],go-diff,rust-pass
conformance,node/nodeModulesImportModeDeclarationEmit1.ts,['module=node20'],go-diff,rust-pass
conformance,node/nodeModulesImportModeDeclarationEmit1.ts,['module=node16'],go-diff,rust-pass
conformance,node/nodeModulesImportModeDeclarationEmit1.ts,['module=nodenext'],go-diff,rust-pass
conformance,node/nodeModulesImportModeDeclarationEmit1.ts,['module=node18'],go-diff,rust-pass
conformance,node/nodeModulesImportModeDeclarationEmit2.ts,['module=node20'],go-diff,rust-pass
conformance,node/nodeModulesImportModeDeclarationEmit2.ts,['module=node16'],go-diff,rust-pass
conformance,node/nodeModulesImportModeDeclarationEmit2.ts,['module=nodenext'],go-diff,rust-pass
conformance,node/nodeModulesImportModeDeclarationEmit2.ts,['module=node18'],go-diff,rust-pass
conformance,node/nodeModulesImportResolutionIntoExport.ts,['module=node20'],go-pass,rust-diff
conformance,node/nodeModulesImportResolutionIntoExport.ts,['module=nodenext'],go-pass,rust-diff
conformance,node/nodeModulesImportResolutionNoCycle.ts,['module=node20'],go-diff,rust-pass
conformance,node/nodeModulesImportResolutionNoCycle.ts,['module=node16'],go-diff,rust-pass
conformance,node/nodeModulesImportResolutionNoCycle.ts,['module=nodenext'],go-diff,rust-pass
conformance,node/nodeModulesImportResolutionNoCycle.ts,['module=node18'],go-diff,rust-pass
conformance,node/nodeModulesPackageExports.ts,['module=node16'],go-diff,rust-pass
conformance,node/nodeModulesPackageExports.ts,['module=node18'],go-diff,rust-pass
conformance,node/nodeModulesPackageImports.ts,['module=node16'],go-diff,rust-pass
conformance,node/nodeModulesPackageImports.ts,['module=node18'],go-diff,rust-pass
conformance,node/nodeModulesPackagePatternExports.ts,['module=node16'],go-diff,rust-pass
conformance,node/nodeModulesPackagePatternExports.ts,['module=node18'],go-diff,rust-pass
conformance,node/nodeModulesPackagePatternExportsExclude.ts,['module=node20'],go-diff,rust-pass
conformance,node/nodeModulesPackagePatternExportsExclude.ts,['module=node16'],go-diff,rust-pass
conformance,node/nodeModulesPackagePatternExportsExclude.ts,['module=nodenext'],go-diff,rust-pass
conformance,node/nodeModulesPackagePatternExportsExclude.ts,['module=node18'],go-diff,rust-pass
conformance,node/nodeModulesPackagePatternExportsTrailers.ts,['module=node16'],go-diff,rust-pass
conformance,node/nodeModulesPackagePatternExportsTrailers.ts,['module=node18'],go-diff,rust-pass
conformance,node/nodeModulesTripleSlashReferenceModeDeclarationEmit1.ts,['module=node16'],go-diff,rust-pass
conformance,node/nodeModulesTripleSlashReferenceModeDeclarationEmit1.ts,['module=node18'],go-diff,rust-pass
conformance,node/nodeModulesTripleSlashReferenceModeDeclarationEmit2.ts,['module=node16'],go-diff,rust-pass
conformance,node/nodeModulesTripleSlashReferenceModeDeclarationEmit2.ts,['module=node18'],go-diff,rust-pass
conformance,node/nodeModulesTripleSlashReferenceModeDeclarationEmit4.ts,['module=node16'],go-diff,rust-pass
conformance,node/nodeModulesTripleSlashReferenceModeDeclarationEmit4.ts,['module=node18'],go-diff,rust-pass
conformance,node/nodeModulesTripleSlashReferenceModeDeclarationEmit6.ts,['module=node16'],go-diff,rust-pass
conformance,node/nodeModulesTripleSlashReferenceModeDeclarationEmit6.ts,['module=node18'],go-diff,rust-pass
conformance,node/nodeModulesTripleSlashReferenceModeDeclarationEmit7.ts,['module=node16'],go-diff,rust-pass
conformance,node/nodeModulesTripleSlashReferenceModeDeclarationEmit7.ts,['module=node18'],go-diff,rust-pass
conformance,node/nodeModulesTripleSlashReferenceModeOverride1.ts,['module=node16'],go-diff,rust-pass
conformance,node/nodeModulesTripleSlashReferenceModeOverride1.ts,['module=node18'],go-diff,rust-pass
conformance,node/nodeModulesTripleSlashReferenceModeOverride2.ts,['module=node16'],go-diff,rust-pass
conformance,node/nodeModulesTripleSlashReferenceModeOverride2.ts,['module=node18'],go-diff,rust-pass
conformance,node/nodeModulesTripleSlashReferenceModeOverride3.ts,['module=node20'],go-diff,rust-pass
conformance,node/nodeModulesTripleSlashReferenceModeOverride3.ts,['module=node16'],go-diff,rust-pass
conformance,node/nodeModulesTripleSlashReferenceModeOverride3.ts,['module=nodenext'],go-diff,rust-pass
conformance,node/nodeModulesTripleSlashReferenceModeOverride3.ts,['module=node18'],go-diff,rust-pass
conformance,node/nodeModulesTripleSlashReferenceModeOverride4.ts,['module=node16'],go-diff,rust-pass
conformance,node/nodeModulesTripleSlashReferenceModeOverride4.ts,['module=node18'],go-diff,rust-pass
conformance,node/nodeModulesTypesVersionPackageExports.ts,['module=node16'],go-diff,rust-pass
conformance,node/nodeModulesTypesVersionPackageExports.ts,['module=node18'],go-diff,rust-pass
conformance,node/nodePackageSelfName.ts,['module=node16'],go-diff,rust-pass
conformance,node/nodePackageSelfName.ts,['module=node18'],go-diff,rust-pass
conformance,node/nodePackageSelfNameScoped.ts,['module=node16'],go-diff,rust-pass
conformance,node/nodePackageSelfNameScoped.ts,['module=node18'],go-diff,rust-pass
conformance,nonjsExtensions/declarationFileForHtmlFileWithinDeclarationFile.ts,[],go-pass,rust-diff
conformance,override/override11.ts,[],go-diff,rust-pass
conformance,parser/ecmascript3/Accessors/parserES3Accessors1.ts,[],go-diff,rust-pass
conformance,parser/ecmascript3/Accessors/parserES3Accessors3.ts,[],go-diff,rust-pass
conformance,parser/ecmascript5/Accessors/parserAccessors1.ts,['target=es2015'],go-diff,rust-pass
conformance,parser/ecmascript5/Accessors/parserAccessors3.ts,['target=es2015'],go-diff,rust-pass
conformance,parser/ecmascript5/Accessors/parserAccessors5.ts,['target=es2015'],go-diff,rust-pass
conformance,parser/ecmascript5/Accessors/parserAccessors6.ts,['target=es2015'],go-diff,rust-pass
conformance,parser/ecmascript5/Accessors/parserAccessors7.ts,['target=es2015'],go-diff,rust-pass
conformance,parser/ecmascript5/Accessors/parserAccessors8.ts,['target=es2015'],go-diff,rust-pass
conformance,parser/ecmascript5/Accessors/parserAccessors9.ts,['target=es2015'],go-diff,rust-pass
conformance,parser/ecmascript5/Accessors/parserGetAccessorWithTypeParameters1.ts,['target=es2015'],go-diff,rust-pass
conformance,parser/ecmascript5/Accessors/parserSetAccessorWithTypeAnnotation1.ts,['target=es2015'],go-diff,rust-pass
conformance,parser/ecmascript5/Accessors/parserSetAccessorWithTypeParameters1.ts,['target=es2015'],go-diff,rust-pass
conformance,parser/ecmascript5/ArrayLiteralExpressions/parserArrayLiteralExpression11.ts,[],go-pass,rust-diff
conformance,parser/ecmascript5/ArrayLiteralExpressions/parserArrayLiteralExpression12.ts,[],go-pass,rust-diff
conformance,parser/ecmascript5/ArrayLiteralExpressions/parserArrayLiteralExpression13.ts,[],go-pass,rust-diff
conformance,parser/ecmascript5/ArrayLiteralExpressions/parserArrayLiteralExpression14.ts,[],go-pass,rust-diff
conformance,parser/ecmascript5/ArrayLiteralExpressions/parserArrayLiteralExpression15.ts,[],go-pass,rust-diff
conformance,parser/ecmascript5/ArrayLiteralExpressions/parserArrayLiteralExpression2.ts,[],go-pass,rust-diff
conformance,parser/ecmascript5/ArrayLiteralExpressions/parserArrayLiteralExpression3.ts,[],go-pass,rust-diff
conformance,parser/ecmascript5/ArrayLiteralExpressions/parserArrayLiteralExpression4.ts,[],go-pass,rust-diff
conformance,parser/ecmascript5/ArrayLiteralExpressions/parserArrayLiteralExpression6.ts,[],go-pass,rust-diff
conformance,parser/ecmascript5/ArrayLiteralExpressions/parserArrayLiteralExpression8.ts,[],go-pass,rust-diff
conformance,parser/ecmascript5/ArrowFunctionExpressions/parserArrowFunctionExpression1.ts,[],go-diff,rust-pass
conformance,parser/ecmascript5/ArrowFunctionExpressions/parserArrowFunctionExpression2.ts,[],go-diff,rust-pass
conformance,parser/ecmascript5/ArrowFunctionExpressions/parserArrowFunctionExpression3.ts,[],go-diff,rust-pass
conformance,parser/ecmascript5/ArrowFunctionExpressions/parserArrowFunctionExpression4.ts,[],go-diff,rust-pass
conformance,parser/ecmascript5/ArrowFunctionExpressions/parserArrowFunctionExpression5.ts,[],go-diff,rust-pass
conformance,parser/ecmascript5/ClassDeclarations/parserClass1.ts,[],go-diff,rust-pass
conformance,parser/ecmascript5/ClassDeclarations/parserClass2.ts,[],go-diff,rust-pass
conformance,parser/ecmascript5/ClassDeclarations/parserClassDeclaration10.ts,[],go-diff,rust-pass
conformance,parser/ecmascript5/ClassDeclarations/parserClassDeclaration11.ts,[],go-diff,rust-pass
conformance,parser/ecmascript5/ClassDeclarations/parserClassDeclaration13.ts,[],go-diff,rust-pass
conformance,parser/ecmascript5/ClassDeclarations/parserClassDeclaration14.ts,[],go-diff,rust-pass
conformance,parser/ecmascript5/ClassDeclarations/parserClassDeclaration15.ts,[],go-diff,rust-pass
conformance,parser/ecmascript5/ClassDeclarations/parserClassDeclaration18.ts,[],go-diff,rust-pass
conformance,parser/ecmascript5/ClassDeclarations/parserClassDeclaration19.ts,[],go-pass,rust-diff
conformance,parser/ecmascript5/ClassDeclarations/parserClassDeclaration20.ts,[],go-pass,rust-diff
conformance,parser/ecmascript5/ClassDeclarations/parserClassDeclaration21.ts,[],go-diff,rust-pass
conformance,parser/ecmascript5/ClassDeclarations/parserClassDeclaration22.ts,[],go-diff,rust-pass
conformance,parser/ecmascript5/ClassDeclarations/parserClassDeclaration23.ts,[],go-pass,rust-diff
conformance,parser/ecmascript5/ClassDeclarations/parserClassDeclaration24.ts,[],go-diff,rust-pass
conformance,parser/ecmascript5/ClassDeclarations/parserClassDeclaration25.ts,[],go-diff,rust-pass
conformance,parser/ecmascript5/ClassDeclarations/parserClassDeclaration6.ts,[],go-diff,rust-pass
conformance,parser/ecmascript5/ClassDeclarations/parserClassDeclaration8.ts,[],go-diff,rust-pass
conformance,parser/ecmascript5/ClassDeclarations/parserClassDeclaration9.ts,[],go-diff,rust-pass
conformance,parser/ecmascript5/ComputedPropertyNames/parserES5ComputedPropertyName1.ts,['target=es2015'],go-diff,rust-pass
conformance,parser/ecmascript5/ComputedPropertyNames/parserES5ComputedPropertyName10.ts,['target=es2015'],go-diff,rust-pass
conformance,parser/ecmascript5/ComputedPropertyNames/parserES5ComputedPropertyName11.ts,['target=es2015'],go-diff,rust-pass
conformance,parser/ecmascript5/ComputedPropertyNames/parserES5ComputedPropertyName2.ts,['target=es2015'],go-diff,rust-pass
conformance,parser/ecmascript5/ComputedPropertyNames/parserES5ComputedPropertyName3.ts,['target=es2015'],go-diff,rust-pass
conformance,parser/ecmascript5/ComputedPropertyNames/parserES5ComputedPropertyName4.ts,['target=es2015'],go-diff,rust-pass
conformance,parser/ecmascript5/ComputedPropertyNames/parserES5ComputedPropertyName7.ts,['target=es2015'],go-diff,rust-pass
conformance,parser/ecmascript5/ComputedPropertyNames/parserES5ComputedPropertyName9.ts,['target=es2015'],go-diff,rust-pass
conformance,parser/ecmascript5/ConstructorDeclarations/parserConstructorDeclaration2.ts,[],go-diff,rust-pass
conformance,parser/ecmascript5/ConstructorDeclarations/parserConstructorDeclaration3.ts,[],go-diff,rust-pass
conformance,parser/ecmascript5/ConstructorDeclarations/parserConstructorDeclaration4.ts,[],go-diff,rust-pass
conformance,parser/ecmascript5/ConstructorDeclarations/parserConstructorDeclaration6.ts,[],go-diff,rust-pass
conformance,parser/ecmascript5/ConstructorDeclarations/parserConstructorDeclaration7.ts,[],go-diff,rust-pass
conformance,parser/ecmascript5/ErrorRecovery/AccessibilityAfterStatic/parserAccessibilityAfterStatic1.ts,[],go-diff,rust-pass
conformance,parser/ecmascript5/ErrorRecovery/AccessibilityAfterStatic/parserAccessibilityAfterStatic10.ts,[],go-diff,rust-pass
conformance,parser/ecmascript5/ErrorRecovery/AccessibilityAfterStatic/parserAccessibilityAfterStatic6.ts,[],go-diff,rust-pass
conformance,parser/ecmascript5/ErrorRecovery/AccessibilityAfterStatic/parserAccessibilityAfterStatic7.ts,[],go-diff,rust-pass
conformance,parser/ecmascript5/ErrorRecovery/ArgumentLists/parserErrorRecovery_ArgumentList2.ts,[],go-diff,rust-pass
conformance,parser/ecmascript5/ErrorRecovery/ArgumentLists/parserErrorRecovery_ArgumentList6.ts,[],go-diff,rust-pass
conformance,parser/ecmascript5/ErrorRecovery/ArgumentLists/parserErrorRecovery_ArgumentList7.ts,[],go-diff,rust-pass
conformance,parser/ecmascript5/ErrorRecovery/ArrayLiteralExpressions/parserErrorRecoveryArrayLiteralExpression1.ts,[],go-diff,rust-pass
conformance,parser/ecmascript5/ErrorRecovery/ArrayLiteralExpressions/parserErrorRecoveryArrayLiteralExpression2.ts,[],go-diff,rust-pass
conformance,parser/ecmascript5/ErrorRecovery/ArrayLiteralExpressions/parserErrorRecoveryArrayLiteralExpression3.ts,[],go-diff,rust-pass
conformance,parser/ecmascript5/ErrorRecovery/Blocks/parserErrorRecovery_Block2.ts,[],go-diff,rust-pass
conformance,parser/ecmascript5/ErrorRecovery/ClassElements/parserErrorRecovery_ClassElement1.ts,[],go-diff,rust-pass
conformance,parser/ecmascript5/ErrorRecovery/ClassElements/parserErrorRecovery_ClassElement2.ts,[],go-diff,rust-pass
conformance,parser/ecmascript5/ErrorRecovery/Expressions/parserErrorRecovery_Expression1.ts,[],go-diff,rust-pass
conformance,parser/ecmascript5/ErrorRecovery/IfStatements/parserErrorRecoveryIfStatement1.ts,[],go-diff,rust-pass
conformance,parser/ecmascript5/ErrorRecovery/IfStatements/parserErrorRecoveryIfStatement2.ts,[],go-diff,rust-pass
conformance,parser/ecmascript5/ErrorRecovery/IfStatements/parserErrorRecoveryIfStatement3.ts,[],go-diff,rust-pass
conformance,parser/ecmascript5/ErrorRecovery/IfStatements/parserErrorRecoveryIfStatement4.ts,[],go-diff,rust-pass
conformance,parser/ecmascript5/ErrorRecovery/IfStatements/parserErrorRecoveryIfStatement5.ts,[],go-diff,rust-pass
conformance,parser/ecmascript5/ErrorRecovery/IncompleteMemberVariables/parserErrorRecovery_IncompleteMemberVariable1.ts,[],go-diff,rust-pass
conformance,parser/ecmascript5/ErrorRecovery/IncompleteMemberVariables/parserErrorRecovery_IncompleteMemberVariable2.ts,[],go-diff,rust-pass
conformance,parser/ecmascript5/ErrorRecovery/LeftShifts/parserErrorRecovery_LeftShift1.ts,[],go-diff,rust-pass
conformance,parser/ecmascript5/ErrorRecovery/ModuleElements/parserErrorRecovery_ModuleElement2.ts,[],go-diff,rust-pass
conformance,parser/ecmascript5/ErrorRecovery/ObjectLiterals/parserErrorRecovery_ObjectLiteral1.ts,[],go-diff,rust-pass
conformance,parser/ecmascript5/ErrorRecovery/ParameterLists/parserErrorRecovery_ParameterList1.ts,[],go-diff,rust-pass
conformance,parser/ecmascript5/ErrorRecovery/ParameterLists/parserErrorRecovery_ParameterList2.ts,[],go-diff,rust-pass
conformance,parser/ecmascript5/ErrorRecovery/ParameterLists/parserErrorRecovery_ParameterList4.ts,[],go-diff,rust-pass
conformance,parser/ecmascript5/ErrorRecovery/ParameterLists/parserErrorRecovery_ParameterList6.ts,[],go-diff,rust-pass
conformance,parser/ecmascript5/ErrorRecovery/SourceUnits/parserErrorRecovery_SourceUnit1.ts,[],go-diff,rust-pass
conformance,parser/ecmascript5/ErrorRecovery/SwitchStatements/parserErrorRecovery_SwitchStatement2.ts,[],go-diff,rust-pass
conformance,parser/ecmascript5/ErrorRecovery/TypeArgumentLists/TypeArgumentList1.ts,[],go-diff,rust-pass
conformance,parser/ecmascript5/ErrorRecovery/TypeArgumentLists/parserX_TypeArgumentList1.ts,[],go-diff,rust-pass
conformance,parser/ecmascript5/ErrorRecovery/parserEmptyParenthesizedExpression1.ts,[],go-diff,rust-pass
conformance,parser/ecmascript5/ErrorRecovery/parserErrantSemicolonInClass1.ts,[],go-diff,rust-pass
conformance,parser/ecmascript5/ExportAssignments/parserExportAssignment1.ts,[],go-diff,rust-pass
conformance,parser/ecmascript5/ExportAssignments/parserExportAssignment2.ts,[],go-diff,rust-pass
conformance,parser/ecmascript5/ExportAssignments/parserExportAssignment3.ts,[],go-diff,rust-pass
conformance,parser/ecmascript5/ExportAssignments/parserExportAssignment4.ts,[],go-diff,rust-pass
conformance,parser/ecmascript5/ExportAssignments/parserExportAssignment6.ts,[],go-diff,rust-pass
conformance,parser/ecmascript5/ExportAssignments/parserExportAssignment7.ts,[],go-diff,rust-pass
conformance,parser/ecmascript5/ExportAssignments/parserExportAssignment8.ts,[],go-diff,rust-pass
conformance,parser/ecmascript5/Expressions/parseIncompleteBinaryExpression1.ts,[],go-diff,rust-pass
conformance,parser/ecmascript5/Expressions/parserInvocationOfMemberAccessOffOfObjectCreationExpression1.ts,[],go-diff,rust-pass
conformance,parser/ecmascript5/Expressions/parserMemberAccessAfterPostfixExpression1.ts,[],go-diff,rust-pass
conformance,parser/ecmascript5/Expressions/parserObjectCreation2.ts,[],go-diff,rust-pass
conformance,parser/ecmascript5/Expressions/parserPostfixPostfixExpression1.ts,[],go-diff,rust-pass
conformance,parser/ecmascript5/Expressions/parserPostfixUnaryExpression1.ts,[],go-diff,rust-pass
conformance,parser/ecmascript5/FunctionDeclarations/parserFunctionDeclaration1.d.ts,[],go-diff,rust-pass
conformance,parser/ecmascript5/FunctionDeclarations/parserFunctionDeclaration3.ts,[],go-diff,rust-pass
conformance,parser/ecmascript5/FunctionDeclarations/parserFunctionDeclaration4.ts,[],go-diff,rust-pass
conformance,parser/ecmascript5/FunctionDeclarations/parserFunctionDeclaration6.ts,[],go-diff,rust-pass
conformance,parser/ecmascript5/FunctionDeclarations/parserFunctionDeclaration7.ts,[],go-diff,rust-pass
conformance,parser/ecmascript5/Generics/parserAmbiguity2.ts,[],go-diff,rust-pass
conformance,parser/ecmascript5/Generics/parserAmbiguity3.ts,[],go-diff,rust-pass
conformance,parser/ecmascript5/Generics/parserAmbiguityWithBinaryOperator1.ts,[],go-diff,rust-pass
conformance,parser/ecmascript5/Generics/parserAmbiguityWithBinaryOperator2.ts,[],go-diff,rust-pass
conformance,parser/ecmascript5/Generics/parserAmbiguityWithBinaryOperator3.ts,[],go-diff,rust-pass
conformance,parser/ecmascript5/Generics/parserGenericsInInterfaceDeclaration1.ts,[],go-diff,rust-pass
conformance,parser/ecmascript5/Generics/parserGreaterThanTokenAmbiguity11.ts,[],go-diff,rust-pass
conformance,parser/ecmascript5/Generics/parserGreaterThanTokenAmbiguity15.ts,[],go-diff,rust-pass
conformance,parser/ecmascript5/Generics/parserGreaterThanTokenAmbiguity16.ts,[],go-diff,rust-pass
conformance,parser/ecmascript5/Generics/parserGreaterThanTokenAmbiguity20.ts,[],go-diff,rust-pass
conformance,parser/ecmascript5/Generics/parserGreaterThanTokenAmbiguity7.ts,[],go-diff,rust-pass
conformance,parser/ecmascript5/Generics/parserGreaterThanTokenAmbiguity8.ts,[],go-diff,rust-pass
conformance,parser/ecmascript5/Generics/parserGreaterThanTokenAmbiguity9.ts,[],go-diff,rust-pass
conformance,parser/ecmascript5/IndexMemberDeclarations/parserIndexMemberDeclaration2.ts,[],go-diff,rust-pass
conformance,parser/ecmascript5/IndexMemberDeclarations/parserIndexMemberDeclaration3.ts,[],go-diff,rust-pass
conformance,parser/ecmascript5/IndexMemberDeclarations/parserIndexMemberDeclaration4.ts,[],go-diff,rust-pass
conformance,parser/ecmascript5/IndexMemberDeclarations/parserIndexMemberDeclaration6.ts,[],go-pass,rust-diff
conformance,parser/ecmascript5/IndexMemberDeclarations/parserIndexMemberDeclaration7.ts,[],go-diff,rust-pass
conformance,parser/ecmascript5/IndexMemberDeclarations/parserIndexMemberDeclaration8.ts,[],go-diff,rust-pass
conformance,parser/ecmascript5/IndexMemberDeclarations/parserIndexMemberDeclaration9.ts,[],go-diff,rust-pass
conformance,parser/ecmascript5/InterfaceDeclarations/parserInterfaceDeclaration3.ts,[],go-diff,rust-pass
conformance,parser/ecmascript5/InterfaceDeclarations/parserInterfaceDeclaration4.ts,[],go-diff,rust-pass
conformance,parser/ecmascript5/InterfaceDeclarations/parserInterfaceDeclaration8.ts,[],go-diff,rust-pass
conformance,parser/ecmascript5/InterfaceDeclarations/parserInterfaceDeclaration9.ts,[],go-pass,rust-diff
conformance,parser/ecmascript5/MemberAccessorDeclarations/parserMemberAccessor1.ts,['target=es2015'],go-diff,rust-pass
conformance,parser/ecmascript5/MemberAccessorDeclarations/parserMemberAccessorDeclaration1.ts,['target=es2015'],go-diff,rust-pass
conformance,parser/ecmascript5/MemberAccessorDeclarations/parserMemberAccessorDeclaration10.ts,['target=es2015'],go-diff,rust-pass
conformance,parser/ecmascript5/MemberAccessorDeclarations/parserMemberAccessorDeclaration11.ts,['target=es2015'],go-diff,rust-pass
conformance,parser/ecmascript5/MemberAccessorDeclarations/parserMemberAccessorDeclaration12.ts,['target=es2015'],go-diff,rust-pass
conformance,parser/ecmascript5/MemberAccessorDeclarations/parserMemberAccessorDeclaration13.ts,['target=es2015'],go-diff,rust-pass
conformance,parser/ecmascript5/MemberAccessorDeclarations/parserMemberAccessorDeclaration14.ts,['target=es2015'],go-diff,rust-pass
conformance,parser/ecmascript5/MemberAccessorDeclarations/parserMemberAccessorDeclaration15.ts,['target=es2015'],go-diff,rust-pass
conformance,parser/ecmascript5/MemberAccessorDeclarations/parserMemberAccessorDeclaration16.ts,['target=es2015'],go-diff,rust-pass
conformance,parser/ecmascript5/MemberAccessorDeclarations/parserMemberAccessorDeclaration17.ts,['target=es2015'],go-diff,rust-pass
conformance,parser/ecmascript5/MemberAccessorDeclarations/parserMemberAccessorDeclaration18.ts,['target=es2015'],go-diff,rust-pass
conformance,parser/ecmascript5/MemberAccessorDeclarations/parserMemberAccessorDeclaration2.ts,['target=es2015'],go-diff,rust-pass
conformance,parser/ecmascript5/MemberAccessorDeclarations/parserMemberAccessorDeclaration3.ts,['target=es2015'],go-diff,rust-pass
conformance,parser/ecmascript5/MemberAccessorDeclarations/parserMemberAccessorDeclaration7.ts,['target=es2015'],go-diff,rust-pass
conformance,parser/ecmascript5/MemberAccessorDeclarations/parserMemberAccessorDeclaration9.ts,['target=es2015'],go-diff,rust-pass
conformance,parser/ecmascript5/MemberFunctionDeclarations/parserMemberFunctionDeclaration1.ts,[],go-diff,rust-pass
conformance,parser/ecmascript5/MemberFunctionDeclarations/parserMemberFunctionDeclaration3.ts,[],go-diff,rust-pass
conformance,parser/ecmascript5/MemberFunctionDeclarations/parserMemberFunctionDeclaration4.ts,[],go-diff,rust-pass
conformance,parser/ecmascript5/MemberVariableDeclarations/parserMemberVariableDeclaration1.ts,[],go-diff,rust-pass
conformance,parser/ecmascript5/MemberVariableDeclarations/parserMemberVariableDeclaration3.ts,[],go-diff,rust-pass
conformance,parser/ecmascript5/MemberVariableDeclarations/parserMemberVariableDeclaration4.ts,[],go-diff,rust-pass
conformance,parser/ecmascript5/MissingTokens/parserMissingToken2.ts,[],go-diff,rust-pass
conformance,parser/ecmascript5/ModuleDeclarations/parserModule1.ts,[],go-diff,rust-pass
conformance,parser/ecmascript5/ModuleDeclarations/parserModuleDeclaration10.ts,[],go-diff,rust-pass
conformance,parser/ecmascript5/ParameterLists/parserParameterList13.ts,[],go-diff,rust-pass
conformance,parser/ecmascript5/ParameterLists/parserParameterList14.ts,[],go-diff,rust-pass
conformance,parser/ecmascript5/ParameterLists/parserParameterList15.ts,[],go-diff,rust-pass
conformance,parser/ecmascript5/ParameterLists/parserParameterList4.ts,[],go-diff,rust-pass
conformance,parser/ecmascript5/ParameterLists/parserParameterList5.ts,[],go-diff,rust-pass
conformance,parser/ecmascript5/ParameterLists/parserParameterList6.ts,[],go-diff,rust-pass
conformance,parser/ecmascript5/ParameterLists/parserParameterList7.ts,[],go-diff,rust-pass
conformance,parser/ecmascript5/ParameterLists/parserParameterList8.ts,[],go-diff,rust-pass
conformance,parser/ecmascript5/Protected/Protected1.ts,[],go-diff,rust-pass
conformance,parser/ecmascript5/Protected/Protected2.ts,[],go-diff,rust-pass
conformance,parser/ecmascript5/Protected/Protected4.ts,[],go-diff,rust-pass
conformance,parser/ecmascript5/Protected/Protected6.ts,[],go-diff,rust-pass
conformance,parser/ecmascript5/Protected/Protected7.ts,[],go-diff,rust-pass
conformance,parser/ecmascript5/RegressionTests/parser509534.ts,[],go-diff,rust-pass
conformance,parser/ecmascript5/RegressionTests/parser509618.ts,[],go-diff,rust-pass
conformance,parser/ecmascript5/RegressionTests/parser509630.ts,[],go-diff,rust-pass
conformance,parser/ecmascript5/RegressionTests/parser509693.ts,[],go-diff,rust-pass
conformance,parser/ecmascript5/RegressionTests/parser509698.ts,[],go-pass,rust-diff
conformance,parser/ecmascript5/RegressionTests/parser512084.ts,[],go-diff,rust-pass
conformance,parser/ecmascript5/RegressionTests/parser521128.ts,[],go-diff,rust-pass
conformance,parser/ecmascript5/RegressionTests/parser536727.ts,[],go-diff,rust-pass
conformance,parser/ecmascript5/RegressionTests/parser553699.ts,[],go-diff,rust-pass
conformance,parser/ecmascript5/RegressionTests/parser566700.ts,[],go-diff,rust-pass
conformance,parser/ecmascript5/RegressionTests/parser585151.ts,[],go-diff,rust-pass
conformance,parser/ecmascript5/RegressionTests/parser642331.ts,[],go-diff,rust-pass
conformance,parser/ecmascript5/RegressionTests/parser642331_1.ts,[],go-diff,rust-pass
conformance,parser/ecmascript5/RegressionTests/parser645086_1.ts,[],go-diff,rust-pass
conformance,parser/ecmascript5/RegressionTests/parser645086_2.ts,[],go-diff,rust-pass
conformance,parser/ecmascript5/RegressionTests/parserTernaryAndCommaOperators1.ts,[],go-diff,rust-pass
conformance,parser/ecmascript5/RegularExpressions/parserRegularExpression2.ts,[],go-diff,rust-pass
conformance,parser/ecmascript5/RegularExpressions/parserRegularExpression3.ts,[],go-diff,rust-pass
conformance,parser/ecmascript5/RegularExpressions/parserRegularExpression4.ts,[],go-diff,rust-pass
conformance,parser/ecmascript5/RegularExpressions/parserRegularExpression5.ts,[],go-diff,rust-pass
conformance,parser/ecmascript5/RegularExpressions/parserRegularExpressionDivideAmbiguity1.ts,[],go-diff,rust-pass
conformance,parser/ecmascript5/RegularExpressions/parserRegularExpressionDivideAmbiguity2.ts,[],go-diff,rust-pass
conformance,parser/ecmascript5/RegularExpressions/parserRegularExpressionDivideAmbiguity5.ts,[],go-diff,rust-pass
conformance,parser/ecmascript5/RegularExpressions/parserRegularExpressionDivideAmbiguity7.ts,[],go-diff,rust-pass
conformance,parser/ecmascript5/SkippedTokens/parserSkippedTokens1.ts,[],go-diff,rust-pass
conformance,parser/ecmascript5/SkippedTokens/parserSkippedTokens10.ts,[],go-diff,rust-pass
conformance,parser/ecmascript5/SkippedTokens/parserSkippedTokens11.ts,[],go-diff,rust-pass
conformance,parser/ecmascript5/SkippedTokens/parserSkippedTokens12.ts,[],go-diff,rust-pass
conformance,parser/ecmascript5/SkippedTokens/parserSkippedTokens13.ts,[],go-diff,rust-pass
conformance,parser/ecmascript5/SkippedTokens/parserSkippedTokens14.ts,[],go-diff,rust-pass
conformance,parser/ecmascript5/SkippedTokens/parserSkippedTokens15.ts,[],go-diff,rust-pass
conformance,parser/ecmascript5/SkippedTokens/parserSkippedTokens17.ts,[],go-diff,rust-pass
conformance,parser/ecmascript5/SkippedTokens/parserSkippedTokens18.ts,[],go-diff,rust-pass
conformance,parser/ecmascript5/SkippedTokens/parserSkippedTokens2.ts,[],go-diff,rust-pass
conformance,parser/ecmascript5/SkippedTokens/parserSkippedTokens3.ts,[],go-diff,rust-pass
conformance,parser/ecmascript5/SkippedTokens/parserSkippedTokens4.ts,[],go-diff,rust-pass
conformance,parser/ecmascript5/SkippedTokens/parserSkippedTokens5.ts,[],go-diff,rust-pass
conformance,parser/ecmascript5/SkippedTokens/parserSkippedTokens6.ts,[],go-diff,rust-pass
conformance,parser/ecmascript5/SkippedTokens/parserSkippedTokens7.ts,[],go-diff,rust-pass
conformance,parser/ecmascript5/SkippedTokens/parserSkippedTokens8.ts,[],go-diff,rust-pass
conformance,parser/ecmascript5/SkippedTokens/parserSkippedTokens9.ts,[],go-diff,rust-pass
conformance,parser/ecmascript5/Statements/BreakStatements/parser_breakInIterationOrSwitchStatement4.ts,[],go-diff,rust-pass
conformance,parser/ecmascript5/Statements/BreakStatements/parser_breakNotInIterationOrSwitchStatement1.ts,[],go-diff,rust-pass
conformance,parser/ecmascript5/Statements/BreakStatements/parser_breakNotInIterationOrSwitchStatement2.ts,[],go-diff,rust-pass
conformance,parser/ecmascript5/Statements/BreakStatements/parser_breakTarget5.ts,[],go-diff,rust-pass
conformance,parser/ecmascript5/Statements/BreakStatements/parser_breakTarget6.ts,[],go-diff,rust-pass
conformance,parser/ecmascript5/Statements/ContinueStatements/parser_continueInIterationStatement4.ts,[],go-diff,rust-pass
conformance,parser/ecmascript5/Statements/ContinueStatements/parser_continueNotInIterationStatement1.ts,[],go-diff,rust-pass
conformance,parser/ecmascript5/Statements/ContinueStatements/parser_continueNotInIterationStatement2.ts,[],go-diff,rust-pass
conformance,parser/ecmascript5/Statements/ContinueStatements/parser_continueNotInIterationStatement3.ts,[],go-diff,rust-pass
conformance,parser/ecmascript5/Statements/ContinueStatements/parser_continueTarget1.ts,[],go-diff,rust-pass
conformance,parser/ecmascript5/Statements/ContinueStatements/parser_continueTarget5.ts,[],go-diff,rust-pass
conformance,parser/ecmascript5/Statements/ContinueStatements/parser_continueTarget6.ts,[],go-diff,rust-pass
conformance,parser/ecmascript5/Statements/ReturnStatements/parserReturnStatement1.ts,[],go-diff,rust-pass
conformance,parser/ecmascript5/Statements/ReturnStatements/parserReturnStatement2.ts,[],go-diff,rust-pass
conformance,parser/ecmascript5/Statements/parserES5ForOfStatement10.ts,['target=es2015'],go-diff,rust-pass
conformance,parser/ecmascript5/Statements/parserES5ForOfStatement11.ts,['target=es2015'],go-diff,rust-pass
conformance,parser/ecmascript5/Statements/parserES5ForOfStatement12.ts,['target=es2015'],go-diff,rust-pass
conformance,parser/ecmascript5/Statements/parserES5ForOfStatement13.ts,['target=es2015'],go-diff,rust-pass
conformance,parser/ecmascript5/Statements/parserES5ForOfStatement14.ts,['target=es2015'],go-diff,rust-pass
conformance,parser/ecmascript5/Statements/parserES5ForOfStatement15.ts,['target=es2015'],go-diff,rust-pass
conformance,parser/ecmascript5/Statements/parserES5ForOfStatement16.ts,['target=es2015'],go-diff,rust-pass
conformance,parser/ecmascript5/Statements/parserES5ForOfStatement8.ts,['target=es2015'],go-diff,rust-pass
conformance,parser/ecmascript5/Statements/parserES5ForOfStatement9.ts,['target=es2015'],go-diff,rust-pass
conformance,parser/ecmascript5/Statements/parserIfStatement2.ts,[],go-diff,rust-pass
conformance,parser/ecmascript5/StrictMode/octalLiteralInStrictModeES3.ts,[],go-diff,rust-pass
conformance,parser/ecmascript5/StrictMode/parserStrictMode1.ts,[],go-diff,rust-pass
conformance,parser/ecmascript5/StrictMode/parserStrictMode15-negative.ts,[],go-diff,rust-pass
conformance,parser/ecmascript5/StrictMode/parserStrictMode15.ts,[],go-diff,rust-pass
conformance,parser/ecmascript5/StrictMode/parserStrictMode2.ts,[],go-diff,rust-pass
conformance,parser/ecmascript5/Symbols/parserES5SymbolProperty4.ts,['target=es2015'],go-diff,rust-pass
conformance,parser/ecmascript5/Symbols/parserES5SymbolProperty5.ts,['target=es2015'],go-diff,rust-pass
conformance,parser/ecmascript5/TupleTypes/TupleType4.ts,[],go-diff,rust-pass
conformance,parser/ecmascript5/Types/parserTypeQuery1.ts,[],go-diff,rust-pass
conformance,parser/ecmascript5/Types/parserTypeQuery2.ts,[],go-diff,rust-pass
conformance,parser/ecmascript5/Types/parserTypeQuery7.ts,[],go-diff,rust-pass
conformance,parser/ecmascript5/Types/parserTypeQuery9.ts,[],go-diff,rust-pass
conformance,parser/ecmascript5/VariableDeclarations/parserVariableDeclaration1.ts,[],go-diff,rust-pass
conformance,parser/ecmascript5/VariableDeclarations/parserVariableDeclaration2.ts,[],go-diff,rust-pass
conformance,parser/ecmascript5/VariableDeclarations/parserVariableDeclaration3.ts,[],go-diff,rust-pass
conformance,parser/ecmascript5/VariableDeclarations/parserVariableDeclaration6.ts,[],go-diff,rust-pass
conformance,parser/ecmascript5/parserAdditiveExpression1.ts,[],go-diff,rust-pass
conformance,parser/ecmascript5/parserExportAsFunctionIdentifier.ts,[],go-diff,rust-pass
conformance,parser/ecmascript5/parserImportDeclaration1.ts,[],go-diff,rust-pass
conformance,parser/ecmascript5/parserNoASIOnCallAfterFunctionExpression1.ts,[],go-diff,rust-pass
conformance,parser/ecmascript5/parserNotRegex1.ts,[],go-diff,rust-pass
conformance,parser/ecmascript5/parserObjectCreationArrayLiteral2.ts,[],go-diff,rust-pass
conformance,parser/ecmascript5/parserObjectCreationArrayLiteral4.ts,[],go-diff,rust-pass
conformance,parser/ecmascript5/parserS12.11_A3_T4.ts,[],go-diff,rust-pass
conformance,parser/ecmascript5/parserS7.2_A1.5_T2.ts,[],go-diff,rust-pass
conformance,parser/ecmascript5/parserS7.3_A1.1_T2.ts,[],go-diff,rust-pass
conformance,parser/ecmascript5/parservoidInQualifiedName1.ts,[],go-diff,rust-pass
conformance,parser/ecmascript5/parservoidInQualifiedName2.ts,[],go-diff,rust-pass
conformance,parser/ecmascript6/ComputedPropertyNames/parserComputedPropertyName10.ts,[],go-diff,rust-pass
conformance,parser/ecmascript6/ComputedPropertyNames/parserComputedPropertyName11.ts,[],go-diff,rust-pass
conformance,parser/ecmascript6/ComputedPropertyNames/parserComputedPropertyName12.ts,[],go-diff,rust-pass
conformance,parser/ecmascript6/ComputedPropertyNames/parserComputedPropertyName17.ts,[],go-diff,rust-pass
conformance,parser/ecmascript6/ComputedPropertyNames/parserComputedPropertyName2.ts,[],go-diff,rust-pass
conformance,parser/ecmascript6/ComputedPropertyNames/parserComputedPropertyName22.ts,[],go-diff,rust-pass
conformance,parser/ecmascript6/ComputedPropertyNames/parserComputedPropertyName23.ts,[],go-diff,rust-pass
conformance,parser/ecmascript6/ComputedPropertyNames/parserComputedPropertyName24.ts,[],go-diff,rust-pass
conformance,parser/ecmascript6/ComputedPropertyNames/parserComputedPropertyName25.ts,[],go-diff,rust-pass
conformance,parser/ecmascript6/ComputedPropertyNames/parserComputedPropertyName27.ts,[],go-diff,rust-pass
conformance,parser/ecmascript6/ComputedPropertyNames/parserComputedPropertyName28.ts,[],go-diff,rust-pass
conformance,parser/ecmascript6/ComputedPropertyNames/parserComputedPropertyName29.ts,[],go-diff,rust-pass
conformance,parser/ecmascript6/ComputedPropertyNames/parserComputedPropertyName3.ts,[],go-diff,rust-pass
conformance,parser/ecmascript6/ComputedPropertyNames/parserComputedPropertyName32.ts,[],go-diff,rust-pass
conformance,parser/ecmascript6/ComputedPropertyNames/parserComputedPropertyName33.ts,[],go-diff,rust-pass
conformance,parser/ecmascript6/ComputedPropertyNames/parserComputedPropertyName36.ts,[],go-diff,rust-pass
conformance,parser/ecmascript6/ComputedPropertyNames/parserComputedPropertyName37.ts,[],go-diff,rust-pass
conformance,parser/ecmascript6/ComputedPropertyNames/parserComputedPropertyName38.ts,[],go-diff,rust-pass
conformance,parser/ecmascript6/ComputedPropertyNames/parserComputedPropertyName39.ts,[],go-diff,rust-pass
conformance,parser/ecmascript6/ComputedPropertyNames/parserComputedPropertyName4.ts,[],go-diff,rust-pass
conformance,parser/ecmascript6/ComputedPropertyNames/parserComputedPropertyName40.ts,[],go-diff,rust-pass
conformance,parser/ecmascript6/ComputedPropertyNames/parserComputedPropertyName41.ts,[],go-diff,rust-pass
conformance,parser/ecmascript6/ComputedPropertyNames/parserComputedPropertyName6.ts,[],go-diff,rust-pass
conformance,parser/ecmascript6/ComputedPropertyNames/parserComputedPropertyName7.ts,[],go-diff,rust-pass
conformance,parser/ecmascript6/ComputedPropertyNames/parserComputedPropertyName8.ts,[],go-diff,rust-pass
conformance,parser/ecmascript6/ComputedPropertyNames/parserComputedPropertyName9.ts,[],go-diff,rust-pass
conformance,parser/ecmascript6/Iterators/parserForOfStatement10.ts,[],go-diff,rust-pass
conformance,parser/ecmascript6/Iterators/parserForOfStatement11.ts,[],go-diff,rust-pass
conformance,parser/ecmascript6/Iterators/parserForOfStatement12.ts,[],go-diff,rust-pass
conformance,parser/ecmascript6/Iterators/parserForOfStatement13.ts,[],go-diff,rust-pass
conformance,parser/ecmascript6/Iterators/parserForOfStatement14.ts,[],go-diff,rust-pass
conformance,parser/ecmascript6/Iterators/parserForOfStatement15.ts,[],go-diff,rust-pass
conformance,parser/ecmascript6/Iterators/parserForOfStatement16.ts,[],go-diff,rust-pass
conformance,parser/ecmascript6/Iterators/parserForOfStatement8.ts,[],go-diff,rust-pass
conformance,parser/ecmascript6/Iterators/parserForOfStatement9.ts,[],go-diff,rust-pass
conformance,parser/ecmascript6/Symbols/parserSymbolIndexer3.ts,[],go-pass,rust-diff
conformance,parser/ecmascript6/Symbols/parserSymbolProperty5.ts,[],go-diff,rust-pass
conformance,references/library-reference-1.ts,[],go-diff,rust-pass
conformance,references/library-reference-10.ts,[],go-diff,rust-pass
conformance,references/library-reference-15.ts,[],go-diff,rust-pass
conformance,salsa/propertyAssignmentUseParentType1.ts,[],go-pass,rust-diff
conformance,scanner/ecmascript3/scannerES3NumericLiteral2.ts,[],go-diff,rust-pass
conformance,scanner/ecmascript3/scannerES3NumericLiteral3.ts,[],go-diff,rust-pass
conformance,scanner/ecmascript5/scanner10.1.1-8gs.ts,[],go-diff,rust-pass
conformance,scanner/ecmascript5/scannerAdditiveExpression1.ts,[],go-diff,rust-pass
conformance,scanner/ecmascript5/scannerClass2.ts,[],go-diff,rust-pass
conformance,scanner/ecmascript5/scannerImportDeclaration1.ts,[],go-diff,rust-pass
conformance,scanner/ecmascript5/scannerNumericLiteral2.ts,['target=es2015'],go-diff,rust-pass
conformance,scanner/ecmascript5/scannerNumericLiteral3.ts,['target=es2015'],go-diff,rust-pass
conformance,scanner/ecmascript5/scannerNumericLiteral9.ts,['target=es2015'],go-diff,rust-pass
conformance,scanner/ecmascript5/scannerS7.2_A1.5_T2.ts,[],go-diff,rust-pass
conformance,scanner/ecmascript5/scannerS7.3_A1.1_T2.ts,[],go-diff,rust-pass
conformance,scanner/ecmascript5/scannerUnexpectedNullCharacter1.ts,[],go-diff,rust-pass
conformance,statements/VariableStatements/usingDeclarations/awaitUsingDeclarations.1.ts,['target=esnext'],skip-config,rust-pass
conformance,statements/VariableStatements/usingDeclarations/awaitUsingDeclarations.1.ts,['target=es2022'],skip-config,rust-pass
conformance,statements/VariableStatements/usingDeclarations/awaitUsingDeclarations.1.ts,['target=es2017'],skip-config,rust-pass
conformance,statements/VariableStatements/usingDeclarations/awaitUsingDeclarations.2.ts,['target=esnext'],skip-config,rust-pass
conformance,statements/VariableStatements/usingDeclarations/awaitUsingDeclarations.2.ts,['target=es2022'],skip-config,rust-pass
conformance,statements/VariableStatements/usingDeclarations/awaitUsingDeclarations.2.ts,['target=es2017'],skip-config,rust-pass
conformance,statements/VariableStatements/usingDeclarations/awaitUsingDeclarations.3.ts,['target=esnext'],skip-config,rust-pass
conformance,statements/VariableStatements/usingDeclarations/awaitUsingDeclarations.3.ts,['target=es2022'],skip-config,rust-pass
conformance,statements/VariableStatements/usingDeclarations/awaitUsingDeclarations.3.ts,['target=es2017'],skip-config,rust-pass
conformance,statements/VariableStatements/usingDeclarations/usingDeclarations.1.ts,['target=es2015'],skip-config,rust-pass
conformance,statements/VariableStatements/usingDeclarations/usingDeclarations.1.ts,['target=esnext'],skip-config,rust-pass
conformance,statements/VariableStatements/usingDeclarations/usingDeclarations.1.ts,['target=es2022'],skip-config,rust-pass
conformance,statements/VariableStatements/usingDeclarations/usingDeclarations.1.ts,['target=es2017'],skip-config,rust-pass
conformance,statements/VariableStatements/usingDeclarations/usingDeclarations.11.ts,['target=es2015'],skip-config,rust-pass
conformance,statements/VariableStatements/usingDeclarations/usingDeclarations.2.ts,['target=es2015'],skip-config,rust-pass
conformance,statements/VariableStatements/usingDeclarations/usingDeclarations.2.ts,['target=esnext'],skip-config,rust-pass
conformance,statements/VariableStatements/usingDeclarations/usingDeclarations.2.ts,['target=es2022'],skip-config,rust-pass
conformance,statements/VariableStatements/usingDeclarations/usingDeclarations.2.ts,['target=es2017'],skip-config,rust-pass
conformance,statements/VariableStatements/usingDeclarations/usingDeclarations.3.ts,['target=es2015'],skip-config,rust-pass
conformance,statements/VariableStatements/usingDeclarations/usingDeclarations.3.ts,['target=esnext'],skip-config,rust-pass
conformance,statements/VariableStatements/usingDeclarations/usingDeclarations.3.ts,['target=es2022'],skip-config,rust-pass
conformance,statements/VariableStatements/usingDeclarations/usingDeclarations.3.ts,['target=es2017'],skip-config,rust-pass
conformance,statements/VariableStatements/usingDeclarations/usingDeclarations.4.ts,[],skip-config,rust-pass
conformance,statements/VariableStatements/usingDeclarations/usingDeclarationsDeclarationEmit.1.ts,[],skip-config,rust-pass
conformance,statements/VariableStatements/usingDeclarations/usingDeclarationsDeclarationEmit.2.ts,[],skip-config,rust-pass
conformance,statements/for-inStatements/for-inStatementsArray.ts,[],go-pass,rust-diff
conformance,statements/for-inStatements/for-inStatementsAsyncIdentifier.ts,[],go-pass,rust-diff
conformance,statements/for-ofStatements/ES3For-ofTypeCheck4.ts,['target=es2015'],go-diff,rust-pass
conformance,statements/for-ofStatements/ES3For-ofTypeCheck6.ts,['target=es2015'],go-diff,rust-pass
conformance,statements/for-ofStatements/ES5For-ofTypeCheck4.ts,['target=es2015'],go-diff,rust-pass
conformance,statements/for-ofStatements/ES5For-ofTypeCheck5.ts,['target=es2015'],go-diff,rust-pass
conformance,statements/for-ofStatements/ES5For-ofTypeCheck6.ts,['target=es2015'],go-diff,rust-pass
conformance,statements/returnStatements/invalidReturnStatements.ts,[],go-diff,rust-pass
conformance,statements/returnStatements/returnStatements.ts,[],go-diff,rust-pass
conformance,types/asyncGenerators/types.asyncGenerators.es2018.1.ts,[],go-pass,rust-diff
conformance,types/conditional/inferTypesInvalidExtendsDeclaration.ts,[],go-diff,rust-pass
conformance,types/conditional/inferTypesWithExtends1.ts,[],go-pass,rust-diff
conformance,types/conditional/variance.ts,[],go-pass,rust-diff
conformance,types/contextualTypes/asyncFunctions/contextuallyTypeAsyncFunctionAwaitOperand.ts,[],go-pass,rust-diff
conformance,types/contextualTypes/asyncFunctions/contextuallyTypeAsyncFunctionReturnType.ts,[],go-pass,rust-diff
conformance,types/contextualTypes/logicalAnd/contextuallyTypeLogicalAnd01.ts,[],go-pass,rust-diff
conformance,types/contextualTypes/logicalAnd/contextuallyTypeLogicalAnd03.ts,[],go-diff,rust-pass
conformance,types/contextualTypes/methodDeclarations/contextuallyTypedClassExpressionMethodDeclaration02.ts,[],go-diff,rust-pass
conformance,types/contextualTypes/methodDeclarations/contextuallyTypedObjectLiteralMethodDeclaration01.ts,[],go-pass,rust-diff
conformance,types/forAwait/types.forAwait.es2018.1.ts,[],go-pass,rust-diff
conformance,types/import/importTypeAmbient.ts,[],go-diff,rust-pass
conformance,types/import/importTypeGenericTypes.ts,[],go-diff,rust-pass
conformance,types/import/importTypeLocal.ts,[],go-diff,rust-pass
conformance,types/intersection/intersectionThisTypes.ts,[],go-pass,rust-diff
conformance,types/intersection/intersectionTypeAssignment.ts,[],go-diff,rust-pass
conformance,types/intersection/intersectionTypeInference2.ts,[],go-pass,rust-diff
conformance,types/intersection/intersectionTypeMembers.ts,[],go-diff,rust-pass
conformance,types/intersection/operatorsAndIntersectionTypes.ts,[],go-pass,rust-diff
conformance,types/keyof/keyofAndForIn.ts,[],go-pass,rust-diff
conformance,types/literal/booleanLiteralTypes1.ts,[],go-pass,rust-diff
conformance,types/literal/booleanLiteralTypes2.ts,[],go-pass,rust-diff
conformance,types/literal/enumLiteralTypes1.ts,[],go-pass,rust-diff
conformance,types/literal/enumLiteralTypes2.ts,[],go-pass,rust-diff
conformance,types/literal/literalTypeWidening.ts,[],go-pass,rust-diff
conformance,types/literal/literalTypes2.ts,[],go-pass,rust-diff
conformance,types/literal/literalTypesAndDestructuring.ts,[],go-pass,rust-diff
conformance,types/literal/numericLiteralTypes1.ts,[],go-pass,rust-diff
conformance,types/literal/numericLiteralTypes2.ts,[],go-pass,rust-diff
conformance,types/literal/numericStringLiteralTypes.ts,[],go-pass,rust-diff
conformance,types/literal/stringEnumLiteralTypes1.ts,[],go-pass,rust-diff
conformance,types/literal/stringEnumLiteralTypes2.ts,[],go-pass,rust-diff
conformance,types/literal/stringLiteralsAssertionsInEqualityComparisons01.ts,[],go-pass,rust-diff
conformance,types/literal/stringLiteralsWithEqualityChecks01.ts,[],go-diff,rust-pass
conformance,types/literal/stringLiteralsWithEqualityChecks02.ts,[],go-diff,rust-pass
conformance,types/literal/stringLiteralsWithEqualityChecks03.ts,[],go-diff,rust-pass
conformance,types/literal/stringLiteralsWithEqualityChecks04.ts,[],go-diff,rust-pass
conformance,types/literal/stringLiteralsWithSwitchStatements02.ts,[],go-diff,rust-pass
conformance,types/literal/templateLiteralTypes6.ts,[],go-pass,rust-diff
conformance,types/literal/templateLiteralTypes8.ts,[],go-pass,rust-diff
conformance,types/localTypes/localTypes1.ts,['target=es2015'],go-diff,rust-pass
conformance,types/mapped/isomorphicMappedTypeInference.ts,[],go-pass,rust-diff
conformance,types/mapped/mappedTypes3.ts,[],go-diff,rust-pass
conformance,types/mapped/mappedTypesArraysTuples.ts,[],go-pass,rust-diff
conformance,types/mapped/mappedTypesGenericTuples2.ts,[],go-pass,rust-diff
conformance,types/members/augmentedTypeBracketAccessIndexSignature.ts,[],go-diff,rust-pass
conformance,types/members/classWithPrivateProperty.ts,[],go-diff,rust-pass
conformance,types/members/objectTypeHidingMembersOfObject.ts,[],go-diff,rust-pass
conformance,types/members/objectTypeWithCallSignatureAppearsToBeFunctionType.ts,[],go-diff,rust-pass
conformance,types/members/objectTypeWithCallSignatureHidingMembersOfExtendedFunction.ts,[],go-diff,rust-pass
conformance,types/members/objectTypeWithCallSignatureHidingMembersOfFunction.ts,[],go-diff,rust-pass
conformance,types/members/objectTypeWithNumericProperty.ts,[],go-diff,rust-pass
conformance,types/members/typesWithOptionalProperty.ts,[],go-pass,rust-diff
conformance,types/members/typesWithSpecializedConstructSignatures.ts,[],go-pass,rust-diff
conformance,types/namedTypes/classWithOnlyPublicMembersEquivalentToInterface.ts,['target=es2015'],go-diff,rust-pass
conformance,types/namedTypes/classWithOnlyPublicMembersEquivalentToInterface2.ts,['target=es2015'],go-diff,rust-pass
conformance,types/namedTypes/genericInstantiationEquivalentToObjectLiteral.ts,[],go-pass,rust-diff
conformance,types/never/neverIntersectionNotCallable.ts,[],go-diff,rust-pass
conformance,types/never/neverType.ts,[],go-pass,rust-diff
conformance,types/nonPrimitive/nonPrimitiveAndTypeVariables.ts,[],go-diff,rust-pass
conformance,types/nonPrimitive/nonPrimitiveAsProperty.ts,[],go-diff,rust-pass
conformance,types/nonPrimitive/nonPrimitiveConstraintOfIndexAccessType.ts,[],go-diff,rust-pass
conformance,types/nonPrimitive/nonPrimitiveInFunction.ts,[],go-diff,rust-pass
conformance,types/objectTypeLiteral/callSignatures/callSignaturesWithParameterInitializers.ts,[],go-diff,rust-pass
conformance,types/objectTypeLiteral/callSignatures/specializedSignatureIsNotSubtypeOfNonSpecializedSignature.ts,[],go-diff,rust-pass
conformance,types/objectTypeLiteral/callSignatures/typeParameterAsTypeArgument.ts,[],go-diff,rust-pass
conformance,types/objectTypeLiteral/callSignatures/typeParameterUsedAsTypeParameterConstraint4.ts,[],go-diff,rust-pass
conformance,types/objectTypeLiteral/indexSignatures/numericIndexingResults.ts,[],go-diff,rust-pass
conformance,types/objectTypeLiteral/indexSignatures/stringIndexingResults.ts,[],go-diff,rust-pass
conformance,types/objectTypeLiteral/methodSignatures/functionLiterals.ts,[],go-diff,rust-pass
conformance,types/objectTypeLiteral/propertySignatures/stringNamedPropertyAccess.ts,[],go-diff,rust-pass
conformance,types/primitives/boolean/assignFromBooleanInterface.ts,[],go-diff,rust-pass
conformance,types/primitives/boolean/boolInsteadOfBoolean.ts,[],go-diff,rust-pass
conformance,types/primitives/boolean/booleanPropertyAccess.ts,[],go-pass,rust-diff
conformance,types/primitives/null/directReferenceToNull.ts,[],go-diff,rust-pass
conformance,types/primitives/number/assignFromNumberInterface.ts,[],go-diff,rust-pass
conformance,types/primitives/number/numberPropertyAccess.ts,[],go-pass,rust-diff
conformance,types/primitives/string/assignFromStringInterface.ts,[],go-diff,rust-pass
conformance,types/primitives/string/stringPropertyAccess.ts,[],go-pass,rust-diff
conformance,types/primitives/undefined/directReferenceToUndefined.ts,[],go-diff,rust-pass
conformance,types/primitives/void/validVoidAssignments.ts,[],go-pass,rust-diff
conformance,types/primitives/void/validVoidValues.ts,[],go-diff,rust-pass
conformance,types/rest/genericRestParameters2.ts,[],go-pass,rust-diff
conformance,types/specifyingTypes/predefinedTypes/objectTypesWithPredefinedTypesAsName.ts,[],go-diff,rust-pass
conformance,types/specifyingTypes/typeLiterals/arrayOfFunctionTypes3.ts,[],go-diff,rust-pass
conformance,types/specifyingTypes/typeLiterals/arrayTypeOfFunctionTypes.ts,[],go-diff,rust-pass
conformance,types/specifyingTypes/typeLiterals/arrayTypeOfFunctionTypes2.ts,[],go-diff,rust-pass
conformance,types/specifyingTypes/typeLiterals/functionLiteralForOverloads.ts,[],go-pass,rust-diff
conformance,types/specifyingTypes/typeQueries/typeQueryWithReservedWords.ts,[],go-pass,rust-diff
conformance,types/specifyingTypes/typeQueries/typeofClassWithPrivates.ts,[],go-diff,rust-pass
conformance,types/specifyingTypes/typeQueries/typeofModuleWithoutExports.ts,[],go-diff,rust-pass
conformance,types/specifyingTypes/typeQueries/typeofThisWithImplicitThis.ts,[],go-pass,rust-diff
conformance,types/spread/objectSpread.ts,['target=es2015'],go-pass,rust-diff
conformance,types/spread/objectSpreadRepeatedComplexity.ts,[],go-pass,rust-diff
conformance,types/stringLiteral/stringLiteralMatchedInSwitch01.ts,[],go-diff,rust-pass
conformance,types/stringLiteral/stringLiteralTypeAssertion01.ts,[],go-diff,rust-pass
conformance,types/stringLiteral/stringLiteralTypesAsTypeParameterConstraint02.ts,[],go-pass,rust-diff
conformance,types/stringLiteral/stringLiteralTypesInVariableDeclarations01.ts,[],go-diff,rust-pass
conformance,types/stringLiteral/stringLiteralTypesOverloadAssignability01.ts,[],go-diff,rust-pass
conformance,types/stringLiteral/stringLiteralTypesOverloadAssignability02.ts,[],go-diff,rust-pass
conformance,types/stringLiteral/stringLiteralTypesOverloads03.ts,[],go-diff,rust-pass
conformance,types/stringLiteral/stringLiteralTypesOverloads04.ts,[],go-diff,rust-pass
conformance,types/stringLiteral/stringLiteralTypesOverloads05.ts,[],go-diff,rust-pass
conformance,types/stringLiteral/stringLiteralTypesWithTemplateStrings01.ts,[],go-pass,rust-diff
conformance,types/thisType/contextualThisType.ts,[],go-pass,rust-diff
conformance,types/thisType/fluentClasses.ts,[],go-diff,rust-pass
conformance,types/thisType/fluentInterfaces.ts,[],go-diff,rust-pass
conformance,types/thisType/inferThisType.ts,[],go-pass,rust-diff
conformance,types/thisType/thisTypeInObjectLiterals2.ts,['target=es2015'],go-pass,rust-diff
conformance,types/thisType/thisTypeInTaggedTemplateCall.ts,[],go-pass,rust-diff
conformance,types/thisType/thisTypeInTuples.ts,[],go-pass,rust-diff
conformance,types/tuple/named/partiallyNamedTuples.ts,[],go-pass,rust-diff
conformance,types/tuple/named/partiallyNamedTuples3.ts,[],go-pass,rust-diff
conformance,types/tuple/wideningTuples1.ts,[],go-pass,rust-diff
conformance,types/typeAliases/builtinIteratorReturn.ts,['strictbuiltiniteratorreturn=false'],go-pass,rust-diff
conformance,types/typeAliases/builtinIteratorReturn.ts,['strictbuiltiniteratorreturn=true'],go-pass,rust-diff
conformance,types/typeAliases/genericTypeAliases.ts,[],go-diff,rust-pass
conformance,types/typeAliases/typeAliases.ts,[],go-diff,rust-pass
conformance,types/typeAliases/typeAliasesForObjectTypes.ts,[],go-diff,rust-pass
conformance,types/typeParameters/typeArgumentLists/instantiateGenericClassWithWrongNumberOfTypeArguments.ts,[],go-diff,rust-pass
conformance,types/typeParameters/typeArgumentLists/instantiateGenericClassWithZeroTypeArguments.ts,[],go-diff,rust-pass
conformance,types/typeParameters/typeParameterLists/innerTypeParameterShadowingOuterOne.ts,[],go-diff,rust-pass
conformance,types/typeParameters/typeParameterLists/innerTypeParameterShadowingOuterOne2.ts,[],go-diff,rust-pass
conformance,types/typeParameters/typeParameterLists/typeParameterConstModifiersReturnsAndYields.ts,[],go-pass,rust-diff
conformance,types/typeParameters/typeParameterLists/typeParameterConstModifiersWithIntersection.ts,[],go-pass,rust-diff
conformance,types/typeParameters/typeParameterLists/typesWithDuplicateTypeParameters.ts,[],go-diff,rust-pass
conformance,types/typeRelationships/assignmentCompatibility/anyAssignabilityInInheritance.ts,[],go-pass,rust-diff
conformance,types/typeRelationships/assignmentCompatibility/anyAssignableToEveryType.ts,[],go-diff,rust-pass
conformance,types/typeRelationships/assignmentCompatibility/assignmentCompatWithCallSignatures.ts,[],go-diff,rust-pass
conformance,types/typeRelationships/assignmentCompatibility/assignmentCompatWithConstructSignatures.ts,[],go-diff,rust-pass
conformance,types/typeRelationships/assignmentCompatibility/assignmentCompatWithGenericCallSignatures.ts,[],go-diff,rust-pass
conformance,types/typeRelationships/assignmentCompatibility/assignmentCompatWithGenericCallSignatures3.ts,[],go-diff,rust-pass
conformance,types/typeRelationships/assignmentCompatibility/assignmentCompatWithObjectMembers5.ts,[],go-diff,rust-pass
conformance,types/typeRelationships/assignmentCompatibility/assignmentCompatWithObjectMembersNumericNames.ts,[],go-pass,rust-diff
conformance,types/typeRelationships/assignmentCompatibility/callSignatureAssignabilityInInheritance.ts,[],go-diff,rust-pass
conformance,types/typeRelationships/assignmentCompatibility/constructSignatureAssignabilityInInheritance.ts,[],go-diff,rust-pass
conformance,types/typeRelationships/assignmentCompatibility/numberAssignableToEnum.ts,[],go-diff,rust-pass
conformance,types/typeRelationships/assignmentCompatibility/typeParameterAssignability.ts,[],go-diff,rust-pass
conformance,types/typeRelationships/bestCommonType/arrayLiteralWithMultipleBestCommonTypes.ts,[],go-diff,rust-pass
conformance,types/typeRelationships/comparable/equalityWithUnionTypes01.ts,[],go-pass,rust-diff
conformance,types/typeRelationships/comparable/switchCaseWithIntersectionTypes01.ts,[],go-diff,rust-pass
conformance,types/typeRelationships/recursiveTypes/recursiveTypeInGenericConstraint.ts,[],go-diff,rust-pass
conformance,types/typeRelationships/subtypesAndSuperTypes/subtypingWithCallSignaturesA.ts,[],go-diff,rust-pass
conformance,types/typeRelationships/subtypesAndSuperTypes/subtypingWithCallSignaturesWithSpecializedSignatures.ts,[],go-diff,rust-pass
conformance,types/typeRelationships/subtypesAndSuperTypes/subtypingWithConstructSignatures.ts,[],go-diff,rust-pass
conformance,types/typeRelationships/subtypesAndSuperTypes/subtypingWithConstructSignatures2.ts,[],go-diff,rust-pass
conformance,types/typeRelationships/subtypesAndSuperTypes/subtypingWithConstructSignatures3.ts,[],go-diff,rust-pass
conformance,types/typeRelationships/subtypesAndSuperTypes/subtypingWithConstructSignaturesWithSpecializedSignatures.ts,[],go-diff,rust-pass
conformance,types/typeRelationships/subtypesAndSuperTypes/subtypingWithObjectMembers4.ts,[],go-diff,rust-pass
conformance,types/typeRelationships/subtypesAndSuperTypes/subtypingWithObjectMembersOptionality.ts,[],go-diff,rust-pass
conformance,types/typeRelationships/subtypesAndSuperTypes/subtypingWithObjectMembersOptionality2.ts,[],go-diff,rust-pass
conformance,types/typeRelationships/subtypesAndSuperTypes/subtypingWithOptionalProperties.ts,[],go-diff,rust-pass
conformance,types/typeRelationships/typeAndMemberIdentity/objectTypesIdentityWithCallSignatures3.ts,[],go-diff,rust-pass
conformance,types/typeRelationships/typeAndMemberIdentity/typeParametersAreIdenticalToThemselves.ts,[],go-pass,rust-diff
conformance,types/typeRelationships/typeAndMemberIdentity/unionTypeIdentity.ts,[],go-diff,rust-pass
conformance,types/typeRelationships/typeInference/discriminatedUnionInference.ts,[],go-pass,rust-diff
conformance,types/typeRelationships/typeInference/genericCallTypeArgumentInference.ts,[],go-pass,rust-diff
conformance,types/typeRelationships/typeInference/genericCallWithConstraintsTypeArgumentInference.ts,[],go-pass,rust-diff
conformance,types/typeRelationships/typeInference/genericCallWithGenericSignatureArguments.ts,[],go-pass,rust-diff
conformance,types/typeRelationships/typeInference/genericCallWithNonSymmetricSubtypes.ts,[],go-diff,rust-pass
conformance,types/typeRelationships/typeInference/genericCallWithObjectTypeArgs2.ts,[],go-diff,rust-pass
conformance,types/typeRelationships/typeInference/genericCallWithObjectTypeArgsAndConstraints.ts,[],go-diff,rust-pass
conformance,types/typeRelationships/typeInference/genericCallWithObjectTypeArgsAndConstraints2.ts,[],go-diff,rust-pass
conformance,types/typeRelationships/typeInference/genericCallWithObjectTypeArgsAndIndexers.ts,[],go-diff,rust-pass
conformance,types/typeRelationships/typeInference/genericCallWithObjectTypeArgsAndNumericIndexer.ts,[],go-diff,rust-pass
conformance,types/typeRelationships/typeInference/genericCallWithObjectTypeArgsAndStringIndexer.ts,[],go-diff,rust-pass
conformance,types/typeRelationships/typeInference/genericCallWithOverloadedFunctionTypedArguments.ts,[],go-pass,rust-diff
conformance,types/typeRelationships/typeInference/genericClassWithObjectTypeArgsAndConstraints.ts,[],go-diff,rust-pass
conformance,types/typeRelationships/typeInference/genericContextualTypes1.ts,[],go-pass,rust-diff
conformance,types/typeRelationships/typeInference/genericContextualTypes2.ts,[],go-pass,rust-diff
conformance,types/typeRelationships/typeInference/genericContextualTypes3.ts,[],go-pass,rust-diff
conformance,types/typeRelationships/typeInference/unionAndIntersectionInference2.ts,[],go-diff,rust-pass
conformance,types/typeRelationships/typeInference/unionAndIntersectionInference3.ts,[],go-pass,rust-diff
conformance,types/typeRelationships/widenedTypes/arrayLiteralWidened.ts,[],go-pass,rust-diff
conformance,types/typeRelationships/widenedTypes/strictNullChecksNoWidening.ts,[],go-pass,rust-diff
conformance,types/union/contextualTypeWithUnionTypeIndexSignatures.ts,[],go-pass,rust-diff
conformance,types/union/contextualTypeWithUnionTypeMembers.ts,[],go-diff,rust-pass
conformance,types/union/discriminatedUnionTypes1.ts,[],go-diff,rust-pass
conformance,types/union/discriminatedUnionTypes4.ts,[],go-pass,rust-diff
conformance,types/union/unionTypeCallSignatures2.ts,[],go-diff,rust-pass
conformance,types/union/unionTypeCallSignatures3.ts,[],go-diff,rust-pass
conformance,types/union/unionTypeEquivalence.ts,[],go-diff,rust-pass
conformance,types/union/unionTypeIndexSignature.ts,[],go-diff,rust-pass
conformance,typings/typingsLookup1.ts,[],go-pass,rust-diff
conformance,typings/typingsLookup3.ts,[],go-pass,rust-diff
conformance,typings/typingsLookup4.ts,[],go-pass,rust-diff
conformance,typings/typingsSuggestionBun1.ts,[],go-pass,rust-diff
conformance,typings/typingsSuggestionBun2.ts,[],go-pass,rust-diff
